2	-3.540130	.
3	-3.581700	▁
4	-3.807543	▁the
5	-3.832630	s
6	-3.843684	,
7	-4.289190	▁to
8	-4.362670	▁a
9	-4.564589	▁and
10	-4.631871	▁of
11	-4.646911	▁i
12	-4.671913	'
13	-4.848435	▁you
14	-4.861543	▁is
15	-4.904450	▁in
16	-4.954670	t
17	-4.971006	▁that
18	-5.075427	▁it
19	-5.351542	▁for
20	-5.480253	▁be
21	-5.530180	▁not
22	-5.574360	0
23	-5.600621	▁this
24	-5.606296	▁on
25	-5.644879	▁are
26	-5.648885	▁"
27	-5.656864	1
28	-5.663172	..
29	-5.717806	?
30	-5.767881	▁have
31	-5.804231	d
32	-5.824891	▁as
33	-5.830816	-
34	-5.877917	2
35	-5.910921	▁with
36	-5.921537	ing
37	-5.933437	ed
38	-5.985162	▁(
39	-5.987770	m
40	-5.994017	:
41	-6.043417	e
42	-6.050056	▁your
43	-6.054799	▁or
44	-6.095158	▁was
45	-6.099373	▁if
46	-6.108232	i
47	-6.118401	▁but
48	-6.169956	)
49	-6.170053	▁he
50	-6.197407	a
51	-6.204517	▁do
52	-6.205631	▁an
53	-6.212483	▁they
54	-6.229805	▁so
55	-6.275121	re
56	-6.332936	▁by
57	-6.337463	▁can
58	-6.345932	▁all
59	-6.346984	▁what
60	-6.358932	▁at
61	-6.362561	▁from
62	-6.369601	▁me
63	-6.379099	▁no
64	-6.384060	y
65	-6.392260	!
66	-6.434634	▁my
67	-6.436035	▁""
68	-6.445121	▁article
69	-6.448227	▁we
70	-6.454915	▁about
71	-6.463713	▁will
72	-6.497173	▁like
73	-6.511609	n
74	-6.532594	▁there
75	-6.554914	▁has
76	-6.582848	▁would
77	-6.608651	5
78	-6.632381	▁just
79	-6.646330	3
80	-6.646883	▁who
81	-6.646913	""
82	-6.648342	▁one
83	-6.657003	9
84	-6.673238	ly
85	-6.682914	er
86	-6.710510	4
87	-6.721314	▁page
88	-6.723885	o
89	-6.742539	r
90	-6.759134	▁people
91	-6.760447	▁more
92	-6.777720	▁don
93	-6.798794	▁wikipedia
94	-6.821513	▁his
95	-6.821994	▁their
96	-6.856343	▁-
97	-6.858308	"
98	-6.889937	▁out
99	-6.900170	▁should
100	-6.913666	6
101	-6.922650	▁up
102	-6.922731	7
103	-6.925626	al
104	-6.926661	▁any
105	-6.949521	▁been
106	-6.962043	8
107	-6.976058	▁how
108	-6.979658	k
109	-6.996766	ve
110	-7.000304	▁de
111	-7.006801	▁some
112	-7.016248	▁other
113	-7.032244	▁think
114	-7.041045	▁है
115	-7.042335	▁when
116	-7.077816	▁please
117	-7.083409	▁which
118	-7.115218	▁because
119	-7.117698	▁know
120	-7.119287	▁talk
121	-7.125185	▁see
122	-7.125738	▁re
123	-7.125862	▁here
124	-7.126485	▁than
125	-7.126745	ne
126	-7.126930	▁get
127	-7.127946	c
128	-7.152406	u
129	-7.160011	/
130	-7.161123	▁only
131	-7.164218	▁un
132	-7.166116	na
133	-7.170519	▁time
134	-7.171215	g
135	-7.172165	l
136	-7.177869	▁them
137	-7.178410	ta
138	-7.179485	▁why
139	-7.186342	▁ka
140	-7.197878	in
141	-7.204709	p
142	-7.221895	es
143	-7.245433	▁am
144	-7.250232	▁also
145	-7.254182	▁were
146	-7.258810	▁now
147	-7.264334	ll
148	-7.290982	ra
149	-7.300432	an
150	-7.323785	▁then
151	-7.324522	h
152	-7.330676	th
153	-7.335567	▁la
154	-7.336804	▁good
155	-7.343738	▁did
156	-7.349391	de
157	-7.353560	▁go
158	-7.363881	la
159	-7.368469	en
160	-7.369388	b
161	-7.373685	▁our
162	-7.374874	▁se
163	-7.375773	▁even
164	-7.389077	▁being
165	-7.389337	▁e
166	-7.403106	▁@
167	-7.404980	le
168	-7.405567	▁make
169	-7.411265	▁trump
170	-7.413377	▁had
171	-7.415992	▁us
172	-7.416827	ya
173	-7.435580	da
174	-7.437518	▁over
175	-7.445662	va
176	-7.456994	;
177	-7.459718	ri
178	-7.461804	▁use
179	-7.477424	di
180	-7.480048	▁these
181	-7.483364	ti
182	-7.495165	▁want
183	-7.496142	▁well
184	-7.511693	ma
185	-7.512114	▁may
186	-7.516200	▁ko
187	-7.520850	▁के
188	-7.533896	▁na
189	-7.534468	▁way
190	-7.539819	te
191	-7.542778	▁does
192	-7.543076	▁ni
193	-7.544539	▁very
194	-7.549823	▁need
195	-7.555251	▁could
196	-7.561759	▁those
197	-7.564581	ka
198	-7.569355	ru
199	-7.574391	▁right
200	-7.575181	▁many
201	-7.579491	▁much
202	-7.581874	li
203	-7.587614	ni
204	-7.595482	▁..
205	-7.598787	f
206	-7.599112	the
207	-7.602396	or
208	-7.611422	du
209	-7.613956	▁ke
210	-7.615976	▁say
211	-7.625909	ge
212	-7.628346	▁she
213	-7.632628	▁en
214	-7.635319	ar
215	-7.642741	_
216	-7.644990	▁man
217	-7.666001	v
218	-7.672989	▁new
219	-7.679748	▁ma
220	-7.682394	▁edit
221	-7.687718	▁where
222	-7.693861	▁hai
223	-7.696942	▁hi
224	-7.701371	▁back
225	-7.703646	it
226	-7.705101	▁him
227	-7.707842	▁की
228	-7.708219	▁ho
229	-7.711490	▁most
230	-7.712031	▁ki
231	-7.712833	▁into
232	-7.730346	▁first
233	-7.736715	▁le
234	-7.748711	▁u
235	-7.749157	▁really
236	-7.755616	ga
237	-7.759239	▁sa
238	-7.764532	▁same
239	-7.769822	▁such
240	-7.772206	ro
241	-7.773443	w
242	-7.776031	▁her
243	-7.779871	lo
244	-7.780990	tu
245	-7.788040	ha
246	-7.798562	▁di
247	-7.815993	▁c
248	-7.819987	▁thanks
249	-7.820212	▁work
250	-7.821058	▁take
251	-7.822338	▁too
252	-7.827359	▁going
253	-7.831150	no
254	-7.835083	▁va
255	-7.841088	▁h
256	-7.843562	▁को
257	-7.853142	▁help
258	-7.854131	vi
259	-7.863264	▁articles
260	-7.866510	▁में
261	-7.867671	▁after
262	-7.871408	il
263	-7.871723	▁da
264	-7.875710	▁ha
265	-7.877605	▁own
266	-7.885249	ki
267	-7.885511	▁made
268	-7.887289	▁again
269	-7.887436	).
270	-7.888705	ers
271	-7.891913	lu
272	-7.894783	ke
273	-7.897695	▁still
274	-7.898331	▁o
275	-7.908212	url
276	-7.919381	to
277	-7.919772	▁said
278	-7.920117	▁का
279	-7.923084	▁years
280	-7.928421	j
281	-7.929197	▁name
282	-7.934167	▁never
283	-7.934207	▁से
284	-7.934230	▁che
285	-7.935059	▁pa
286	-7.937883	▁look
287	-7.943263	▁point
288	-7.956208	▁before
289	-7.959961	on
290	-7.975392	▁information
291	-7.977024	▁let
292	-7.977376	▁user
293	-7.987002	▁read
294	-7.988567	user
295	-7.994054	am
296	-7.994463	▁find
297	-8.001798	▁its
298	-8.003916	!!
299	-8.004205	▁ne
300	-8.014432	▁thank
301	-8.019319	▁fact
302	-8.019365	▁since
303	-8.019403	न
304	-8.021194	▁state
305	-8.024901	▁put
306	-8.026430	▁aa
307	-8.028887	▁someone
308	-8.032924	▁under
309	-8.033253	ch
310	-8.035445	ation
311	-8.036275	▁po
312	-8.040428	z
313	-8.043201	ം
314	-8.044158	ल
315	-8.048922	nu
316	-8.051497	▁another
317	-8.052331	र
318	-8.053182	▁part
319	-8.055861	▁two
320	-8.060281	ು
321	-8.061677	▁comment
322	-8.063457	se
323	-8.065898	man
324	-8.070468	▁something
325	-8.072728	▁used
326	-8.073111	thu
327	-8.074261	▁off
328	-8.078026	▁better
329	-8.078983	▁person
330	-8.080802	un
331	-8.085996	▁p
332	-8.086726	▁kar
333	-8.088284	▁doesn
334	-8.089487	▁government
335	-8.098812	▁तो
336	-8.098933	ी
337	-8.099616	▁vi
338	-8.105044	he
339	-8.105466	▁believe
340	-8.106514	pa
341	-8.107599	ion
342	-8.109602	▁b
343	-8.114247	▁deletion
344	-8.126277	▁world
345	-8.127870	▁pe
346	-8.131738	▁bad
347	-8.133216	cha
348	-8.135894	▁nothing
349	-8.136041	▁sure
350	-8.140268	▁sources
351	-8.140843	x
352	-8.143502	do
353	-8.145926	and
354	-8.146132	▁su
355	-8.146273	▁stop
356	-8.147229	%
357	-8.151500	me
358	-8.159915	▁while
359	-8.164523	at
360	-8.166523	▁source
361	-8.167303	."
362	-8.167560	▁ja
363	-8.168604	ம்
364	-8.168802	▁#
365	-8.169002	ದ
366	-8.172318	▁without
367	-8.174334	▁con
368	-8.176814	▁ee
369	-8.178122	▁per
370	-8.191144	▁come
371	-8.191512	ttu
372	-8.191550	▁que
373	-8.194867	▁thing
374	-8.195320	▁down
375	-8.197984	▁actually
376	-8.209081	able
377	-8.210586	▁every
378	-8.212247	▁section
379	-8.215106	▁problem
380	-8.215823	▁oru
381	-8.223308	▁keep
382	-8.227118	▁might
383	-8.231051	▁cha
384	-8.231699	us
385	-8.233314	▁anything
386	-8.237366	▁last
387	-8.237699	▁didn
388	-8.242578	ಯ
389	-8.242790	▁lo
390	-8.243862	tha
391	-8.243912	▁wp
392	-8.245352	▁pay
393	-8.248767	▁best
394	-8.248857	kka
395	-8.253169	▁long
396	-8.254810	▁हो
397	-8.255133	ने
398	-8.255667	त
399	-8.256812	▁co
400	-8.257002	▁both
401	-8.257426	▁place
402	-8.257603	▁against
403	-8.259237	is
404	-8.259406	▁support
405	-8.260684	ን
406	-8.260805	▁free
407	-8.263480	ರ
408	-8.263812	▁add
409	-8.264094	▁understand
410	-8.266178	म
411	-8.266957	▁editing
412	-8.270954	▁image
413	-8.273424	▁things
414	-8.273505	ko
415	-8.273899	ment
416	-8.274979	gu
417	-8.277157	▁done
418	-8.277852	▁discussion
419	-8.278663	क
420	-8.279808	▁k
421	-8.280122	mo
422	-8.280403	▁tu
423	-8.285097	▁n
424	-8.285356	ku
425	-8.286843	▁money
426	-8.290268	ic
427	-8.293779	’
428	-8.294062	ു
429	-8.302366	▁real
430	-8.304271	▁day
431	-8.304514	▁love
432	-8.304951	▁pages
433	-8.308382	talk
434	-8.310055	▁great
435	-8.310466	as
436	-8.312857	▁change
437	-8.313043	▁question
438	-8.319113	▁hope
439	-8.320080	▁g
440	-8.321652	▁far
441	-8.322742	chi
442	-8.323173	▁non
443	-8.323435	ck
444	-8.325377	▁care
445	-8.327342	▁mi
446	-8.327677	be
447	-8.328156	co
448	-8.328675	▁feel
449	-8.329089	▁little
450	-8.329288	▁भी
451	-8.330425	▁case
452	-8.330529	▁anyone
453	-8.331838	▁got
454	-8.335923	▁reason
455	-8.336608	▁post
456	-8.337994	।
457	-8.343060	si
458	-8.345468	లు
459	-8.346848	▁wrong
460	-8.350808	▁edits
461	-8.351763	▁give
462	-8.352548	▁नहीं
463	-8.353087	ba
464	-8.355226	ல
465	-8.357327	▁country
466	-8.359580	▁agree
467	-8.361594	▁seems
468	-8.361789	▁year
469	-8.362600	▁life
470	-8.363290	▁must
471	-8.363550	▁tax
472	-8.366096	gi
473	-8.366531	▁history
474	-8.369091	ा
475	-8.369568	sa
476	-8.369880	el
477	-8.371827	▁link
478	-8.373754	▁और
479	-8.376336	po
480	-8.377934	▁deleted
481	-8.383246	▁mo
482	-8.384412	▁war
483	-8.385118	ॻ
484	-8.386598	um
485	-8.387304	▁already
486	-8.388936	ना
487	-8.392861	ೋ
488	-8.393374	▁ba
489	-8.396337	▁comments
490	-8.397671	tta
491	-8.403512	▁ta
492	-8.407961	ity
493	-8.413175	▁ga
494	-8.413217	ാ
495	-8.414820	ism
496	-8.417005	े
497	-8.417115	(
498	-8.418164	▁pi
499	-8.421230	thi
500	-8.423320	▁list
501	-8.425334	▁ti
502	-8.426106	lla
503	-8.429777	േ
504	-8.431215	),
505	-8.434914	go
506	-8.436882	‌
507	-8.437660	▁bhi
508	-8.438363	▁however
509	-8.439461	▁ಅ
510	-8.440428	▁y
511	-8.440536	▁tha
512	-8.442356	▁left
513	-8.443852	ನ
514	-8.446377	▁few
515	-8.450164	▁ever
516	-8.450819	▁doing
517	-8.451955	ting
518	-8.453495	▁ya
519	-8.454911	▁issue
520	-8.455497	▁content
521	-8.456471	▁si
522	-8.456624	ist
523	-8.460279	▁par
524	-8.461265	▁yes
525	-8.462167	mi
526	-8.463358	▁naa
527	-8.465834	▁कर
528	-8.467619	▁हैं
529	-8.472589	▁big
530	-8.473845	▁ra
531	-8.475737	▁public
532	-8.479868	▁enough
533	-8.481028	▁ku
534	-8.485248	▁trying
535	-8.490199	ja
536	-8.490221	▁lot
537	-8.490650	▁always
538	-8.493151	स
539	-8.494583	▁white
540	-8.496988	▁different
541	-8.496993	▁|
542	-8.498169	ன்
543	-8.498209	ir
544	-8.501456	▁wiki
545	-8.502955	▁mean
546	-8.503798	▁ask
547	-8.503939	▁ve
548	-8.504352	ate
549	-8.507865	н
550	-8.509209	ಿ
551	-8.511941	▁maybe
552	-8.513013	▁media
553	-8.513072	ர்
554	-8.523001	▁end
555	-8.529185	▁tell
556	-8.529358	ry
557	-8.530415	▁using
558	-8.530954	▁around
559	-8.531677	▁f
560	-8.531759	▁ആ
561	-8.532480	ವ
562	-8.534883	▁die
563	-8.537976	ం
564	-8.538450	ता
565	-8.538785	▁isn
566	-8.539549	▁d
567	-8.542554	▁personal
568	-8.546543	ት
569	-8.547427	kku
570	-8.548968	▁$
571	-8.550613	▁canada
572	-8.551806	▁law
573	-8.556197	▁making
574	-8.558754	▁stupid
575	-8.559285	ho
576	-8.559476	sh
577	-8.560216	▁try
578	-8.562052	ಾ
579	-8.562935	▁पर
580	-8.564335	▁else
581	-8.565052	▁సమస్యలు
582	-8.565256	▁show
583	-8.565733	ca
584	-8.566954	▁samasyalu
585	-8.567979	▁subject
586	-8.568964	▁yet
587	-8.571964	т
588	-8.573504	▁through
589	-8.574856	▁el
590	-8.575112	▁note
591	-8.575712	து
592	-8.575812	▁l
593	-8.577919	ं
594	-8.578272	▁others
595	-8.582176	ee
596	-8.582266	▁least
597	-8.582734	▁old
598	-8.584090	ye
599	-8.584927	ो
600	-8.590468	യ
601	-8.591486	▁&
602	-8.592501	▁main
603	-8.598378	est
604	-8.599690	ter
605	-8.600697	▁policy
606	-8.600997	▁அ
607	-8.601822	▁rather
608	-8.602124	▁bar
609	-8.602422	▁blocked
610	-8.602656	os
611	-8.602661	ive
612	-8.603085	▁block
613	-8.604575	▁welcome
614	-8.606546	ர
615	-8.609901	ज
616	-8.611568	▁അ
617	-8.611847	rs
618	-8.611855	▁president
619	-8.614350	▁pro
620	-8.615451	aa
621	-8.615604	▁though
622	-8.616519	й
623	-8.618480	▁added
624	-8.620383	▁r
625	-8.621533	▁removed
626	-8.621673	▁yourself
627	-8.621846	🌹
628	-8.622637	▁du
629	-8.622755	▁ye
630	-8.623784	ों
631	-8.627680	▁నీ
632	-8.629662	▁etc
633	-8.630811	▁ge
634	-8.631654	kk
635	-8.632966	▁either
636	-8.633286	utc
637	-8.635998	nt
638	-8.639006	ce
639	-8.639920	м
640	-8.641762	▁probably
641	-8.642407	??
642	-8.643553	ul
643	-8.643925	▁won
644	-8.646110	ል
645	-8.648149	്
646	-8.648634	ங்க
647	-8.649113	க்க
648	-8.649199	▁found
649	-8.651719	che
650	-8.652257	▁matter
651	-8.653622	▁level
652	-8.653738	▁mass
653	-8.654566	▁mu
654	-8.656604	▁tag
655	-8.657202	▁needs
656	-8.657434	е
657	-8.659085	ur
658	-8.659621	▁thought
659	-8.664372	ని
660	-8.666699	dha
661	-8.670796	▁al
662	-8.680024	▁nahi
663	-8.681226	▁start
664	-8.681304	▁simply
665	-8.681306	▁less
666	-8.682633	▁आ
667	-8.684711	▁news
668	-8.685901	▁leave
669	-8.686298	ness
670	-8.686541	▁ro
671	-8.687200	▁next
672	-8.691067	nd
673	-8.691152	க
674	-8.692287	ய
675	-8.695207	ም
676	-8.695235	▁having
677	-8.695341	▁v
678	-8.695826	pi
679	-8.696774	▁true
680	-8.697107	▁fair
681	-8.700488	▁mar
682	-8.700809	▁continue
683	-8.701416	▁party
684	-8.702600	▁getting
685	-8.707026	▁super
686	-8.708177	▁w
687	-8.708211	su
688	-8.708256	▁mind
689	-8.708837	mp
690	-8.708981	ರ್
691	-8.709075	வ
692	-8.709471	▁m
693	-8.709942	hi
694	-8.710425	▁bit
695	-8.711175	et
696	-8.711348	▁jo
697	-8.711445	ల
698	-8.711588	ट
699	-8.715584	రు
700	-8.716038	vu
701	-8.719270	▁sorry
702	-8.720519	chu
703	-8.720914	ೇ
704	-8.724532	ര
705	-8.724686	к
706	-8.724943	ling
707	-8.725207	▁editors
708	-8.725509	ada
709	-8.727113	▁american
710	-8.728601	ु
711	-8.728869	ോ
712	-8.728961	▁dis
713	-8.729773	▁says
714	-8.731480	▁between
715	-8.731712	▁call
716	-8.732667	▁fuck
717	-8.732910	ರಿ
718	-8.733684	>
719	-8.735387	▁system
720	-8.735979	▁oh
721	-8.736753	ent
722	-8.737643	▁saying
723	-8.740230	▁black
724	-8.741193	▁kind
725	-8.741988	ies
726	-8.742178	▁te
727	-8.742291	▁god
728	-8.744306	▁car
729	-8.747282	▁until
730	-8.747339	▁ही
731	-8.748539	▁course
732	-8.748609	▁word
733	-8.749016	▁pre
734	-8.749684	▁power
735	-8.751251	▁instead
736	-8.751607	️
737	-8.751871	▁opinion
738	-8.752385	▁க
739	-8.752883	ci
740	-8.752912	aru
741	-8.759722	pe
742	-8.764212	dhu
743	-8.765711	с
744	-8.766854	▁school
745	-8.766869	க்கு
746	-8.766981	ty
747	-8.769263	]
748	-8.769779	"".
749	-8.770755	nn
750	-8.772368	▁home
751	-8.773870	▁pu
752	-8.776402	ak
753	-8.776866	▁check
754	-8.778913	▁away
755	-8.780267	ana
756	-8.780479	iya
757	-8.780560	▁sha
758	-8.780709	▁live
759	-8.781017	age
760	-8.781596	ర
761	-8.782786	▁everyone
762	-8.783340	ರು
763	-8.785015	ton
764	-8.785827	nnu
765	-8.786010	▁states
766	-8.787315	nna
767	-8.788701	▁example
768	-8.790434	р
769	-8.791846	▁once
770	-8.792782	▁hate
771	-8.793494	ക്ക
772	-8.793910	ర్
773	-8.796112	▁bi
774	-8.796265	▁view
775	-8.797533	▁consider
776	-8.799714	▁called
777	-8.800664	▁seem
778	-8.802386	▁የ
779	-8.802700	ல்
780	-8.803597	▁above
781	-8.803932	▁vote
782	-8.809404	▁women
783	-8.809862	▁given
784	-8.811176	▁idea
785	-8.811837	▁illa
786	-8.812324	▁job
787	-8.812555	▁clear
788	-8.812706	ನ್
789	-8.813048	▁j
790	-8.814835	ർ
791	-8.816023	ൻ
792	-8.816501	ॼ
793	-8.817184	▁correct
794	-8.819091	ത്
795	-8.820779	ara
796	-8.821029	.""
797	-8.821140	▁remove
798	-8.821218	*
799	-8.823554	▁ban
800	-8.825130	ary
801	-8.825751	▁ok
802	-8.827114	▁😂😂
803	-8.827370	▁chi
804	-8.828664	▁makes
805	-8.830054	▁hard
806	-8.830401	▁pra
807	-8.831672	ut
808	-8.832848	▁je
809	-8.833703	▁number
810	-8.835283	▁perhaps
811	-8.835687	tti
812	-8.839242	స్
813	-8.841612	▁ca
814	-8.842004	up
815	-8.842052	▁links
816	-8.842235	प
817	-8.843529	ू
818	-8.844176	▁mr
819	-8.845086	ted
820	-8.845170	▁political
821	-8.845505	ಲ್ಲ
822	-8.846540	var
823	-8.847142	▁cannot
824	-8.848973	ല
825	-8.851244	ol
826	-8.852156	▁chu
827	-8.853387	▁“
828	-8.854714	ran
829	-8.855009	we
830	-8.855865	▁tan
831	-8.856500	wa
832	-8.856797	▁important
833	-8.859369	டி
834	-8.859456	▁anti
835	-8.861593	▁times
836	-8.864255	の
837	-8.866708	ster
838	-8.869740	▁bo
839	-8.871501	▁means
840	-8.872015	é
841	-8.872966	▁—
842	-8.875596	▁high
843	-8.877480	ते
844	-8.877591	ine
845	-8.878045	▁text
846	-8.878681	▁evidence
847	-8.879901	▁li
848	-8.881045	▁ப
849	-8.882383	ane
850	-8.883231	ും
851	-8.888208	▁வ
852	-8.888618	▁vandalism
853	-8.889107	▁guy
854	-8.889806	న
855	-8.890023	so
856	-8.893340	▁city
857	-8.894111	▁mad
858	-8.895053	▁copyright
859	-8.896831	ad
860	-8.897642	ಗೆ
861	-8.898228	ಸ್
862	-8.898629	್
863	-8.898800	ng
864	-8.900673	▁move
865	-8.901177	▁questions
866	-8.903720	ava
867	-8.905917	я
868	-8.905919	ി
869	-8.905931	▁write
870	-8.908057	ೆ
871	-8.908367	▁అ
872	-8.908375	▁each
873	-8.912629	contribution
874	-8.912669	व
875	-8.913370	▁term
876	-8.914258	▁para
877	-8.914753	▁ഒരു
878	-8.914884	▁ಮ
879	-8.915204	▁past
880	-8.915342	മ
881	-8.915866	▁movie
882	-8.916606	▁account
883	-8.917815	వ
884	-8.919232	▁clearly
885	-8.919503	▁group
886	-8.919521	ла
887	-8.920117	id
888	-8.921329	▁क्या
889	-8.921721	െ
890	-8.923831	డు
891	-8.924308	▁thala
892	-8.924516	▁business
893	-8.924945	ೀ
894	-8.926576	aga
895	-8.927031	ా
896	-8.928119	pu
897	-8.930087	▁hu
898	-8.931556	▁<
899	-8.933420	▁based
900	-8.934034	▁•
901	-8.936054	▁quite
902	-8.936581	ला
903	-8.941936	▁san
904	-8.943664	▁today
905	-8.943913	ous
906	-8.944535	ग
907	-8.944604	▁mention
908	-8.945053	tan
909	-8.945794	▁kee
910	-8.946437	▁second
911	-8.946897	▁whole
912	-8.950869	▁ಇ
913	-8.950932	▁editor
914	-8.953404	▁order
915	-8.953853	▁line
916	-8.954220	ten
917	-8.955505	▁words
918	-8.957092	वा
919	-8.957729	ക
920	-8.959492	▁sense
921	-8.959731	ai
922	-8.960192	ff
923	-8.960454	▁ip
924	-8.960875	ው
925	-8.961173	▁created
926	-8.962396	▁full
927	-8.964006	▁research
928	-8.965454	▁run
929	-8.965601	▁ने
930	-8.966009	son
931	-8.967227	▁एक
932	-8.967417	ver
933	-8.967772	bo
934	-8.969104	▁english
935	-8.969728	▁claim
936	-8.971196	▁சூப்பர்
937	-8.971200	ant
938	-8.972306	ह
939	-8.973043	▁в
940	-8.973662	▁whether
941	-8.974977	▁ಆ
942	-8.975028	ndi
943	-8.976528	▁deal
944	-8.977004	vo
945	-8.977407	▁house
946	-8.978381	▁answer
947	-8.978498	ன
948	-8.979391	▁hand
949	-8.984337	▁style
950	-8.984356	▁site
951	-8.984897	▁review
952	-8.985580	ey
953	-8.985843	ali
954	-8.986340	ful
955	-8.986919	▁book
956	-8.987115	ت
957	-8.987702	ish
958	-8.989012	▁reference
959	-8.990423	▁speedy
960	-8.990643	ಸ
961	-8.990979	റ
962	-8.991043	ie
963	-8.991619	द
964	-8.991643	▁trailer
965	-8.991777	▁न
966	-8.992642	വ
967	-8.992791	▁und
968	-8.994586	ക്ക്
969	-8.995975	▁obama
970	-8.996479	▁self
971	-8.996704	▁family
972	-8.996843	▁ال
973	-8.998965	▁story
974	-9.000558	ia
975	-9.001613	ala
976	-9.002203	ari
977	-9.003884	▁fa
978	-9.004699	ah
979	-9.005003	▁facts
980	-9.005115	▁es
981	-9.005692	▁अ
982	-9.006876	ड
983	-9.006977	▁current
984	-9.008332	▁nice
985	-9.009097	less
986	-9.009299	▁america
987	-9.010814	▁guess
988	-9.011896	ಲಿ
989	-9.014065	▁three
990	-9.016377	▁seen
991	-9.016907	ട
992	-9.017001	▁original
993	-9.018426	▁nu
994	-9.019769	மா
995	-9.019855	ಲ
996	-9.021253	யா
997	-9.024740	▁sign
998	-9.027498	bi
999	-9.028270	▁ago
1000	-9.028325	ated
1001	-9.029429	com
1002	-9.031724	gan
1003	-9.032200	▁ಕ
1004	-9.033918	▁suuper
1005	-9.034312	▁days
1006	-9.035209	ब
1007	-9.035378	▁men
1008	-9.035808	▁message
1009	-9.035863	ീ
1010	-9.037337	ಕ
1011	-9.041164	रा
1012	-9.041381	▁title
1013	-9.041533	▁everything
1014	-9.042048	ра
1015	-9.042448	nk
1016	-9.043327	”
1017	-9.043826	▁request
1018	-9.043874	▁నా
1019	-9.043935	▁ब
1020	-9.043966	alu
1021	-9.044822	▁further
1022	-9.046116	ரு
1023	-9.046810	ayi
1024	-9.047926	з
1025	-9.048016	л
1026	-9.048860	one
1027	-9.049123	▁general
1028	-9.049307	ட்டு
1029	-9.050630	number
1030	-9.050833	ட
1031	-9.050961	lli
1032	-9.052237	ppa
1033	-9.053379	▁top
1034	-9.054539	yi
1035	-9.054626	▁provide
1036	-9.054708	▁sir
1037	-9.054746	yan
1038	-9.055383	▁happy
1039	-9.055479	▁reliable
1040	-9.060029	▁😡😡
1041	-9.060330	ር
1042	-9.060857	▁*
1043	-9.060937	▁issues
1044	-9.061878	▁material
1045	-9.061950	hu
1046	-9.065884	ance
1047	-9.066355	▁በ
1048	-9.067233	im
1049	-9.067926	▁truth
1050	-9.067997	▁anta
1051	-9.068086	van
1052	-9.068154	▁sub
1053	-9.069695	ಗ
1054	-9.070354	▁et
1055	-9.070671	▁million
1056	-9.072534	క
1057	-9.074099	ు
1058	-9.074638	▁ஆ
1059	-9.076166	▁game
1060	-9.076953	▁delete
1061	-9.077426	▁looking
1062	-9.078252	டு
1063	-9.079437	ಡಿ
1064	-9.080457	▁సూపర్
1065	-9.080728	▁ex
1066	-9.083711	ш
1067	-9.084338	▁national
1068	-9.086978	ron
1069	-9.087859	▁ar
1070	-9.090794	▁working
1071	-9.091850	▁human
1072	-9.092220	▁address
1073	-9.093149	ating
1074	-9.094510	▁gu
1075	-9.094531	tic
1076	-9.094625	▁oo
1077	-9.095033	▁hello
1078	-9.098336	▁possible
1079	-9.099572	▁जी
1080	-9.099608	த்த
1081	-9.101051	▁pretty
1082	-9.101305	ة
1083	-9.101737	▁🤣🤣
1084	-9.102518	ber
1085	-9.102781	▁admin
1086	-9.105840	bu
1087	-9.106465	▁stay
1088	-9.106688	▁bill
1089	-9.106804	▁during
1090	-9.109750	▁remember
1091	-9.110010	▁community
1092	-9.110057	▁side
1093	-9.110158	ಡ
1094	-9.111013	▁version
1095	-9.111450	yo
1096	-9.111476	▁rest
1097	-9.113056	▁children
1098	-9.114692	த
1099	-9.114993	ian
1100	-9.115101	▁bha
1101	-9.115376	▁ek
1102	-9.115629	و
1103	-9.115763	▁suggest
1104	-9.115785	ి
1105	-9.116076	▁band
1106	-9.116206	на
1107	-9.116479	▁play
1108	-9.117869	▁oil
1109	-9.119647	に
1110	-9.120311	▁adding
1111	-9.121416	▁attack
1112	-9.122710	▁ನಿಮ್ಮ
1113	-9.123231	▁ji
1114	-9.123290	▁с
1115	-9.123423	▁create
1116	-9.124372	ली
1117	-9.125133	▁liberal
1118	-9.126272	▁hit
1119	-9.126347	▁single
1120	-9.126397	ji
1121	-9.126467	▁references
1122	-9.126587	▁cost
1123	-9.129379	▁statement
1124	-9.129692	▁ക
1125	-9.130178	▁ம
1126	-9.132669	▁pan
1127	-9.132826	▁nalla
1128	-9.132963	aka
1129	-9.134147	|
1130	-9.134271	lle
1131	-9.134633	▁several
1132	-9.136870	▁whatever
1133	-9.137717	ॽ
1134	-9.137759	లో
1135	-9.137905	▁nor
1136	-9.139923	▁आप
1137	-9.140265	▁[
1138	-9.142412	ite
1139	-9.143805	ే
1140	-9.143995	▁date
1141	-9.144702	ನೆ
1142	-9.144741	▁mai
1143	-9.145346	dy
1144	-9.146886	▁на
1145	-9.147024	▁written
1146	-9.147612	sha
1147	-9.148116	if
1148	-9.148323	▁short
1149	-9.151066	ത
1150	-9.152102	സ്
1151	-9.152141	▁а
1152	-9.152751	▁lu
1153	-9.155128	per
1154	-9.155189	▁ಬ
1155	-9.155296	▁control
1156	-9.155828	▁language
1157	-9.155958	▁и
1158	-9.158088	री
1159	-9.158706	"",
1160	-9.159617	".
1161	-9.159787	▁project
1162	-9.160548	▁anna
1163	-9.163075	▁ना
1164	-9.163239	▁aur
1165	-9.163380	▁themselves
1166	-9.163512	ram
1167	-9.164071	▁gay
1168	-9.164160	▁land
1169	-9.164637	▁አ
1170	-9.165299	rr
1171	-9.165339	▁fan
1172	-9.165800	▁notice
1173	-9.165967	▁process
1174	-9.166266	▁future
1175	-9.167249	▁nan
1176	-9.167518	▁court
1177	-9.167602	ಲ್
1178	-9.168130	▁wish
1179	-9.168847	con
1180	-9.171065	▁racist
1181	-9.171778	ر
1182	-9.172264	ா
1183	-9.172385	**
1184	-9.172774	mu
1185	-9.172808	▁aan
1186	-9.173468	▁im
1187	-9.173842	ner
1188	-9.173860	ani
1189	-9.174112	ama
1190	-9.174400	▁become
1191	-9.174717	▁church
1192	-9.174870	nga
1193	-9.174901	▁ri
1194	-9.176169	sta
1195	-9.176556	ि
1196	-9.177619	not
1197	-9.178435	▁head
1198	-9.179235	ally
1199	-9.180176	▁video
1200	-9.180400	▁ഇ
1201	-9.181019	▁interest
1202	-9.181806	▁nimma
1203	-9.182020	▁fans
1204	-9.182241	tri
1205	-9.183531	ம
1206	-9.183904	▁act
1207	-9.184500	▁ये
1208	-9.185853	ே
1209	-9.185997	▁due
1210	-9.187159	ட்ட
1211	-9.187705	tion
1212	-9.188128	you
1213	-9.188960	▁poor
1214	-9.188997	▁able
1215	-9.189164	▁कि
1216	-9.190229	ك
1217	-9.190536	▁police
1218	-9.191848	▁follow
1219	-9.192007	tro
1220	-9.192551	య
1221	-9.192567	nda
1222	-9.193978	த்து
1223	-9.194036	కు
1224	-9.194138	▁consensus
1225	-9.194543	▁face
1226	-9.194693	nta
1227	-9.194976	ತಿ
1228	-9.196354	▁يا
1229	-9.196365	llo
1230	-9.197223	▁alaska
1231	-9.197405	▁pov
1232	-9.197952	▁revert
1233	-9.199174	▁த
1234	-9.199419	ка
1235	-9.200458	▁hey
1236	-9.200882	▁exactly
1237	-9.201149	ن
1238	-9.201174	▁ಮಾಡಿ
1239	-9.201445	▁स
1240	-9.201772	▁explain
1241	-9.203640	▁website
1242	-9.204038	▁sad
1243	-9.206189	▁ಅಂತ
1244	-9.210931	▁especially
1245	-9.211248	ದು
1246	-9.211920	в
1247	-9.212142	▁sentence
1248	-9.213054	dhi
1249	-9.213107	▁இந்த
1250	-9.213124	kar
1251	-9.213208	▁ap
1252	-9.213357	▁health
1253	-9.213917	kal
1254	-9.214090	min
1255	-9.214151	రా
1256	-9.214301	्
1257	-9.214703	▁respect
1258	-9.215281	#
1259	-9.217010	▁certainly
1260	-9.217048	కి
1261	-9.217048	ತ
1262	-9.219741	ற
1263	-9.222750	ring
1264	-9.224029	▁election
1265	-9.224370	▁не
1266	-9.225304	ಕ್
1267	-9.225320	▁по
1268	-9.225441	q
1269	-9.225874	▁considered
1270	-9.226392	kki
1271	-9.228206	ರೆ
1272	-9.228980	▁small
1273	-9.229893	が
1274	-9.230663	▁came
1275	-9.232202	▁including
1276	-9.234129	▁mis
1277	-9.235718	▁రా
1278	-9.236642	▁open
1279	-9.236738	gala
1280	-9.238476	fi
1281	-9.238847	=""
1282	-9.238906	▁anyway
1283	-9.238976	em
1284	-9.239760	▁una
1285	-9.240546	ೂ
1286	-9.241014	▁position
1287	-9.241748	▁set
1288	-9.241896	▁ஒரு
1289	-9.242119	tra
1290	-9.242442	▁ಈ
1291	-9.243000	ю
1292	-9.243179	▁talking
1293	-9.244495	▁common
1294	-9.244630	je
1295	-9.245871	riya
1296	-9.246637	encyclopedia
1297	-9.246793	▁class
1298	-9.247226	gen
1299	-9.247413	ാൻ
1300	-9.249099	▁reverted
1301	-9.249590	ina
1302	-9.250007	▁प
1303	-9.250168	▁wa
1304	-9.252811	▁sab
1305	-9.253479	▁file
1306	-9.254096	▁adi
1307	-9.254100	▁ಹ
1308	-9.254270	▁report
1309	-9.255614	▁taking
1310	-9.256705	▁notable
1311	-9.256923	▁yeah
1312	-9.258111	ती
1313	-9.259203	▁film
1314	-9.259477	yum
1315	-9.260056	▁lead
1316	-9.260244	▁il
1317	-9.260511	▁started
1318	-9.260909	▁changes
1319	-9.262318	▁padam
1320	-9.262743	د
1321	-9.263270	ൂ
1322	-9.263838	▁known
1323	-9.264298	ና
1324	-9.264931	य
1325	-9.266015	ized
1326	-9.266416	రి
1327	-9.266606	గా
1328	-9.266733	tte
1329	-9.266919	▁canadian
1330	-9.270577	▁form
1331	-9.271638	ብ
1332	-9.271659	▁aap
1333	-9.272065	gal
1334	-9.273232	▁shit
1335	-9.273700	ரி
1336	-9.273872	的
1337	-9.274445	▁likely
1338	-9.276359	。
1339	-9.278157	▁rules
1340	-9.278425	ه
1341	-9.279675	कर
1342	-9.280274	ஸ்
1343	-9.280882	ടി
1344	-9.281796	ph
1345	-9.282055	▁response
1346	-9.282624	డ
1347	-9.282797	▁stuff
1348	-9.282846	kh
1349	-9.284718	▁van
1350	-9.285794	नी
1351	-9.286957	are
1352	-9.287855	▁death
1353	-9.290171	ва
1354	-9.291984	fa
1355	-9.292117	▁rape
1356	-9.292396	cho
1357	-9.292397	▁wasn
1358	-9.292531	യും
1359	-9.292797	▁taken
1360	-9.293542	ራ
1361	-9.293684	▁users
1362	-9.294119	వు
1363	-9.294157	shi
1364	-9.294205	ಕ್ಕೆ
1365	-9.294734	▁ah
1366	-9.294962	land
1367	-9.295053	ിൽ
1368	-9.295640	za
1369	-9.296103	dam
1370	-9.299422	▁following
1371	-9.300392	▁wait
1372	-9.300520	▁include
1373	-9.300791	conservative
1374	-9.301642	▁enn
1375	-9.304470	▁fucking
1376	-9.305676	ati
1377	-9.305696	▁nin
1378	-9.306854	oo
1379	-9.307339	▁los
1380	-9.307400	▁అమ్మ
1381	-9.307644	▁regarding
1382	-9.308931	ட்
1383	-9.312129	ಕೆ
1384	-9.312145	న్
1385	-9.312280	▁amm
1386	-9.313102	▁por
1387	-9.314770	que
1388	-9.315794	adi
1389	-9.316752	д
1390	-9.318387	for
1391	-9.318402	▁criteria
1392	-9.318498	▁நீ
1393	-9.318534	▁legal
1394	-9.319913	men
1395	-9.320042	का
1396	-9.320396	▁hain
1397	-9.320846	▁sule
1398	-9.321355	▁நா
1399	-9.322217	pp
1400	-9.322803	▁இ
1401	-9.323688	hr
1402	-9.324341	ላ
1403	-9.325350	▁disagree
1404	-9.325526	▁sort
1405	-9.326270	▁along
1406	-9.327672	▁unless
1407	-9.328197	=
1408	-9.328801	ли
1409	-9.329363	▁redirect
1410	-9.330706	line
1411	-9.331524	ع
1412	-9.331697	▁📞
1413	-9.332363	▁wanted
1414	-9.332393	но
1415	-9.332663	▁living
1416	-9.333612	▁completely
1417	-9.333873	ണ
1418	-9.333886	ap
1419	-9.334385	▁fine
1420	-9.334594	ൽ
1421	-9.334633	▁taxes
1422	-9.335086	ft
1423	-9.335236	▁countries
1424	-9.335451	ger
1425	-9.335533	galu
1426	-9.336318	▁similar
1427	-9.337095	▁template
1428	-9.338684	▁മ
1429	-9.338839	▁rights
1430	-9.338903	▁ನ
1431	-9.338991	▁و
1432	-9.339494	▁vera
1433	-9.339503	rt
1434	-9.339650	🙏
1435	-9.340218	வி
1436	-9.340347	lam
1437	-9.340901	val
1438	-9.341391	ab
1439	-9.341587	▁result
1440	-9.341952	▁cut
1441	-9.342370	▁guidelines
1442	-9.343200	▁looks
1443	-9.344405	▁thu
1444	-9.344641	▁learn
1445	-9.344752	▁within
1446	-9.344961	mar
1447	-9.345030	▁win
1448	-9.345282	tho
1449	-9.346089	▁bat
1450	-9.346853	▁cause
1451	-9.347046	▁जो
1452	-9.347200	▁tum
1453	-9.347385	▁almost
1454	-9.348540	な
1455	-9.349520	▁entire
1456	-9.349751	▁four
1457	-9.350340	▁st
1458	-9.350389	▁लिए
1459	-9.351362	▁social
1460	-9.351705	▁argument
1461	-9.352109	ስ
1462	-9.352433	▁waiting
1463	-9.352873	mma
1464	-9.353848	ను
1465	-9.353849	lan
1466	-9.355951	der
1467	-9.356363	▁हम
1468	-9.356985	▁rule
1469	-9.357930	▁aren
1470	-9.358064	▁simple
1471	-9.358333	തി
1472	-9.358796	ለ
1473	-9.360060	▁changed
1474	-9.360159	▁gun
1475	-9.361025	▁വ
1476	-9.361069	ley
1477	-9.361148	▁policies
1478	-9.361477	▁images
1479	-9.361654	▁market
1480	-9.361732	adu
1481	-9.364224	ise
1482	-9.364628	▁difference
1483	-9.364949	▁went
1484	-9.365246	は
1485	-9.366407	▁tra
1486	-9.366648	ರಾ
1487	-9.366990	ക്
1488	-9.367580	by
1489	-9.367803	▁week
1490	-9.367977	▁false
1491	-9.368122	‍
1492	-9.368176	▁ఆ
1493	-9.368290	▁often
1494	-9.368645	cc
1495	-9.368669	ju
1496	-9.370849	▁akka
1497	-9.370952	ни
1498	-9.371130	▁myself
1499	-9.371591	▁der
1500	-9.371924	op
1501	-9.372450	▁team
1502	-9.372686	п
1503	-9.372692	out
1504	-9.372818	▁ver
1505	-9.373037	▁topic
1506	-9.373778	▁reading
1507	-9.374131	▁mentioned
1508	-9.374649	▁ad
1509	-9.374712	😂😂
1510	-9.375308	▁present
1511	-9.375829	▁office
1512	-9.375830	या
1513	-9.376019	க்
1514	-9.376701	▁nahin
1515	-9.376867	త
1516	-9.378152	▁gi
1517	-9.378751	▁suck
1518	-9.378796	▁author
1519	-9.379220	▁fi
1520	-9.379631	പ്പ
1521	-9.379707	▁major
1522	-9.380622	▁son
1523	-9.381440	▁namma
1524	-9.382236	▁company
1525	-9.382457	▁wouldn
1526	-9.382845	▁gra
1527	-9.383020	▁problems
1528	-9.384319	▁sc
1529	-9.385530	▁goes
1530	-9.385982	▁wonder
1531	-9.386615	▁sal
1532	-9.387122	ard
1533	-9.387248	▁according
1534	-9.389206	▁ಪ
1535	-9.389411	▁lost
1536	-9.389433	י
1537	-9.389530	lum
1538	-9.389611	▁ప
1539	-9.390142	▁doubt
1540	-9.390924	▁music
1541	-9.391478	▁dont
1542	-9.391538	ಂ
1543	-9.393449	cy
1544	-9.393854	▁later
1545	-9.394150	▁ten
1546	-9.394202	▁log
1547	-9.394228	dh
1548	-9.394280	▁പ
1549	-9.396894	▁)
1550	-9.396906	▁itself
1551	-9.397853	▁soon
1552	-9.397909	▁obviously
1553	-9.398142	▁எ
1554	-9.398484	way
1555	-9.398847	▁ಸ
1556	-9.399125	▁paid
1557	-9.399243	▁kya
1558	-9.399693	ren
1559	-9.400001	ಟ್
1560	-9.400129	▁federal
1561	-9.402055	▁ill
1562	-9.402235	▁paa
1563	-9.402270	▁comes
1564	-9.402778	▁इस
1565	-9.402801	ಮ
1566	-9.402944	▁appropriate
1567	-9.403616	▁united
1568	-9.403857	▁coming
1569	-9.404210	ти
1570	-9.404298	bar
1571	-9.404432	▁listed
1572	-9.405445	▁star
1573	-9.405480	▁ग
1574	-9.405630	▁ಮಾಡ
1575	-9.407219	▁picture
1576	-9.407292	▁sex
1577	-9.408006	ach
1578	-9.408360	च
1579	-9.408857	mon
1580	-9.409393	ಂತ
1581	-9.410072	र्
1582	-9.410247	▁views
1583	-9.411252	▁red
1584	-9.412148	but
1585	-9.412686	ई
1586	-9.413126	dre
1587	-9.415187	ik
1588	-9.415707	▁ని
1589	-9.415993	dministrator
1590	-9.416356	▁faith
1591	-9.416764	▁took
1592	-9.416924	▁jan
1593	-9.417042	▁रहे
1594	-9.417551	▁em
1595	-9.419114	х
1596	-9.419229	▁turn
1597	-9.421302	ч
1598	-9.421372	▁interesting
1599	-9.421852	▁ச
1600	-9.422361	--
1601	-9.422846	▁accept
1602	-9.423032	▁у
1603	-9.423548	ട്ട
1604	-9.423665	my
1605	-9.424020	ది
1606	-9.424047	▁ఈ
1607	-9.424304	▁allowed
1608	-9.424330	king
1609	-9.424517	▁ഈ
1610	-9.424749	▁kan
1611	-9.424880	ന്റെ
1612	-9.424954	tto
1613	-9.425175	▁बहुत
1614	-9.425465	lar
1615	-9.425759	னு
1616	-9.426394	▁bring
1617	-9.427498	ence
1618	-9.428558	ै
1619	-9.428586	▁=
1620	-9.428748	▁recent
1621	-9.428937	▁happen
1622	-9.429018	▁den
1623	-9.429144	om
1624	-9.429476	▁clinton
1625	-9.429703	▁தான்
1626	-9.429994	▁kids
1627	-9.430328	▁तुम
1628	-9.430933	డి
1629	-9.431742	▁wo
1630	-9.432379	▁మీ
1631	-9.432387	▁civil
1632	-9.433937	మ
1633	-9.434314	gar
1634	-9.435456	▁म
1635	-9.435961	い
1636	-9.436760	▁я
1637	-9.436770	▁majority
1638	-9.436780	▁रहा
1639	-9.437360	、
1640	-9.439073	▁des
1641	-9.439953	▁sta
1642	-9.440379	▁thi
1643	-9.440849	ப்ப
1644	-9.440855	▁military
1645	-9.441063	atha
1646	-9.441693	ble
1647	-9.441833	▁writing
1648	-9.442050	kan
1649	-9.442507	port
1650	-9.442781	▁told
1651	-9.442783	人
1652	-9.443682	▁ava
1653	-9.443701	▁ت
1654	-9.444693	▁plan
1655	-9.444801	▁கா
1656	-9.445095	den
1657	-9.445748	▁bu
1658	-9.445985	▁kam
1659	-9.446376	ന
1660	-9.447256	▁idiot
1661	-9.447850	▁క
1662	-9.449053	▁involved
1663	-9.449665	par
1664	-9.452015	தி
1665	-9.452067	▁enjoy
1666	-9.452300	▁क
1667	-9.452674	▁pen
1668	-9.452885	▁close
1669	-9.453049	▁song
1670	-9.453185	ீ
1671	-9.453760	▁trudeau
1672	-9.453840	▁info
1673	-9.454801	rum
1674	-9.455214	▁happened
1675	-9.455959	▁needed
1676	-9.455961	illa
1677	-9.456122	▁china
1678	-9.456211	▁lack
1679	-9.457156	▁suupar
1680	-9.457311	ಿಗೆ
1681	-9.457519	▁lanja
1682	-9.461717	mm
1683	-9.461926	ف
1684	-9.461989	▁local
1685	-9.462989	🙏🙏
1686	-9.467299	ख
1687	-9.467436	да
1688	-9.467601	qui
1689	-9.467824	ac
1690	-9.468575	rd
1691	-9.468845	ப
1692	-9.469148	▁ju
1693	-9.470087	▁himself
1694	-9.470626	of
1695	-9.470998	▁americans
1696	-9.471231	▁బ
1697	-9.471519	tar
1698	-9.471720	▁கு
1699	-9.472032	രി
1700	-9.472057	▁specific
1701	-9.472100	▁గా
1702	-9.472270	ath
1703	-9.472503	▁enna
1704	-9.472863	led
1705	-9.473012	ህ
1706	-9.473016	ॾ
1707	-9.474124	▁asked
1708	-9.474297	▁कोई
1709	-9.475033	▁kha
1710	-9.475770	ಬೇಕು
1711	-9.476708	bb
1712	-9.476798	▁water
1713	-9.476886	ድ
1714	-9.476951	varu
1715	-9.477695	▁లో
1716	-9.478044	▁piece
1717	-9.479085	▁situation
1718	-9.479285	▁speak
1719	-9.479477	▁raha
1720	-9.480186	▁नही
1721	-9.480303	sti
1722	-9.480390	▁wrote
1723	-9.480969	▁என்ன
1724	-9.481098	▁north
1725	-9.481884	ny
1726	-9.482422	▁lol
1727	-9.483335	ె
1728	-9.483716	▁mari
1729	-9.483925	ро
1730	-9.484398	▁🙏🙏
1731	-9.485570	▁pas
1732	-9.485624	ታ
1733	-9.485644	athu
1734	-9.486861	▁bra
1735	-9.487771	▁എ
1736	-9.489064	▁test
1737	-9.489221	ex
1738	-9.491835	▁income
1739	-9.492273	നെ
1740	-9.493112	▁avoid
1741	-9.493428	🌹🌹
1742	-9.494716	▁currently
1743	-9.494731	ረ
1744	-9.494995	fe
1745	-9.495008	▁mein
1746	-9.495328	▁பா
1747	-9.495713	▁expect
1748	-9.496584	▁watch
1749	-9.496595	ಗಳ
1750	-9.496807	▁kill
1751	-9.497973	▁सा
1752	-9.498551	▁buy
1753	-9.498770	kkum
1754	-9.500413	▁john
1755	-9.501126	▁உ
1756	-9.501227	ല്ല
1757	-9.501239	▁படம்
1758	-9.501338	zz
1759	-9.503707	ய்
1760	-9.503799	▁जा
1761	-9.503963	ning
1762	-9.504415	lin
1763	-9.505235	jo
1764	-9.505501	▁claims
1765	-9.505584	ಟ
1766	-9.505592	ler
1767	-9.505931	▁alone
1768	-9.506631	▁cho
1769	-9.506750	ب
1770	-9.506889	ச
1771	-9.507680	▁web
1772	-9.507955	ata
1773	-9.508138	▁longer
1774	-9.508295	▁large
1775	-9.508352	▁attacks
1776	-9.508389	▁ab
1777	-9.508857	ו
1778	-9.509109	▁x
1779	-9.509469	▁സ
1780	-9.509621	ط
1781	-9.510291	ки
1782	-9.510766	▁irukku
1783	-9.511523	ರೋ
1784	-9.511709	▁appears
1785	-9.512943	ெ
1786	-9.513168	ل
1787	-9.514148	▁ب
1788	-9.514743	ገ
1789	-9.515632	▁ಇಲ್ಲ
1790	-9.516652	▁ந
1791	-9.516819	▁record
1792	-9.517752	av
1793	-9.517755	▁included
1794	-9.520350	▁relevant
1795	-9.520790	▁nii
1796	-9.520849	▁special
1797	-9.521979	ical
1798	-9.522560	▁cover
1799	-9.522728	▁illegal
1800	-9.523457	ло
1801	-9.523756	ಳ
1802	-9.524635	red
1803	-9.525486	▁actual
1804	-9.525915	▁interested
1805	-9.526663	ale
1806	-9.526725	▁stand
1807	-9.526840	ize
1808	-9.527800	லை
1809	-9.530543	▁complete
1810	-9.530698	▁child
1811	-9.531044	use
1812	-9.531200	ven
1813	-9.531281	▁కూడా
1814	-9.531304	መ
1815	-9.531783	▁liberals
1816	-9.532157	han
1817	-9.532673	で
1818	-9.533164	ള
1819	-9.534044	avu
1820	-9.534494	▁ಸೂಪರ್
1821	-9.534826	▁vaa
1822	-9.534881	pro
1823	-9.535313	▁உன்
1824	-9.536210	▁pass
1825	-9.536797	▁population
1826	-9.536839	▁hillary
1827	-9.537971	ണം
1828	-9.537996	ح
1829	-9.538078	▁search
1830	-9.538392	nam
1831	-9.538996	her
1832	-9.539946	▁==
1833	-9.540268	ില്ല
1834	-9.541343	▁fire
1835	-9.542109	▁although
1836	-9.542431	▁dead
1837	-9.542521	▁catholic
1838	-9.542698	▁மா
1839	-9.542797	dan
1840	-9.543234	▁abuse
1841	-9.543605	yam
1842	-9.544111	▁low
1843	-9.544169	▁members
1844	-9.544312	▁shi
1845	-9.544476	▁nation
1846	-9.544641	▁dr
1847	-9.545040	▁cu
1848	-9.545233	▁–
1849	-9.545890	ть
1850	-9.546144	▁science
1851	-9.547215	▁ആണ്
1852	-9.548757	▁discuss
1853	-9.549888	▁friend
1854	-9.550759	ppu
1855	-9.551170	▁otherwise
1856	-9.551638	▁attention
1857	-9.552530	▁certain
1858	-9.552945	▁republican
1859	-9.553091	llu
1860	-9.553463	▁ninna
1861	-9.553483	cu
1862	-9.553796	▁amma
1863	-9.555016	ಡ್
1864	-9.555086	▁guys
1865	-9.555250	ግ
1866	-9.555298	▁saw
1867	-9.556335	டா
1868	-9.556529	aya
1869	-9.556649	▁half
1870	-9.556982	ת
1871	-9.557328	▁choice
1872	-9.558673	▁private
1873	-9.560593	▁related
1874	-9.561265	ig
1875	-9.561606	▁chance
1876	-9.562023	mb
1877	-9.562632	nan
1878	-9.563871	వా
1879	-9.564136	▁action
1880	-9.564237	ണ്ട
1881	-9.564645	م
1882	-9.565405	ይ
1883	-9.565550	ట్
1884	-9.565921	ura
1885	-9.566233	▁society
1886	-9.566239	▁ఇ
1887	-9.566341	▁light
1888	-9.567085	▁--
1889	-9.567182	▁campaign
1890	-9.567768	▁rahe
1891	-9.568069	గ
1892	-9.568094	▁del
1893	-9.568239	ר
1894	-9.568978	▁decide
1895	-9.569020	▁फ
1896	-9.569122	▁shows
1897	-9.569579	our
1898	-9.569683	ists
1899	-9.569683	б
1900	-9.570045	▁ה
1901	-9.570178	▁south
1902	-9.570503	▁ह
1903	-9.570745	ደ
1904	-9.570753	▁prove
1905	-9.571940	▁ignorant
1906	-9.571954	▁middle
1907	-9.572342	▁woman
1908	-9.572395	ker
1909	-9.572626	▁av
1910	-9.572646	🤣🤣
1911	-9.572770	▁!
1912	-9.572792	ప
1913	-9.573373	▁definition
1914	-9.573879	▁tho
1915	-9.574183	▁सब
1916	-9.574311	▁hell
1917	-9.575262	▁வி
1918	-9.575693	👌👌
1919	-9.576751	а
1920	-9.576941	▁за
1921	-9.577162	▁sch
1922	-9.577581	ले
1923	-9.577878	▁below
1924	-9.578022	▁jobs
1925	-9.578369	ಪ
1926	-9.578460	▁muslim
1927	-9.578711	▁type
1928	-9.578791	ల్
1929	-9.579184	ನ್ನ
1930	-9.579645	▁fall
1931	-9.580406	▁official
1932	-9.580795	த்தி
1933	-9.581228	▁tried
1934	-9.581356	▁prem
1935	-9.581682	▁actions
1936	-9.581706	э
1937	-9.582015	▁था
1938	-9.582921	▁religion
1939	-9.584456	▁ഞാൻ
1940	-9.584498	anti
1941	-9.585072	▁thinking
1942	-9.585530	▁young
1943	-9.585845	😂
1944	-9.586044	ೊ
1945	-9.586929	chcha
1946	-9.587044	▁comp
1947	-9.587331	ாழ்த்துக்கள்
1948	-9.587562	▁wants
1949	-9.587571	▁moron
1950	-9.588084	ps
1951	-9.588292	jpg
1952	-9.588573	പ
1953	-9.588702	ባ
1954	-9.588988	beku
1955	-9.589535	▁dumb
1956	-9.590369	ದೆ
1957	-9.591318	▁ಎ
1958	-9.591935	all
1959	-9.592177	▁knowledge
1960	-9.592181	▁hear
1961	-9.592503	▁allow
1962	-9.593012	ப்
1963	-9.593145	▁दे
1964	-9.593672	▁count
1965	-9.594096	▁hum
1966	-9.594133	▁fe
1967	-9.594868	▁category
1968	-9.595211	▁warning
1969	-9.595214	▁👌👌
1970	-9.595447	les
1971	-9.595470	▁experience
1972	-9.595885	▁bitch
1973	-9.596090	▁area
1974	-9.596140	gra
1975	-9.596290	と
1976	-9.596485	ಸಿ
1977	-9.596489	▁sound
1978	-9.597455	▁కా
1979	-9.597492	▁road
1980	-9.598386	▁haven
1981	-9.599019	har
1982	-9.599700	▁inter
1983	-9.599934	nte
1984	-9.600002	▁sh
1985	-9.600288	▁heard
1986	-9.600630	ä
1987	-9.600744	வா
1988	-9.600899	▁देश
1989	-9.601192	▁م
1990	-9.601604	ड़
1991	-9.601748	▁о
1992	-9.601897	के
1993	-9.602501	▁ani
1994	-9.603332	फ
1995	-9.603988	▁reasons
1996	-9.604016	ന്
1997	-9.604664	ரா
1998	-9.605412	▁therefore
1999	-9.605533	▁calling
2000	-9.606415	▁particular
2001	-9.606479	▁nee
2002	-9.606894	}}
2003	-9.607552	श
2004	-9.607735	▁wow
2005	-9.609130	ത്ത
2006	-9.609522	▁service
2007	-9.609858	▁nonsense
2008	-9.609872	га
2009	-9.610437	ూ
2010	-9.612327	ology
2011	-9.612767	▁nim
2012	-9.613108	ంది
2013	-9.613143	▁gets
2014	-9.613354	▁behind
2015	-9.613871	▁அம்மா
2016	-9.614159	▁air
2017	-9.614343	मा
2018	-9.614694	▁bana
2019	-9.615993	ththa
2020	-9.616576	▁serious
2021	-9.616858	▁paragraph
2022	-9.618260	▁😂
2023	-9.618813	▁removing
2024	-9.619006	▁indeed
2025	-9.619312	▁companies
2026	-9.619522	ze
2027	-9.620025	au
2028	-9.620504	▁ಆಗ
2029	-9.620854	▁ce
2030	-9.620861	▁poli
2031	-9.620942	▁app
2032	-9.621138	ை
2033	-9.621611	▁reply
2034	-9.621933	▁months
2035	-9.622165	▁quote
2036	-9.622356	▁ఎ
2037	-9.622401	ட்டி
2038	-9.622856	та
2039	-9.623048	ద
2040	-9.623555	▁aware
2041	-9.623919	aku
2042	-9.623960	▁मे
2043	-9.625026	▁ನಿನ್ನ
2044	-9.627328	▁sin
2045	-9.627336	+
2046	-9.627770	ನಿ
2047	-9.627872	▁ज
2048	-9.628073	▁ನಮ್ಮ
2049	-9.628629	▁seriously
2050	-9.628893	▁debate
2051	-9.629632	run
2052	-9.629860	▁እ
2053	-9.631291	▁race
2054	-9.632275	ake
2055	-9.633435	kondu
2056	-9.634071	▁കു
2057	-9.634500	и
2058	-9.634532	ಣ
2059	-9.634615	ோ
2060	-9.635227	ந்த
2061	-9.635901	ያ
2062	-9.637205	ag
2063	-9.638611	▁worked
2064	-9.638836	▁email
2065	-9.639501	ಗಳು
2066	-9.639601	▁fix
2067	-9.639910	▁friends
2068	-9.640798	▁maadi
2069	-9.640835	ಹ
2070	-9.641466	യാ
2071	-9.641576	▁purpose
2072	-9.642316	▁copy
2073	-9.642494	ق
2074	-9.643017	❤️
2075	-9.643619	▁कुछ
2076	-9.644395	▁obvious
2077	-9.645873	▁posted
2078	-9.646183	▁together
2079	-9.646339	▁lie
2080	-9.646923	▁release
2081	-9.647622	nder
2082	-9.647842	▁మ
2083	-9.648468	▁crime
2084	-9.648710	ಯಾ
2085	-9.648951	క్
2086	-9.649164	సి
2087	-9.649463	uku
2088	-9.649840	▁ir
2089	-9.650312	ле
2090	-9.650479	▁step
2091	-9.650949	▁दो
2092	-9.652104	▁இருக்கு
2093	-9.652255	▁appear
2094	-9.652648	▁లంజ
2095	-9.653110	ppi
2096	-9.653218	▁antha
2097	-9.653816	▁mil
2098	-9.654002	▁መ
2099	-9.654449	▁sel
2100	-9.654951	▁period
2101	-9.655485	▁culture
2102	-9.655764	😡😡
2103	-9.656510	▁education
2104	-9.658069	vara
2105	-9.658957	ikka
2106	-9.659353	▁desh
2107	-9.660161	▁status
2108	-9.660366	ൊ
2109	-9.660933	ities
2110	-9.661089	▁bro
2111	-9.661317	uch
2112	-9.661946	▁hold
2113	-9.661987	agi
2114	-9.662055	ൾ
2115	-9.662595	வு
2116	-9.663939	▁exist
2117	-9.663988	anu
2118	-9.664066	▁stated
2119	-9.664255	▁administrat
2120	-9.665016	organization
2121	-9.665272	▁zu
2122	-9.665359	▁works
2123	-9.666331	▁ob
2124	-9.666974	▁reality
2125	-9.667111	▁ven
2126	-9.668108	▁dispute
2127	-9.668379	▁fat
2128	-9.668983	▁hay
2129	-9.670128	▁yu
2130	-9.670233	▁amount
2131	-9.670601	▁couple
2132	-9.670863	ي
2133	-9.670952	ney
2134	-9.671429	tru
2135	-9.671495	nce
2136	-9.672711	▁vo
2137	-9.672889	ute
2138	-9.674935	ಳಿ
2139	-9.675941	can
2140	-9.676427	▁behavior
2141	-9.676627	gaa
2142	-9.677222	▁worth
2143	-9.678801	tal
2144	-9.679032	▁economic
2145	-9.679079	▁folks
2146	-9.680072	▁maa
2147	-9.680264	yar
2148	-9.680688	▁देख
2149	-9.681142	▁nanna
2150	-9.681236	▁force
2151	-9.681397	▁notability
2152	-9.682371	▁share
2153	-9.682847	▁ste
2154	-9.683476	▁neutral
2155	-9.683885	▁స
2156	-9.685173	▁tar
2157	-9.685506	▁usa
2158	-9.685519	iv
2159	-9.685543	లి
2160	-9.685741	▁ಸೂಳೆ
2161	-9.685776	▁laws
2162	-9.685954	▁sar
2163	-9.686146	▁points
2164	-9.686769	▁proof
2165	-9.687617	▁break
2166	-9.687884	▁outside
2167	-9.688230	▁indicate
2168	-9.688581	▁ஓ
2169	-9.688704	▁return
2170	-9.689237	ek
2171	-9.689353	ham
2172	-9.689807	▁mat
2173	-9.689942	end
2174	-9.690074	▁vara
2175	-9.690548	[
2176	-9.690755	も
2177	-9.691753	▁fo
2178	-9.693400	▁except
2179	-9.693415	▁बात
2180	-9.694026	▁sexual
2181	-9.694908	rn
2182	-9.695052	ding
2183	-9.695674	▁శక్తి
2184	-9.695800	ре
2185	-9.695852	▁useful
2186	-9.696610	ations
2187	-9.696637	▁five
2188	-9.696754	▁conflict
2189	-9.696934	ability
2190	-9.697169	▁hours
2191	-9.699270	▁names
2192	-9.701592	ns
2193	-9.702426	▁appreciate
2194	-9.702572	ה
2195	-9.703080	▁absolutely
2196	-9.703218	▁प्र
2197	-9.704132	▁നി
2198	-9.704201	yaa
2199	-9.705383	о
2200	-9.706811	▁अब
2201	-9.707447	▁बना
2202	-9.707802	▁bas
2203	-9.708586	ors
2204	-9.708864	tiya
2205	-9.708923	▁sam
2206	-9.709024	▁valid
2207	-9.709261	▁ridiculous
2208	-9.709474	▁च
2209	-9.710144	▁terms
2210	-9.710904	▁वीडियो
2211	-9.711595	▁entha
2212	-9.712829	▁kal
2213	-9.713127	▁ఉన్నది
2214	-9.713170	▁unnadi
2215	-9.713357	▁/
2216	-9.713650	▁contact
2217	-9.714299	▁value
2218	-9.715849	▁chuuppar
2219	-9.716372	యా
2220	-9.716418	chchi
2221	-9.716792	నే
2222	-9.718887	னா
2223	-9.718964	▁भ
2224	-9.719103	time
2225	-9.719197	▁recently
2226	-9.720051	▁india
2227	-9.720693	▁clean
2228	-9.720717	ud
2229	-9.721399	▁access
2230	-9.721688	▁provided
2231	-9.721699	не
2232	-9.721711	▁jai
2233	-9.721902	▁mess
2234	-9.721927	▁ammaa
2235	-9.722094	ാൽ
2236	-9.722481	▁university
2237	-9.722874	isi
2238	-9.723039	▁decision
2239	-9.723043	▁internet
2240	-9.723048	kke
2241	-9.723171	▁!!
2242	-9.723265	▁रही
2243	-9.724152	▁foreign
2244	-9.724251	▁murder
2245	-9.724955	स्
2246	-9.725263	▁none
2247	-9.725879	▁individual
2248	-9.726326	▁shouldn
2249	-9.726474	▁russia
2250	-9.726486	▁third
2251	-9.726917	▁board
2252	-9.728225	▁republicans
2253	-9.728498	▁age
2254	-9.729817	▁var
2255	-9.729832	lai
2256	-9.730456	ide
2257	-9.730958	▁ನೀ
2258	-9.731029	▁ప్రేమ
2259	-9.731038	rk
2260	-9.731681	ನೇ
2261	-9.731707	▁troll
2262	-9.731937	▁press
2263	-9.732117	か
2264	-9.732182	ע
2265	-9.732896	ми
2266	-9.733722	num
2267	-9.734262	▁building
2268	-9.734591	rai
2269	-9.735212	▁hat
2270	-9.736355	▁spend
2271	-9.736381	▁போ
2272	-9.738129	▁google
2273	-9.738153	▁cat
2274	-9.738197	▁summary
2275	-9.738213	▁border
2276	-9.738692	▁college
2277	-9.738760	▁സൂപ്പർ
2278	-9.738765	▁unna
2279	-9.739896	▁lives
2280	-9.739924	▁attempt
2281	-9.740011	▁lies
2282	-9.740074	▁cupar
2283	-9.740152	ль
2284	-9.740170	▁canadians
2285	-9.740515	🌼
2286	-9.741673	▁бу
2287	-9.742546	കൾ
2288	-9.742649	▁worse
2289	-9.742738	ich
2290	-9.742766	▁field
2291	-9.743298	▁raa
2292	-9.743619	yu
2293	-9.743669	▁з
2294	-9.743783	▁easy
2295	-9.744031	▁art
2296	-9.744342	є
2297	-9.744342	▁available
2298	-9.744967	▁kut
2299	-9.745227	tive
2300	-9.745874	▁sounds
2301	-9.746140	ள
2302	-9.746711	which
2303	-9.747037	▁यह
2304	-9.747868	ए
2305	-9.748772	▁strong
2306	-9.749226	👌
2307	-9.749957	ба
2308	-9.750036	▁program
2309	-9.750158	സ
2310	-9.750792	▁karo
2311	-9.750902	▁apparently
2312	-9.751748	ുന്ന
2313	-9.751945	▁jay
2314	-9.752331	▁trust
2315	-9.752666	ौ
2316	-9.753024	▁com
2317	-9.753057	▁union
2318	-9.753353	▁ನಿ
2319	-9.753609	gg
2320	-9.754599	▁speech
2321	-9.755318	ு
2322	-9.755675	🌺
2323	-9.755887	▁total
2324	-9.756002	mer
2325	-9.756032	▁pal
2326	-9.756032	▁yo
2327	-9.756283	▁night
2328	-9.757697	▁entry
2329	-9.758160	▁mal
2330	-9.758185	▁citizens
2331	-9.758230	▁king
2332	-9.758805	▁das
2333	-9.760773	▁upon
2334	-9.760966	▁gone
2335	-9.762231	ige
2336	-9.762239	▁ከ
2337	-9.763043	▁bur
2338	-9.763659	▁ஒ
2339	-9.763886	▁giving
2340	-9.764329	ന്ന
2341	-9.764956	▁explanation
2342	-9.766019	ug
2343	-9.766748	see
2344	-9.767099	ಲು
2345	-9.767389	ung
2346	-9.767415	nni
2347	-9.767645	▁rich
2348	-9.767853	ቀ
2349	-9.768000	ో
2350	-9.768187	▁noticed
2351	-9.768332	ंड
2352	-9.768611	nne
2353	-9.769360	und
2354	-9.769792	ice
2355	-9.770198	ተ
2356	-9.770289	ഷ
2357	-9.771159	▁paper
2358	-9.771290	▁jie
2359	-9.771875	ഗ
2360	-9.773609	▁fail
2361	-9.775228	▁significant
2362	-9.775280	ano
2363	-9.775613	ध
2364	-9.776505	▁fl
2365	-9.776914	у
2366	-9.777735	diya
2367	-9.777874	▁funny
2368	-9.778138	kum
2369	-9.778172	▁tv
2370	-9.778536	▁ru
2371	-9.778940	▁vidiyo
2372	-9.779221	▁british
2373	-9.779525	▁economy
2374	-9.779554	▁voted
2375	-9.781001	▁books
2376	-9.781421	को
2377	-9.781435	▁box
2378	-9.782111	▁magane
2379	-9.782400	▁increase
2380	-9.783080	▁''
2381	-9.783222	▁sp
2382	-9.783575	ಕ್ಕ
2383	-9.783772	▁गया
2384	-9.783830	▁gave
2385	-9.784620	cul
2386	-9.785258	▁मा
2387	-9.785825	tor
2388	-9.785850	zha
2389	-9.785874	▁sur
2390	-9.786344	س
2391	-9.786750	ture
2392	-9.787343	▁religious
2393	-9.788095	▁பு
2394	-9.788292	ነ
2395	-9.788445	ండి
2396	-9.788457	▁judge
2397	-9.788458	▁aag
2398	-9.788648	▁congress
2399	-9.789219	▁ram
2400	-9.789268	▁placed
2401	-9.789374	▁standard
2402	-9.789792	ന്ന്
2403	-9.790133	▁donald
2404	-9.790476	▁{{
2405	-9.790776	▁ഓ
2406	-9.791084	like
2407	-9.791094	ма
2408	-9.791197	▁kala
2409	-9.791290	கள்
2410	-9.791455	▁நாய்
2411	-9.791895	▁id
2412	-9.792255	்
2413	-9.792298	▁er
2414	-9.792492	▁ella
2415	-9.792542	▁fun
2416	-9.792727	▁huge
2417	-9.792988	▁space
2418	-9.793080	ththu
2419	-9.793187	る
2420	-9.793373	io
2421	-9.793665	▁boy
2422	-9.793787	▁இது
2423	-9.794500	ال
2424	-9.794660	ച്ച
2425	-9.794680	shan
2426	-9.794909	▁patti
2427	-9.795069	▁ത
2428	-9.795447	不
2429	-9.795594	kin
2430	-9.796159	താ
2431	-9.796309	▁photo
2432	-9.796432	▁totally
2433	-9.796862	what
2434	-9.796879	▁running
2435	-9.797151	▁crap
2436	-9.797976	ang
2437	-9.798896	▁represent
2438	-9.799500	▁న
2439	-9.799550	ks
2440	-9.799685	▁violation
2441	-9.800606	▁mother
2442	-9.800924	ula
2443	-9.801631	▁rid
2444	-9.802423	loo
2445	-9.803001	▁ham
2446	-9.803095	▁democrats
2447	-9.804347	స
2448	-9.804574	cr
2449	-9.804619	▁🙏
2450	-9.804917	▁russian
2451	-9.805198	सा
2452	-9.807401	▁द
2453	-9.807643	▁എന്ന
2454	-9.807814	▁ನಾ
2455	-9.807940	▁fake
2456	-9.808032	▁published
2457	-9.808374	ification
2458	-9.808376	▁ஏ
2459	-9.808704	を
2460	-9.809416	avum
2461	-9.810671	▁improve
2462	-9.811430	▁generally
2463	-9.812173	▁baa
2464	-9.812385	pri
2465	-9.813206	▁മു
2466	-9.814052	தா
2467	-9.814681	गा
2468	-9.814774	▁khoye
2469	-9.814951	▁paying
2470	-9.815320	▁data
2471	-9.815338	▁लोग
2472	-9.817363	▁among
2473	-9.817613	dda
2474	-9.817733	▁shot
2475	-9.817764	से
2476	-9.817819	▁industry
2477	-9.818314	👍
2478	-9.818855	ado
2479	-9.819340	▁waste
2480	-9.819426	tin
2481	-9.819736	▁ल
2482	-9.820017	▁bank
2483	-9.820035	▁ന
2484	-9.820113	▁qui
2485	-9.820614	▁உங்க
2486	-9.821585	ሰ
2487	-9.822148	▁చాలా
2488	-9.822292	▁yeh
2489	-9.822450	sion
2490	-9.822672	▁మా
2491	-9.822969	▁personally
2492	-9.823228	▁വി
2493	-9.824201	▁dog
2494	-9.825085	▁month
2495	-9.825425	▁मु
2496	-9.825623	పు
2497	-9.825691	▁ulla
2498	-9.825865	▁politics
2499	-9.826448	▁bias
2500	-9.826784	▁fu
2501	-9.826874	▁islam
2502	-9.827415	▁naay
2503	-9.827589	▁previous
2504	-9.827702	▁assume
2505	-9.827737	▁banned
2506	-9.827747	zi
2507	-9.827757	▁usually
2508	-9.827798	▁various
2509	-9.828170	▁ख
2510	-9.828241	▁description
2511	-9.828652	▁park
2512	-9.828710	constitution
2513	-9.828815	ഴ
2514	-9.829546	▁rock
2515	-9.829725	▁regards
2516	-9.829997	те
2517	-9.830107	ين
2518	-9.830686	▁meet
2519	-9.830999	top
2520	-9.831828	nternational
2521	-9.831864	ದಿ
2522	-9.832161	▁german
2523	-9.832626	▁food
2524	-9.832891	ப்பு
2525	-9.832946	▁supposed
2526	-9.833168	ಗಿ
2527	-9.833592	▁safe
2528	-9.833804	▁necessary
2529	-9.833873	▁hindu
2530	-9.833932	ow
2531	-9.835091	▁context
2532	-9.836066	▁ले
2533	-9.836608	▁ይ
2534	-9.837763	ண
2535	-9.837971	▁rate
2536	-9.838062	▁finally
2537	-9.838786	▁prevent
2538	-9.839102	▁base
2539	-9.839277	▁blame
2540	-9.839542	▁groups
2541	-9.839723	odu
2542	-9.840045	ste
2543	-9.840096	▁kament
2544	-9.840166	cia
2545	-9.840349	▁send
2546	-9.840462	▁okay
2547	-9.840586	▁thus
2548	-9.841040	▁les
2549	-9.841052	▁pot
2550	-9.841062	▁sent
2551	-9.841646	ತಾ
2552	-9.841896	▁across
2553	-9.841956	▁साथ
2554	-9.842745	▁moved
2555	-9.842870	▁joke
2556	-9.843172	▁jesus
2557	-9.843588	▁shut
2558	-9.844676	▁cite
2559	-9.844801	▁elected
2560	-9.844914	▁table
2561	-9.845151	ст
2562	-9.845560	alum
2563	-9.846042	anam
2564	-9.846080	▁early
2565	-9.846717	ும்
2566	-9.846856	war
2567	-9.848531	▁earth
2568	-9.848859	▁criminal
2569	-9.849166	ನಾ
2570	-9.849205	ving
2571	-9.849292	▁சி
2572	-9.849608	▁higher
2573	-9.849767	nge
2574	-9.849934	की
2575	-9.850303	ably
2576	-9.850946	▁demand
2577	-9.851118	▁trade
2578	-9.851564	▁wi
2579	-9.851748	ep
2580	-9.852036	▁bc
2581	-9.852118	ಡು
2582	-9.852435	ति
2583	-9.852737	го
2584	-9.853161	▁gas
2585	-9.853836	▁accurate
2586	-9.853971	▁freedom
2587	-9.854703	▁किया
2588	-9.854718	▁unfortunate
2589	-9.855272	▁पा
2590	-9.855598	▁male
2591	-9.856558	யே
2592	-9.856631	▁என்
2593	-9.857006	▁practice
2594	-9.857664	▁killed
2595	-9.857689	▁fit
2596	-9.858275	▁numbers
2597	-9.858287	▁edited
2598	-9.859232	▁background
2599	-9.859325	▁save
2600	-9.859752	▁kaa
2601	-9.860018	ಲೆ
2602	-9.860415	▁character
2603	-9.860830	gam
2604	-9.861113	▁sho
2605	-9.861749	▁nobody
2606	-9.861807	▁करो
2607	-9.862730	▁pathetic
2608	-9.862982	▁mark
2609	-9.863495	▁వ
2610	-9.863831	▁lower
2611	-9.863995	▁fight
2612	-9.864360	ны
2613	-9.864435	ട്ടി
2614	-9.865057	she
2615	-9.865181	▁realize
2616	-9.865257	fer
2617	-9.865436	▁pha
2618	-9.865456	ೈ
2619	-9.865463	▁किसी
2620	-9.865614	то
2621	-9.865624	image
2622	-9.865774	ח
2623	-9.866581	▁నువ్వు
2624	-9.867272	▁kyaa
2625	-9.867284	bri
2626	-9.867819	▁protect
2627	-9.868613	▁ithu
2628	-9.868731	▁figure
2629	-9.868736	▁fool
2630	-9.870426	▁budget
2631	-9.870804	ikku
2632	-9.870828	ण
2633	-9.871056	ጠ
2634	-9.871072	▁tab
2635	-9.871080	▁बोल
2636	-9.871993	bha
2637	-9.872156	▁😡
2638	-9.872344	▁insurance
2639	-9.872353	▁naan
2640	-9.872822	റ്റ
2641	-9.873065	▁ide
2642	-9.873199	ക്കും
2643	-9.873570	ತ್
2644	-9.873877	▁pat
2645	-9.874004	▁dan
2646	-9.874430	ದ್
2647	-9.874901	🌷
2648	-9.876343	▁மு
2649	-9.876640	▁join
2650	-9.876764	▁maga
2651	-9.876991	▁നീ
2652	-9.877019	▁ground
2653	-9.877472	▁trans
2654	-9.877670	ial
2655	-9.877917	act
2656	-9.878137	▁eat
2657	-9.879474	▁criticism
2658	-9.879584	லி
2659	-9.879698	ship
2660	-9.879976	izing
2661	-9.880134	పి
2662	-9.880318	ди
2663	-9.880475	ot
2664	-9.881020	▁capital
2665	-9.881136	ega
2666	-9.881224	నా
2667	-9.881355	▁proposed
2668	-9.881644	ഹ
2669	-9.881939	tun
2670	-9.881974	▁build
2671	-9.882346	▁ಸಾ
2672	-9.882703	ክ
2673	-9.883011	▁mine
2674	-9.883434	▁flag
2675	-9.883442	ction
2676	-9.883671	▁asking
2677	-9.884020	▁credit
2678	-9.884257	ನು
2679	-9.884377	ಗ್
2680	-9.885085	▁cap
2681	-9.885309	▁bullshit
2682	-9.886329	oke
2683	-9.886616	▁experiment
2684	-9.886616	▁చేయబడును
2685	-9.887526	▁dil
2686	-9.887650	▁town
2687	-9.887923	▁tevitiya
2688	-9.887934	▁inththa
2689	-9.888278	ీ
2690	-9.889235	▁solution
2691	-9.889826	た
2692	-9.890697	▁knew
2693	-9.890718	▁indian
2694	-9.890735	כ
2695	-9.890842	▁former
2696	-9.891362	इ
2697	-9.891416	vin
2698	-9.891866	▁चाहिए
2699	-9.891939	▁refer
2700	-9.891994	г
2701	-9.892596	ii
2702	-9.892644	▁plus
2703	-9.892971	ative
2704	-9.893587	right
2705	-9.893619	దు
2706	-9.893657	▁near
2707	-9.894294	don
2708	-9.894846	ん
2709	-9.895103	▁opinions
2710	-9.895105	🥀
2711	-9.895146	▁global
2712	-9.895171	▁multiple
2713	-9.895616	ز
2714	-9.895631	▁ones
2715	-9.895733	▁era
2716	-9.895752	▁born
2717	-9.895948	▁est
2718	-9.896481	▁contribs
2719	-9.896627	▁vijay
2720	-9.897126	▁தேவிடியா
2721	-9.897605	ማ
2722	-9.898508	▁difficult
2723	-9.898935	ral
2724	-9.899008	ങ്ങ
2725	-9.899108	▁neither
2726	-9.899316	▁rahi
2727	-9.899769	:☎️
2728	-9.899790	▁ತ
2729	-9.899829	▁west
2730	-9.900325	▁front
2731	-9.900477	▁truly
2732	-9.900563	▁admins
2733	-9.900664	hy
2734	-9.900776	free
2735	-9.901035	ँ
2736	-9.901093	ק
2737	-9.901551	ass
2738	-9.902024	▁modi
2739	-9.902861	fo
2740	-9.903094	nch
2741	-9.903236	▁qu
2742	-9.903646	▁kodu
2743	-9.903756	▁separate
2744	-9.904763	▁mor
2745	-9.905422	ಕಿ
2746	-9.905618	ജ
2747	-9.905635	dru
2748	-9.906312	kha
2749	-9.908334	是
2750	-9.909322	just
2751	-9.909863	▁risk
2752	-9.910026	▁takes
2753	-9.910141	ization
2754	-9.910631	kkan
2755	-9.910705	▁sun
2756	-9.910821	▁kali
2757	-9.911113	af
2758	-9.911367	▁proper
2759	-9.912001	▁document
2760	-9.912429	▁अपने
2761	-9.912692	▁liar
2762	-9.912968	▁costs
2763	-9.913132	▁nicht
2764	-9.913735	जा
2765	-9.913880	रे
2766	-9.914089	ित
2767	-9.914280	ions
2768	-9.914447	▁deleting
2769	-9.914465	▁sometimes
2770	-9.915112	פ
2771	-9.916425	▁इन
2772	-9.916916	▁pur
2773	-9.917027	▁meaning
2774	-9.918397	മ്മ
2775	-9.918643	▁मैं
2776	-9.919052	▁मिल
2777	-9.919142	ppo
2778	-9.919363	▁putting
2779	-9.919414	ேன்
2780	-9.920309	▁imp
2781	-9.920517	▁march
2782	-9.920605	▁defend
2783	-9.920696	▁nada
2784	-9.921127	▁ur
2785	-9.921848	▁hawaii
2786	-9.922175	▁bunch
2787	-9.922329	▁பி
2788	-9.923264	&
2789	-9.923337	aki
2790	-9.923378	car
2791	-9.923437	▁forget
2792	-9.923711	▁rail
2793	-9.923776	ip
2794	-9.923997	dd
2795	-9.924061	▁property
2796	-9.924289	ade
2797	-9.924944	▁heart
2798	-9.924951	ች
2799	-9.925611	▁green
2800	-9.925962	▁ഉള്ള
2801	-9.926851	▁उ
2802	-9.926906	ओ
2803	-9.927263	▁member
2804	-9.927820	ై
2805	-9.927870	💞
2806	-9.927969	▁study
2807	-9.928060	▁medical
2808	-9.928077	ase
2809	-9.929196	▁drive
2810	-9.929691	ள்
2811	-9.929743	▁lav
2812	-9.930315	▁panni
2813	-9.930629	క్క
2814	-9.930964	í
2815	-9.931252	head
2816	-9.931266	▁pr
2817	-9.931396	▁quality
2818	-9.931685	tam
2819	-9.931965	💐
2820	-9.932020	this
2821	-9.932178	chchu
2822	-9.932425	▁choose
2823	-9.933035	▁എന്ന്
2824	-9.933289	ae
2825	-9.933985	▁वो
2826	-9.934156	▁parents
2827	-9.934229	▁produce
2828	-9.934801	ሳ
2829	-9.934806	▁cor
2830	-9.935001	▁ungka
2831	-9.935054	▁🙄
2832	-9.935796	▁native
2833	-9.937015	сь
2834	-9.937212	ible
2835	-9.937498	って
2836	-9.937801	▁poll
2837	-9.937958	▁cheers
2838	-9.938251	▁वि
2839	-9.938704	▁व
2840	-9.938831	▁cool
2841	-9.938924	cheppabadunu
2842	-9.939068	▁chal
2843	-9.939591	avi
2844	-9.939664	▁दिया
2845	-9.939734	▁remain
2846	-9.939758	▁reverting
2847	-9.940034	wi
2848	-9.940560	▁couldn
2849	-9.940740	▁benefit
2850	-9.941025	▁fear
2851	-9.941188	▁sandbox
2852	-9.941198	▁slut
2853	-9.941475	▁ا
2854	-9.941668	ठ
2855	-9.941733	rri
2856	-9.942371	ፍ
2857	-9.942483	▁creating
2858	-9.943348	alla
2859	-9.944189	▁ac
2860	-9.944357	▁ع
2861	-9.944389	▁bol
2862	-9.945158	",
2863	-9.945409	▁കൊ
2864	-9.945454	▁saa
2865	-9.945832	📲
2866	-9.946001	▁concept
2867	-9.946239	med
2868	-9.946481	▁forward
2869	-9.947175	▁vit
2870	-9.947283	▁ನೀನು
2871	-9.947360	తి
2872	-9.947640	unga
2873	-9.948232	▁addition
2874	-9.948616	▁beyond
2875	-9.948762	▁moment
2876	-9.948870	iye
2877	-9.949190	ndu
2878	-9.949493	bit
2879	-9.949636	▁ನನ್ನ
2880	-9.949686	गी
2881	-9.949707	ان
2882	-9.950280	▁dollars
2883	-9.950731	▁श
2884	-9.950788	that
2885	-9.951539	ple
2886	-9.951944	ious
2887	-9.952130	▁തന്നെ
2888	-9.952281	▁pon
2889	-9.952599	సు
2890	-9.953026	▁username
2891	-9.953041	▁muslims
2892	-9.953817	dra
2893	-9.954002	▁ein
2894	-9.954689	ris
2895	-9.954808	▁mere
2896	-9.955636	▁col
2897	-9.955642	റി
2898	-9.955842	hal
2899	-9.956266	വി
2900	-9.956377	ments
2901	-9.956536	ൈ
2902	-9.957009	▁award
2903	-9.957256	▁happens
2904	-9.957403	▁चु
2905	-9.957419	▁students
2906	-9.957420	▁हर
2907	-9.957725	uva
2908	-9.957889	▁к
2909	-9.958094	ddu
2910	-9.958199	▁ignore
2911	-9.958388	▁சார்பாக
2912	-9.959339	▁argue
2913	-9.959623	▁bear
2914	-9.959826	▁modern
2915	-9.960217	▁mun
2916	-9.960319	non
2917	-9.960395	ش
2918	-9.961088	ы
2919	-9.961380	ص
2920	-9.962550	▁online
2921	-9.962559	▁ఎంత
2922	-9.962680	chan
2923	-9.962684	▁statements
2924	-9.962691	▁pet
2925	-9.962823	▁ఒక
2926	-9.963106	▁ഇത്
2927	-9.963164	▁ل
2928	-9.963200	▁knows
2929	-9.963345	▁effect
2930	-9.963605	ፈ
2931	-9.963758	று
2932	-9.964021	ጥ
2933	-9.964173	▁east
2934	-9.964633	డ్
2935	-9.965125	ther
2936	-9.965185	خ
2937	-9.965643	ப்பா
2938	-9.965858	▁voters
2939	-9.966282	▁kon
2940	-9.966425	نا
2941	-9.966498	str
2942	-9.966733	▁price
2943	-9.966737	▁aayi
2944	-9.966849	▁afd
2945	-9.966852	▁suspect
2946	-9.966857	▁வெற்றி
2947	-9.967329	▁glad
2948	-9.967342	how
2949	-9.967896	▁protest
2950	-9.968268	▁dick
2951	-9.968475	istic
2952	-9.968658	▁sick
2953	-9.968914	ж
2954	-9.968935	▁ellaa
2955	-9.968980	roo
2956	-9.969371	▁pole
2957	-9.969715	നി
2958	-9.969886	▁vandalize
2959	-9.970724	day
2960	-9.970730	िक
2961	-9.970777	▁christian
2962	-9.971188	▁ಬರ
2963	-9.971325	▁final
2964	-9.971348	▁father
2965	-9.971369	▁சா
2966	-9.971687	ట
2967	-9.971820	—
2968	-9.971891	▁cited
2969	-9.972373	ту
2970	-9.972447	▁varu
2971	-9.972532	okke
2972	-9.973241	▁independent
2973	-9.973323	ddi
2974	-9.973720	▁ag
2975	-9.973826	▁miss
2976	-9.973953	ض
2977	-9.974092	▁theory
2978	-9.974197	▁dekh
2979	-9.974469	▁moral
2980	-9.975307	▁dec
2981	-9.975343	भा
2982	-9.975624	▁जय
2983	-9.976015	▁semma
2984	-9.976077	▁dear
2985	-9.976418	alo
2986	-9.976481	od
2987	-9.976931	ಲ್ಲಿ
2988	-9.977030	dar
2989	-9.977042	▁biased
2990	-9.977103	▁wall
2991	-9.977509	▁veri
2992	-9.977662	▁mon
2993	-9.978479	▁key
2994	-9.979179	▁mc
2995	-9.980126	ழ
2996	-9.980422	▁పూకు
2997	-9.980600	ത്തി
2998	-9.981516	▁schools
2999	-9.981628	▁avar
3000	-9.981645	▁season
3001	-9.982053	lie
3002	-9.982841	▁bush
3003	-9.983256	▁mit
3004	-9.983391	work
3005	-9.983689	hen
3006	-9.983692	▁brain
3007	-9.983985	side
3008	-9.984211	▁pad
3009	-9.984740	▁millions
3010	-9.984879	▁agenda
3011	-9.985168	▁ఏ
3012	-9.985428	▁energy
3013	-9.986434	▁offer
3014	-9.986463	▁alle
3015	-9.986811	ants
3016	-9.986909	மி
3017	-9.987360	▁ተ
3018	-9.987387	ें
3019	-9.987791	▁lose
3020	-9.987820	▁har
3021	-9.987871	▁kitt
3022	-9.988281	▁ped
3023	-9.988565	ದಲ್ಲಿ
3024	-9.988882	▁cre
3025	-9.989520	▁avan
3026	-9.990031	▁admit
3027	-9.990231	ified
3028	-9.990513	▁chinese
3029	-9.990867	▁kid
3030	-9.990900	list
3031	-9.991167	▁role
3032	-9.991642	▁aay
3033	-9.993392	▁పరిష్కారం
3034	-9.993398	▁parishkaran
3035	-9.993400	▁billion
3036	-9.993443	▁direct
3037	-9.993444	▁series
3038	-9.993509	ها
3039	-9.994346	ure
3040	-9.995050	യെ
3041	-9.995221	ലി
3042	-9.995571	▁आज
3043	-9.995583	▁ചേച്ചി
3044	-9.996246	▁செ
3045	-9.996316	▁reflect
3046	-9.996376	ita
3047	-9.996434	ude
3048	-9.996859	▁natural
3049	-9.996919	▁uploaded
3050	-9.997060	▁body
3051	-9.997385	▁basic
3052	-9.997769	▁वाले
3053	-9.997803	san
3054	-9.997866	▁letter
3055	-9.998145	▁damn
3056	-9.998322	▁directly
3057	-9.998728	وا
3058	-9.998882	னை
3059	-9.999233	▁జాతకం
3060	-9.999922	ाय
3061	-9.999942	▁भारत
3062	-10.000096	ef
3063	-10.000322	let
3064	-10.000546	▁வா
3065	-10.000708	▁trouble
3066	-10.000848	ен
3067	-10.001410	▁చెప్పబడును
3068	-10.001461	യി
3069	-10.002474	vala
3070	-10.002499	▁accepted
3071	-10.002581	ל
3072	-10.003704	ну
3073	-10.003720	▁irukka
3074	-10.005548	professional
3075	-10.005955	▁luck
3076	-10.006196	же
3077	-10.006422	ിച്ച
3078	-10.006496	രു
3079	-10.006568	iyum
3080	-10.006584	off
3081	-10.006931	zhu
3082	-10.007172	▁അത
3083	-10.007345	cent
3084	-10.007578	▁ಗ
3085	-10.007957	во
3086	-10.008039	▁climate
3087	-10.008039	▁violence
3088	-10.008039	▁కోర్టు
3089	-10.008087	▁excuse
3090	-10.008629	▁పో
3091	-10.009152	▁um
3092	-10.009884	▁ch
3093	-10.010577	well
3094	-10.011292	▁insult
3095	-10.012824	▁focus
3096	-10.013235	ulu
3097	-10.013352	యి
3098	-10.013471	▁stick
3099	-10.014025	▁results
3100	-10.014312	▁intha
3101	-10.014315	▁meant
3102	-10.014701	contributing
3103	-10.014701	▁easily
3104	-10.014784	▁min
3105	-10.014942	▁decided
3106	-10.015010	pl
3107	-10.015208	▁mistake
3108	-10.015459	▁కి
3109	-10.015462	▁मोदी
3110	-10.015491	lk
3111	-10.016685	▁करने
3112	-10.016760	pan
3113	-10.017137	▁wing
3114	-10.017156	▁ച
3115	-10.017285	▁chan
3116	-10.017353	ay
3117	-10.017506	し
3118	-10.017931	▁justice
3119	-10.018066	▁yar
3120	-10.018448	▁required
3121	-10.018509	▁willing
3122	-10.018528	▁ನಿನ್
3123	-10.019167	▁alternative
3124	-10.019270	రే
3125	-10.019533	डी
3126	-10.019542	nc
3127	-10.019613	▁uk
3128	-10.019709	▁ಉ
3129	-10.019711	▁cons
3130	-10.020315	ंग
3131	-10.020468	tz
3132	-10.020844	tr
3133	-10.020849	▁beat
3134	-10.021318	▁poyi
3135	-10.021385	own
3136	-10.021904	ם
3137	-10.022248	▁ball
3138	-10.023208	ನ್ನು
3139	-10.023414	ә
3140	-10.023659	▁spending
3141	-10.024101	▁chey
3142	-10.024195	தான்
3143	-10.024302	▁lying
3144	-10.024450	▁ነው
3145	-10.024526	▁visit
3146	-10.024565	▁cur
3147	-10.025675	▁exp
3148	-10.027006	గు
3149	-10.027307	▁han
3150	-10.027887	▁mental
3151	-10.028011	akke
3152	-10.028249	pre
3153	-10.028308	शा
3154	-10.028915	▁politicians
3155	-10.029802	▁cases
3156	-10.030484	ಳೆ
3157	-10.030542	ksha
3158	-10.030650	hood
3159	-10.031191	❣️
3160	-10.031591	color
3161	-10.031654	ल्
3162	-10.032040	▁fund
3163	-10.032350	▁sock
3164	-10.032528	some
3165	-10.032693	சி
3166	-10.032719	▁prefer
3167	-10.032733	▁ci
3168	-10.033051	▁ಮು
3169	-10.033444	▁ي
3170	-10.033587	▁contribute
3171	-10.034255	лар
3172	-10.034664	ധ
3173	-10.034807	▁hero
3174	-10.034839	▁🌹
3175	-10.035381	▁failed
3176	-10.036126	▁color
3177	-10.036222	▁cross
3178	-10.036394	▁towards
3179	-10.036657	ವಾ
3180	-10.036897	వి
3181	-10.037015	▁kai
3182	-10.037086	▁mus
3183	-10.037586	▁moo
3184	-10.037911	▁bus
3185	-10.038135	ries
3186	-10.038384	ತ್ತ
3187	-10.038976	▁dislike
3188	-10.039515	▁negative
3189	-10.040318	▁smart
3190	-10.040843	सी
3191	-10.041065	▁pick
3192	-10.041392	▁பொ
3193	-10.041820	▁pri
3194	-10.042439	▁tin
3195	-10.042471	न्
3196	-10.042536	▁nature
3197	-10.042866	▁gaaa
3198	-10.043100	▁जब
3199	-10.043328	▁despite
3200	-10.043344	ವೆ
3201	-10.044075	తో
3202	-10.044098	▁kada
3203	-10.044188	.."
3204	-10.044488	▁madi
3205	-10.044850	▁🤔
3206	-10.044931	▁via
3207	-10.045581	▁dha
3208	-10.045655	▁മാ
3209	-10.045918	▁island
3210	-10.046588	▁ಹಾ
3211	-10.046610	bhartala
3212	-10.046821	ॉ
3213	-10.047005	▁sama
3214	-10.047012	ിയ
3215	-10.048534	▁ಇರ
3216	-10.048640	ூ
3217	-10.048694	▁computer
3218	-10.049197	▁posting
3219	-10.049279	tch
3220	-10.049653	▁വാ
3221	-10.049887	▁நான்
3222	-10.049928	▁apply
3223	-10.051000	▁environment
3224	-10.051054	💐💐
3225	-10.051079	tter
3226	-10.051425	▁ഇല്ല
3227	-10.051780	▁ph
3228	-10.051787	▁promote
3229	-10.051788	bil
3230	-10.051845	mal
3231	-10.052919	▁వా
3232	-10.053035	ప్
3233	-10.053674	uu
3234	-10.053676	▁🙄🙄
3235	-10.053960	▁paul
3236	-10.054369	▁listen
3237	-10.055298	थ
3238	-10.055664	ux
3239	-10.056184	▁sell
3240	-10.056267	▁street
3241	-10.057150	▁то
3242	-10.057220	rick
3243	-10.057406	rap
3244	-10.057496	क्
3245	-10.057501	де
3246	-10.057548	mai
3247	-10.058040	▁respond
3248	-10.058621	வே
3249	-10.058777	▁changing
3250	-10.058874	ever
3251	-10.059091	▁നല്ല
3252	-10.059111	▁treat
3253	-10.059138	▁late
3254	-10.059513	▁develop
3255	-10.059899	▁sl
3256	-10.060339	టి
3257	-10.060412	▁movement
3258	-10.060773	ou
3259	-10.060823	lt
3260	-10.060826	▁helpful
3261	-10.060915	▁cal
3262	-10.060946	ec
3263	-10.061316	gle
3264	-10.061363	▁honest
3265	-10.061804	▁citation
3266	-10.062040	ियों
3267	-10.062103	▁apne
3268	-10.062257	fl
3269	-10.062330	tai
3270	-10.063855	▁pola
3271	-10.064092	dri
3272	-10.064169	▁இல்ல
3273	-10.064289	og
3274	-10.064742	▁बे
3275	-10.065246	വർ
3276	-10.065524	▁jaa
3277	-10.065792	▁primary
3278	-10.065993	▁kat
3279	-10.066052	▁tend
3280	-10.066170	ד
3281	-10.066628	▁இருக்க
3282	-10.066853	kkaan
3283	-10.067080	▁nivu
3284	-10.067476	க்கி
3285	-10.067717	▁room
3286	-10.067767	ಲಾ
3287	-10.068129	வை
3288	-10.068552	ಗು
3289	-10.068795	ട്ട്
3290	-10.069451	▁ಸು
3291	-10.069733	▁pull
3292	-10.069840	ら
3293	-10.070436	了
3294	-10.070861	ുള്ള
3295	-10.070899	lun
3296	-10.071442	▁പറഞ്ഞ
3297	-10.071710	▁പ്ര
3298	-10.071759	▁historical
3299	-10.071795	ወ
3300	-10.072031	▁profit
3301	-10.072133	▁existing
3302	-10.072168	▁तू
3303	-10.072235	▁club
3304	-10.072791	▁concerned
3305	-10.072799	ቅ
3306	-10.073092	चा
3307	-10.073214	▁goal
3308	-10.073948	▁pm
3309	-10.074374	▁security
3310	-10.075247	▁leader
3311	-10.075397	▁सं
3312	-10.075417	?"
3313	-10.075457	ಾಗ
3314	-10.075683	▁creation
3315	-10.075829	fu
3316	-10.077431	bba
3317	-10.077533	▁definitely
3318	-10.077968	▁నీకు
3319	-10.078075	िया
3320	-10.078473	ಕೊಂಡು
3321	-10.078545	naa
3322	-10.078593	▁tags
3323	-10.078686	ವಿ
3324	-10.078725	▁messages
3325	-10.078763	गे
3326	-10.078863	യ്
3327	-10.079036	▁या
3328	-10.079535	▁होता
3329	-10.079868	▁बा
3330	-10.079968	▁surya
3331	-10.080364	utomatically
3332	-10.080614	▁raj
3333	-10.080670	ാണ്
3334	-10.080701	▁external
3335	-10.080985	ಹಿ
3336	-10.081145	▁hota
3337	-10.082021	▁reported
3338	-10.082106	▁effort
3339	-10.082428	▁nijam
3340	-10.082569	hoo
3341	-10.083084	▁मुझे
3342	-10.083214	▁contest
3343	-10.083227	ടെ
3344	-10.083735	▁map
3345	-10.083779	टी
3346	-10.083881	▁फिर
3347	-10.083933	ко
3348	-10.085137	▁sie
3349	-10.085256	edit
3350	-10.085493	▁అని
3351	-10.085825	tur
3352	-10.085897	ാം
3353	-10.086270	▁సమస్యకైనా
3354	-10.086353	▁brother
3355	-10.086462	లా
3356	-10.086805	▁गा
3357	-10.086836	▁posts
3358	-10.087361	▁bahut
3359	-10.087829	▁possibly
3360	-10.088207	▁spent
3361	-10.088631	▁guru
3362	-10.088666	samasyakaina
3363	-10.089499	▁brought
3364	-10.089956	▁imagine
3365	-10.089973	▁tanne
3366	-10.090499	▁voice
3367	-10.090580	्या
3368	-10.091293	▁archive
3369	-10.091470	യിൽ
3370	-10.091919	ча
3371	-10.092644	▁reasonable
3372	-10.092669	ー
3373	-10.093300	ട്
3374	-10.093811	des
3375	-10.094325	▁model
3376	-10.094539	row
3377	-10.094705	fin
3378	-10.094773	ward
3379	-10.095194	anna
3380	-10.095195	▁रह
3381	-10.095255	▁laik
3382	-10.095471	▁details
3383	-10.095892	▁bottom
3384	-10.096251	▁adu
3385	-10.096299	pen
3386	-10.096366	▁मार
3387	-10.096393	▁idiots
3388	-10.096729	athe
3389	-10.096921	▁deserve
3390	-10.097078	▁mud
3391	-10.097584	ിട്ട്
3392	-10.098812	yil
3393	-10.098866	▁tak
3394	-10.098989	tham
3395	-10.099008	ida
3396	-10.099675	than
3397	-10.099902	▁telling
3398	-10.099931	▁sand
3399	-10.100243	▁ser
3400	-10.100507	றி
3401	-10.100828	बा
3402	-10.100903	▁rep
3403	-10.101170	▁gar
3404	-10.101276	▁sites
3405	-10.101280	ria
3406	-10.101346	▁anymore
3407	-10.101391	▁மாதிரி
3408	-10.101543	▁propaganda
3409	-10.101726	ச்ச
3410	-10.102149	▁ahead
3411	-10.102629	▁ಚ
3412	-10.103165	▁etuvanti
3413	-10.103336	aram
3414	-10.103602	▁shame
3415	-10.103732	▁hurt
3416	-10.103894	💕
3417	-10.103915	▁gaya
3418	-10.104033	ない
3419	-10.104094	ச்சி
3420	-10.104123	▁auto
3421	-10.104665	▁medam
3422	-10.104809	മി
3423	-10.105098	በ
3424	-10.105678	align
3425	-10.105761	ज़
3426	-10.106416	▁responsible
3427	-10.106659	laa
3428	-10.106816	▁standards
3429	-10.107414	ದಾ
3430	-10.107604	▁kel
3431	-10.108836	త్
3432	-10.108842	ዳ
3433	-10.109104	ray
3434	-10.109146	▁א
3435	-10.109174	▁israel
3436	-10.109403	▁incorrect
3437	-10.109810	▁koo
3438	-10.110558	▁pada
3439	-10.110591	▁mostly
3440	-10.110661	▁seeing
3441	-10.110819	ens
3442	-10.111604	cle
3443	-10.111695	ри
3444	-10.111873	wo
3445	-10.112001	gh
3446	-10.112475	▁ref
3447	-10.112700	▁கொ
3448	-10.113347	▁deep
3449	-10.113732	particularly
3450	-10.113840	▁അല്ല
3451	-10.114019	▁bay
3452	-10.114047	ile
3453	-10.114554	lich
3454	-10.114746	bra
3455	-10.115078	▁development
3456	-10.115342	tare
3457	-10.115423	▁kr
3458	-10.115506	て
3459	-10.116089	ille
3460	-10.116158	▁games
3461	-10.116337	unna
3462	-10.117070	లే
3463	-10.117549	ez
3464	-10.117609	▁services
3465	-10.117832	▁favor
3466	-10.118778	late
3467	-10.118894	▁ways
3468	-10.119448	மை
3469	-10.119525	▁influence
3470	-10.120031	==
3471	-10.120036	▁voting
3472	-10.120176	▁ಯಾವ
3473	-10.120272	🥰
3474	-10.120337	▁hands
3475	-10.120440	▁popular
3476	-10.120571	▁eva
3477	-10.120667	▁thousands
3478	-10.120711	nai
3479	-10.120774	▁miru
3480	-10.121380	▁vai
3481	-10.121465	att
3482	-10.121750	ila
3483	-10.122017	▁straight
3484	-10.122114	▁പട്ടി
3485	-10.122195	▁terrorist
3486	-10.122286	ధ
3487	-10.122597	▁describe
3488	-10.122749	▁bid
3489	-10.123460	ி
3490	-10.123658	▁+
3491	-10.124486	▁century
3492	-10.124493	▁average
3493	-10.124773	▁highly
3494	-10.125064	ü
3495	-10.125103	▁ತು
3496	-10.125316	▁ఎటువంటి
3497	-10.125851	▁പോ
3498	-10.126146	▁approach
3499	-10.126726	▁grow
3500	-10.126893	▁ante
3501	-10.127037	▁code
3502	-10.127535	▁vandal
3503	-10.128348	🤣
3504	-10.128434	ь
3505	-10.128745	▁ഉ
3506	-10.128860	▁europe
3507	-10.129424	lic
3508	-10.129571	▁object
3509	-10.129594	▁supporters
3510	-10.130219	▁evil
3511	-10.130312	▁worst
3512	-10.130322	दा
3513	-10.131281	▁spi
3514	-10.131329	▁silly
3515	-10.131374	ken
3516	-10.131374	til
3517	-10.131396	▁pakka
3518	-10.131570	▁unblock
3519	-10.131943	▁సంతాన
3520	-10.132020	zhi
3521	-10.132115	▁तक
3522	-10.132694	▁serve
3523	-10.132877	ң
3524	-10.133558	▁करते
3525	-10.133600	ष
3526	-10.134143	ator
3527	-10.134178	▁democratic
3528	-10.134191	ду
3529	-10.134383	▁event
3530	-10.134652	▁खा
3531	-10.135338	ties
3532	-10.135339	▁बन
3533	-10.135354	▁french
3534	-10.135437	▁debt
3535	-10.135471	▁candidate
3536	-10.135474	▁ಒಂದು
3537	-10.135476	▁എന്റെ
3538	-10.135984	▁range
3539	-10.136106	▁merely
3540	-10.136578	▁q
3541	-10.137108	kko
3542	-10.137463	chen
3543	-10.137882	टा
3544	-10.137888	read
3545	-10.138556	తు
3546	-10.139053	ಜ
3547	-10.139205	▁corrupt
3548	-10.140290	▁citations
3549	-10.140440	▁killing
3550	-10.141422	specifically
3551	-10.141818	▁fish
3552	-10.141880	ні
3553	-10.141996	era
3554	-10.142045	▁positive
3555	-10.142367	utte
3556	-10.142390	▁degree
3557	-10.142492	▁manual
3558	-10.142673	யில்
3559	-10.142927	▁చేయండి
3560	-10.142972	▁marana
3561	-10.143152	arch
3562	-10.143474	mos
3563	-10.143500	iti
3564	-10.143707	ண்ட
3565	-10.143738	kkun
3566	-10.143741	ಮ್ಮ
3567	-10.144499	▁і
3568	-10.144579	▁advice
3569	-10.144638	че
3570	-10.144639	لي
3571	-10.144644	old
3572	-10.144829	▁grand
3573	-10.145480	▁bal
3574	-10.145491	😡
3575	-10.145493	▁sucks
3576	-10.145814	▁error
3577	-10.145931	▁లే
3578	-10.146249	hara
3579	-10.146580	டை
3580	-10.146710	pped
3581	-10.146901	▁gain
3582	-10.147154	ಥ
3583	-10.147967	▁earlier
3584	-10.148239	▁entirely
3585	-10.148314	ру
3586	-10.148488	ಟ್ಟ
3587	-10.148588	cur
3588	-10.148605	हा
3589	-10.148709	uk
3590	-10.148868	▁ನೀವು
3591	-10.148999	▁അത്
3592	-10.149127	▁tri
3593	-10.149326	ಪ್
3594	-10.149405	▁shall
3595	-10.149562	▁ಇದೆ
3596	-10.149885	uda
3597	-10.150520	▁minister
3598	-10.150686	nja
3599	-10.150862	▁vast
3600	-10.151218	atu
3601	-10.151923	▁basis
3602	-10.152640	enti
3603	-10.152642	▁sharm
3604	-10.152733	▁looked
3605	-10.153206	▁harper
3606	-10.153476	▁license
3607	-10.153505	▁jana
3608	-10.153509	▁iruku
3609	-10.153651	▁panna
3610	-10.153652	▁charge
3611	-10.153981	▁greek
3612	-10.154280	▁jews
3613	-10.154304	▁qua
3614	-10.154397	ಧ
3615	-10.154922	▁ತಿ
3616	-10.155029	▁whose
3617	-10.155476	▁poo
3618	-10.155628	▁potu
3619	-10.156246	▁perfect
3620	-10.156800	லா
3621	-10.157112	▁drug
3622	-10.157349	▁సెల్
3623	-10.157884	cher
3624	-10.158067	си
3625	-10.158279	vers
3626	-10.158312	▁char
3627	-10.158577	▁county
3628	-10.159080	▁ontario
3629	-10.159286	▁ചെയ്യ
3630	-10.159299	▁cell
3631	-10.159430	▁math
3632	-10.159770	ians
3633	-10.160275	ழி
3634	-10.160627	▁,,
3635	-10.161335	▁label
3636	-10.162663	ല്ലേ
3637	-10.162923	▁nazi
3638	-10.163162	▁western
3639	-10.163333	🏻
3640	-10.163988	taa
3641	-10.164193	ിക്ക
3642	-10.164502	▁sit
3643	-10.164567	ped
3644	-10.165565	א
3645	-10.165705	over
3646	-10.166019	மே
3647	-10.166059	▁regardless
3648	-10.166558	tira
3649	-10.166591	▁వే
3650	-10.166629	▁من
3651	-10.166816	▁august
3652	-10.167149	▁दी
3653	-10.167278	யை
3654	-10.167582	▁दिल
3655	-10.167759	ొ
3656	-10.168035	▁ಬಾ
3657	-10.168118	யும்
3658	-10.168598	▁mana
3659	-10.168653	▁ivan
3660	-10.169043	haa
3661	-10.169054	▁أ
3662	-10.169186	▁நி
3663	-10.169310	ட்டா
3664	-10.169618	▁ran
3665	-10.169755	▁zero
3666	-10.170940	▁கி
3667	-10.171681	కా
3668	-10.171883	▁path
3669	-10.171965	glo
3670	-10.172190	▁hal
3671	-10.172408	▁bag
3672	-10.172554	rate
3673	-10.172742	▁acting
3674	-10.173618	ಕೊ
3675	-10.173621	]]
3676	-10.173741	▁ಪ್ರ
3677	-10.173749	ö
3678	-10.173753	▁department
3679	-10.173876	▁travel
3680	-10.174536	az
3681	-10.174953	್ಯಾ
3682	-10.175325	▁touch
3683	-10.175365	▁prior
3684	-10.175748	▁kur
3685	-10.176368	▁contributor
3686	-10.176386	ाई
3687	-10.176495	▁yennu
3688	-10.176893	▁shown
3689	-10.177041	▁ann
3690	-10.177242	▁financial
3691	-10.177470	è
3692	-10.177625	▁scientific
3693	-10.178076	▁ಜನ
3694	-10.178181	▁भाई
3695	-10.178459	▁नि
3696	-10.178722	box
3697	-10.179056	മാ
3698	-10.179345	▁டா
3699	-10.179356	ire
3700	-10.179375	▁lad
3701	-10.179635	▁sourced
3702	-10.179657	ون
3703	-10.180215	▁మీరు
3704	-10.180527	▁equal
3705	-10.180948	വും
3706	-10.181222	▁ל
3707	-10.181326	▁hel
3708	-10.181578	▁పెట్ట
3709	-10.181618	り
3710	-10.181624	bl
3711	-10.181650	dhe
3712	-10.181704	▁adult
3713	-10.181806	▁pata
3714	-10.182290	బ
3715	-10.182528	▁votes
3716	-10.182570	▁director
3717	-10.182597	▁places
3718	-10.182737	daa
3719	-10.182865	cious
3720	-10.183045	yun
3721	-10.183234	▁கே
3722	-10.183402	▁शर्म
3723	-10.183868	▁தா
3724	-10.184356	vel
3725	-10.185150	▁housing
3726	-10.185171	▁asshole
3727	-10.185319	▁origin
3728	-10.186019	▁racism
3729	-10.186098	▁target
3730	-10.186127	sch
3731	-10.186264	▁nigger
3732	-10.186638	▁hoga
3733	-10.186762	▁parties
3734	-10.186824	ban
3735	-10.186872	▁त
3736	-10.186979	கு
3737	-10.187063	cing
3738	-10.187253	hin
3739	-10.187333	cer
3740	-10.187674	▁да
3741	-10.187791	▁july
3742	-10.188147	మ్మ
3743	-10.188435	▁events
3744	-10.188608	rup
3745	-10.188667	oc
3746	-10.188946	▁raise
3747	-10.189190	ika
3748	-10.189204	tle
3749	-10.189227	▁described
3750	-10.189405	▁raja
3751	-10.189559	▁double
3752	-10.190239	▁ondu
3753	-10.190647	ini
3754	-10.191255	▁playing
3755	-10.191359	ill
3756	-10.191452	▁ഇനി
3757	-10.191664	ಪ್ಪ
3758	-10.191780	▁chat
3759	-10.191811	▁insert
3760	-10.191947	ging
3761	-10.192387	ेगा
3762	-10.192620	put
3763	-10.192895	▁ద
3764	-10.194146	ash
3765	-10.194389	ok
3766	-10.194438	mbi
3767	-10.194604	▁concern
3768	-10.194883	▁dar
3769	-10.194914	▁damage
3770	-10.195454	ವ್
3771	-10.195584	▁protection
3772	-10.195684	maa
3773	-10.196058	▁concerns
3774	-10.196160	▁train
3775	-10.196392	▁ಕೊಡ
3776	-10.196622	ఫ
3777	-10.196651	▁irrelevant
3778	-10.196680	▁ತುಂಬಾ
3779	-10.196828	▁held
3780	-10.197109	ക്കാ
3781	-10.197392	чи
3782	-10.197560	▁सरकार
3783	-10.197587	▁hun
3784	-10.197617	▁impact
3785	-10.197690	set
3786	-10.197721	▁maintain
3787	-10.197857	ളി
3788	-10.198209	దా
3789	-10.198512	▁sari
3790	-10.198533	▁ನಿಮ್
3791	-10.198775	▁moving
3792	-10.199210	▁ב
3793	-10.199223	▁fully
3794	-10.199332	చ్చ
3795	-10.199378	sco
3796	-10.199517	ме
3797	-10.199838	▁petta
3798	-10.200221	▁council
3799	-10.200369	▁കാണ
3800	-10.200538	▁kaha
3801	-10.200658	▁kodaka
3802	-10.200933	ся
3803	-10.200955	▁😌
3804	-10.201130	ಾಗಿ
3805	-10.201160	gli
3806	-10.201208	▁contain
3807	-10.201303	▁liye
3808	-10.201408	▁gop
3809	-10.202010	ї
3810	-10.202010	ג
3811	-10.202053	ಂಗ
3812	-10.202907	ى
3813	-10.203404	▁mani
3814	-10.203526	vaa
3815	-10.203804	▁newspaper
3816	-10.203840	á
3817	-10.203919	▁york
3818	-10.203942	▁കണ്ട
3819	-10.204997	?)
3820	-10.205081	▁readers
3821	-10.205390	▁जान
3822	-10.205991	▁extra
3823	-10.206499	▁episode
3824	-10.206532	▁walk
3825	-10.206611	സി
3826	-10.206691	▁diya
3827	-10.206868	▁bhaaryaa
3828	-10.206876	xi
3829	-10.207370	▁missing
3830	-10.207516	▁??
3831	-10.207577	▁basically
3832	-10.208250	வர்
3833	-10.208327	ngi
3834	-10.208414	ration
3835	-10.208468	▁prison
3836	-10.209230	▁btw
3837	-10.210225	▁டி
3838	-10.210286	▁speaking
3839	-10.210767	వ్
3840	-10.211119	▁wife
3841	-10.211679	▁"::
3842	-10.211708	ج
3843	-10.211912	രെ
3844	-10.211940	ുന്നത്
3845	-10.212131	▁hopefully
3846	-10.212434	▁center
3847	-10.212587	▁draw
3848	-10.212588	се
3849	-10.212734	▁dev
3850	-10.212867	▁అంతే
3851	-10.213250	▁ತರ
3852	-10.213758	▁iran
3853	-10.213799	கி
3854	-10.213928	▁normal
3855	-10.214028	▁सी
3856	-10.214395	ign
3857	-10.214652	▁ready
3858	-10.214797	▁bomb
3859	-10.215537	▁வீடியோ
3860	-10.215546	adalli
3861	-10.215553	യുടെ
3862	-10.216114	ку
3863	-10.216443	ಫ
3864	-10.216444	▁kett
3865	-10.216445	ס
3866	-10.216582	▁battle
3867	-10.216769	னும்
3868	-10.217006	מ
3869	-10.217210	▁lay
3870	-10.217357	▁tildes
3871	-10.217636	ency
3872	-10.217803	page
3873	-10.218212	▁idu
3874	-10.218428	▁harr
3875	-10.218429	▁భార్యాభర్తల
3876	-10.218545	▁phone
3877	-10.218940	▁ن
3878	-10.219172	ጋ
3879	-10.219175	ጣ
3880	-10.219382	▁ಬಿ
3881	-10.219554	thaa
3882	-10.220047	gue
3883	-10.220087	▁अपनी
3884	-10.220241	▁लग
3885	-10.221088	ping
3886	-10.221167	▁roman
3887	-10.221256	ege
3888	-10.221265	▁starting
3889	-10.221284	▁కాల్
3890	-10.221333	▁las
3891	-10.222556	link
3892	-10.222588	▁è
3893	-10.222609	രാ
3894	-10.222876	🌺🌺
3895	-10.222939	▁drop
3896	-10.223081	▁bother
3897	-10.223226	▁வே
3898	-10.223281	▁abb
3899	-10.223413	▁solid
3900	-10.223889	gon
3901	-10.224133	▁aada
3902	-10.224136	ಡೆ
3903	-10.224251	▁lots
3904	-10.224453	▁kuch
3905	-10.224671	ழு
3906	-10.225128	they
3907	-10.225246	▁begin
3908	-10.225446	▁rationale
3909	-10.225473	రం
3910	-10.225888	▁finding
3911	-10.226117	ാത്ത
3912	-10.226223	▁ల
3913	-10.226374	జ
3914	-10.226604	▁morning
3915	-10.226624	▁explaining
3916	-10.227074	▁та
3917	-10.227229	▁design
3918	-10.227413	▁leaving
3919	-10.227736	▁ഒ
3920	-10.227910	కే
3921	-10.228367	യോ
3922	-10.228463	▁చూ
3923	-10.229029	са
3924	-10.229161	▁jewish
3925	-10.229659	▁showing
3926	-10.229817	form
3927	-10.230598	iva
3928	-10.230647	▁ideas
3929	-10.231150	▁eye
3930	-10.231379	だ
3931	-10.231541	తా
3932	-10.231551	dis
3933	-10.231623	ica
3934	-10.231834	sse
3935	-10.232029	▁football
3936	-10.232119	vare
3937	-10.232203	▁tagged
3938	-10.232264	❤❤
3939	-10.232675	▁ny
3940	-10.232822	light
3941	-10.233028	▁मेरे
3942	-10.233417	▁harm
3943	-10.233629	gali
3944	-10.233676	log
3945	-10.234444	yya
3946	-10.234786	ま
3947	-10.234969	ക്കി
3948	-10.235053	wiki
3949	-10.235314	▁gives
3950	-10.235627	▁அடி
3951	-10.235712	▁உனக்கு
3952	-10.235730	▁bgm
3953	-10.235941	▁somebody
3954	-10.236320	ದ್ದು
3955	-10.236377	▁npov
3956	-10.236642	nvestigation
3957	-10.236660	▁method
3958	-10.236799	▁cast
3959	-10.236976	▁benefits
3960	-10.237344	दी
3961	-10.238270	sham
3962	-10.238318	▁പാ
3963	-10.238598	ತ್ತು
3964	-10.238783	ந்து
3965	-10.239053	▁baby
3966	-10.239342	▁track
3967	-10.239623	▁confirm
3968	-10.239692	ue
3969	-10.239920	wer
3970	-10.240056	▁പൊ
3971	-10.240133	▁expert
3972	-10.240307	▁सु
3973	-10.241577	▁onnum
3974	-10.241761	iyo
3975	-10.242197	__
3976	-10.242226	anga
3977	-10.242283	💞💞
3978	-10.242352	▁fra
3979	-10.242527	▁pani
3980	-10.242595	▁kaal
3981	-10.242835	▁areas
3982	-10.242943	▁लगा
3983	-10.243199	len
3984	-10.243239	ó
3985	-10.243520	▁ms
3986	-10.243674	▁ಹೋಗ
3987	-10.243762	valu
3988	-10.243771	▁neenu
3989	-10.244064	ತೆ
3990	-10.244188	▁maha
3991	-10.244316	▁ninte
3992	-10.244576	க்கும்
3993	-10.244630	до
3994	-10.245664	▁cro
3995	-10.245955	▁measure
3996	-10.246289	▁anno
3997	-10.246338	▁ಮಾ
3998	-10.246673	ങ്ങൾ
3999	-10.246725	▁ко
4000	-10.246890	▁conclusion
4001	-10.246894	ടു
4002	-10.247133	▁ए
4003	-10.247422	zh
4004	-10.247580	back
4005	-10.247646	▁minor
4006	-10.247686	gate
4007	-10.248130	ಷ
4008	-10.248289	▁shri
4009	-10.248406	▁அவ
4010	-10.248654	▁quick
4011	-10.249557	varige
4012	-10.249610	▁నిజం
4013	-10.251119	mani
4014	-10.251193	▁cock
4015	-10.251528	वे
4016	-10.251605	▁ح
4017	-10.251693	▁families
4018	-10.251695	oh
4019	-10.251792	▁ಗೆ
4020	-10.252102	जी
4021	-10.252530	▁నేను
4022	-10.252838	ulla
4023	-10.253150	▁acceptable
4024	-10.253170	▁jail
4025	-10.253310	▁מ
4026	-10.253327	▁ಅವರ
4027	-10.253503	pra
4028	-10.253742	▁peace
4029	-10.253777	ev
4030	-10.254097	▁chechchi
4031	-10.254899	▁arguments
4032	-10.255200	aye
4033	-10.255435	ന്നു
4034	-10.255693	▁nam
4035	-10.255943	▁sto
4036	-10.256329	▁generation
4037	-10.256561	נ
4038	-10.256609	constructive
4039	-10.257072	▁मर
4040	-10.257252	▁album
4041	-10.257395	❤
4042	-10.258609	ese
4043	-10.259248	▁നാ
4044	-10.259284	▁до
4045	-10.259395	gy
4046	-10.259481	▁வர
4047	-10.259756	jar
4048	-10.259809	▁मां
4049	-10.259844	▁🌹🌹
4050	-10.260090	▁birth
4051	-10.260115	▁pand
4052	-10.260460	:#
4053	-10.260848	bal
4054	-10.261042	▁ignorance
4055	-10.261639	▁blue
4056	-10.261730	▁supported
4057	-10.261829	▁గ
4058	-10.261849	▁girl
4059	-10.261895	▁அந்த
4060	-10.261933	▁os
4061	-10.262582	▁sol
4062	-10.262611	▁door
4063	-10.262693	▁army
4064	-10.262875	▁writer
4065	-10.262918	▁carry
4066	-10.263908	poli
4067	-10.264057	ار
4068	-10.264357	ദ
4069	-10.264599	ية
4070	-10.264635	ங்கள்
4071	-10.264931	▁ለ
4072	-10.264946	ವೇ
4073	-10.265290	▁pota
4074	-10.265778	غ
4075	-10.266033	rm
4076	-10.266407	low
4077	-10.266908	▁nanu
4078	-10.266977	ngal
4079	-10.266987	▁र
4080	-10.267243	post
4081	-10.267299	▁staff
4082	-10.267715	ിച്ചു
4083	-10.268385	▁कह
4084	-10.268602	▁പോയി
4085	-10.268677	cchi
4086	-10.268810	db
4087	-10.269722	▁kept
4088	-10.269737	му
4089	-10.269778	▁മോ
4090	-10.269890	▁madu
4091	-10.270036	▁din
4092	-10.270242	kara
4093	-10.270469	▁blocking
4094	-10.270652	kam
4095	-10.270707	።
4096	-10.270858	ים
4097	-10.270873	kaa
4098	-10.270900	▁agreed
4099	-10.270967	▁meeting
4100	-10.271144	uka
4101	-10.271148	▁ಇದ
4102	-10.271302	ob
4103	-10.271443	▁push
4104	-10.271491	ശ
4105	-10.271547	▁recommend
4106	-10.271559	▁तेरी
4107	-10.271641	char
4108	-10.271860	▁vs
4109	-10.271865	▁remind
4110	-10.271961	▁होगा
4111	-10.272208	▁factual
4112	-10.272840	cal
4113	-10.272926	▁somewhere
4114	-10.273070	▁gand
4115	-10.273342	भ
4116	-10.273594	▁х
4117	-10.274305	னி
4118	-10.274384	▁phrase
4119	-10.274510	▁iru
4120	-10.274804	ങ്ക
4121	-10.275194	▁వి
4122	-10.275378	▁à
4123	-10.275397	▁immigration
4124	-10.275591	▁bada
4125	-10.275764	ുക
4126	-10.276396	pir
4127	-10.276571	▁considering
4128	-10.276599	ಭ
4129	-10.276868	thil
4130	-10.276907	дә
4131	-10.276945	▁career
4132	-10.276963	▁decades
4133	-10.276995	▁blog
4134	-10.277015	▁tool
4135	-10.277041	▁regard
4136	-10.277378	cl
4137	-10.278636	▁immediately
4138	-10.279159	oru
4139	-10.279318	▁பட
4140	-10.279495	▁vidio
4141	-10.279546	ا
4142	-10.280062	ame
4143	-10.280233	▁built
4144	-10.280237	▁became
4145	-10.280503	▁somehow
4146	-10.281182	sia
4147	-10.281193	nka
4148	-10.281451	▁belong
4149	-10.281798	▁लो
4150	-10.282328	▁ninu
4151	-10.282577	्र
4152	-10.283129	▁cru
4153	-10.283679	▁ಕಾ
4154	-10.283910	▁ма
4155	-10.284018	💗
4156	-10.284140	ುವ
4157	-10.284654	▁cla
4158	-10.284734	pha
4159	-10.284994	ndo
4160	-10.285041	▁size
4161	-10.285096	▁ка
4162	-10.285283	▁pure
4163	-10.285704	▁fast
4164	-10.286055	▁ವಿಡಿಯೋ
4165	-10.286374	ാതെ
4166	-10.286613	▁authority
4167	-10.287525	▁eu
4168	-10.287845	▁വെ
4169	-10.287894	ruva
4170	-10.288011	▁attitude
4171	-10.288011	▁instance
4172	-10.288060	sur
4173	-10.288768	ತು
4174	-10.288978	▁பெற
4175	-10.289096	▁г
4176	-10.289248	ವು
4177	-10.289337	▁repeat
4178	-10.289677	▁мо
4179	-10.290512	ೋದು
4180	-10.290633	▁weeks
4181	-10.290656	▁product
4182	-10.290728	பா
4183	-10.290914	一
4184	-10.290988	して
4185	-10.291320	▁kaan
4186	-10.291378	▁🤣
4187	-10.291390	▁shoot
4188	-10.291562	▁threat
4189	-10.291839	mmu
4190	-10.291850	wing
4191	-10.291904	▁कहा
4192	-10.291942	▁fac
4193	-10.292111	▁wikiproject
4194	-10.292266	▁wage
4195	-10.292898	▁january
4196	-10.292898	▁talli
4197	-10.292977	▁watching
4198	-10.293228	spec
4199	-10.293259	thaan
4200	-10.293389	▁cunt
4201	-10.294168	▁blood
4202	-10.294286	▁ellaam
4203	-10.294378	ins
4204	-10.294525	tab
4205	-10.294867	▁bohot
4206	-10.294900	▁interview
4207	-10.295103	▁tamil
4208	-10.295478	த்தா
4209	-10.295613	ell
4210	-10.295682	▁apni
4211	-10.295844	▁province
4212	-10.296833	▁nomination
4213	-10.296882	▁அது
4214	-10.296986	▁ಅಲ್ಲ
4215	-10.297090	▁weak
4216	-10.297200	.”
4217	-10.298031	▁जि
4218	-10.298673	▁contract
4219	-10.298888	▁mane
4220	-10.299438	get
4221	-10.299752	hon
4222	-10.299788	▁worry
4223	-10.299959	▁बहन
4224	-10.300964	▁forum
4225	-10.301400	▁నాకు
4226	-10.301616	ടാ
4227	-10.301620	🤔
4228	-10.301688	▁fill
4229	-10.301703	▁ನನ್
4230	-10.301748	▁ማ
4231	-10.301820	🌿
4232	-10.302075	aan
4233	-10.302300	▁blo
4234	-10.302752	我
4235	-10.302846	▁pinne
4236	-10.302970	▁phir
4237	-10.303032	nti
4238	-10.303178	ан
4239	-10.303813	▁spread
4240	-10.304593	▁keeping
4241	-10.304723	▁june
4242	-10.304759	▁fellow
4243	-10.305084	iyil
4244	-10.305457	👍👍
4245	-10.305647	▁mid
4246	-10.305664	😠
4247	-10.305939	స్తా
4248	-10.306284	▁mouth
4249	-10.306648	fil
4250	-10.306693	vide
4251	-10.306850	▁blank
4252	-10.307557	▁throw
4253	-10.307720	▁proposal
4254	-10.307732	▁sakta
4255	-10.308716	▁inclusion
4256	-10.308726	▁थी
4257	-10.309184	▁six
4258	-10.309604	▁workers
4259	-10.310269	▁ಅಕ್ಕ
4260	-10.310653	💋
4261	-10.310699	▁promise
4262	-10.310721	▁pakistan
4263	-10.311008	▁stupidity
4264	-10.311063	▁ev
4265	-10.311116	▁pour
4266	-10.311287	▁🤔🤔
4267	-10.311325	▁kiya
4268	-10.311965	കി
4269	-10.312178	ato
4270	-10.312955	ub
4271	-10.313691	ಿನ
4272	-10.313741	▁defense
4273	-10.313870	▁அக்கா
4274	-10.313919	▁ಮಾಡ್
4275	-10.314527	ify
4276	-10.315037	ከ
4277	-10.315067	▁hot
4278	-10.315300	್ಯ
4279	-10.315683	▁store
4280	-10.315717	▁eyes
4281	-10.316075	ച്ചു
4282	-10.316428	▁received
4283	-10.316634	ер
4284	-10.316634	ಮಿ
4285	-10.316722	▁female
4286	-10.316940	▁enter
4287	-10.317122	with
4288	-10.317171	▁అక్క
4289	-10.317250	▁sw
4290	-10.317287	rid
4291	-10.317526	ming
4292	-10.317760	న్న
4293	-10.318076	▁reader
4294	-10.318084	ש
4295	-10.318194	▁pictures
4296	-10.318401	nic
4297	-10.318488	▁gud
4298	-10.318561	▁paar
4299	-10.318756	▁limit
4300	-10.319322	ned
4301	-10.319550	▁समझ
4302	-10.319750	▁connection
4303	-10.320908	▁guide
4304	-10.321000	▁guns
4305	-10.321296	யி
4306	-10.322437	tunna
4307	-10.322802	💋💋
4308	-10.322977	▁गई
4309	-10.323102	▁ку
4310	-10.323295	▁पे
4311	-10.323373	▁unit
4312	-10.323671	▁properly
4313	-10.323687	ppe
4314	-10.323939	▁gen
4315	-10.324154	▁п
4316	-10.325677	▁ला
4317	-10.326574	▁الم
4318	-10.326714	▁रो
4319	-10.326785	stic
4320	-10.326817	ሪ
4321	-10.326859	▁తీ
4322	-10.326879	▁om
4323	-10.327138	ole
4324	-10.327328	لا
4325	-10.327350	▁station
4326	-10.327830	ሉ
4327	-10.327837	வன்
4328	-10.328041	▁జ
4329	-10.328436	fully
4330	-10.328482	▁limited
4331	-10.328528	▁mur
4332	-10.328732	▁தி
4333	-10.328847	ካ
4334	-10.329694	▁pla
4335	-10.330175	vanga
4336	-10.330345	▁anywhere
4337	-10.330696	▁நீங்க
4338	-10.332425	zo
4339	-10.332444	▁साले
4340	-10.332803	मी
4341	-10.333248	▁david
4342	-10.333719	▁kare
4343	-10.333921	▁nun
4344	-10.334054	thy
4345	-10.334209	rich
4346	-10.334271	▁abhi
4347	-10.334371	▁लोगों
4348	-10.334758	▁ವಿ
4349	-10.334810	▁surprised
4350	-10.334905	ಶ
4351	-10.335085	సా
4352	-10.335149	▁daily
4353	-10.335758	▁pic
4354	-10.336238	▁చే
4355	-10.336717	ет
4356	-10.336818	ம்ப
4357	-10.336836	▁european
4358	-10.336857	▁played
4359	-10.336907	ches
4360	-10.336950	😘
4361	-10.337887	😜
4362	-10.337951	ات
4363	-10.338028	▁blow
4364	-10.338537	▁logic
4365	-10.339279	▁हे
4366	-10.339345	▁cra
4367	-10.339369	स्ट
4368	-10.340151	▁manner
4369	-10.340688	ச்சு
4370	-10.340699	▁linked
4371	-10.340715	!)
4372	-10.340979	▁players
4373	-10.341444	anaa
4374	-10.341733	▁proven
4375	-10.341917	pol
4376	-10.341939	▁छ
4377	-10.342183	▁ഇങ്ങനെ
4378	-10.342546	▁deny
4379	-10.342736	വേ
4380	-10.342956	▁പറയ
4381	-10.343181	你
4382	-10.343223	▁scene
4383	-10.343495	▁ability
4384	-10.344216	▁revenue
4385	-10.344383	int
4386	-10.344513	್ತಾ
4387	-10.344827	▁bot
4388	-10.345249	▁vehicle
4389	-10.345452	▁mara
4390	-10.345685	ләр
4391	-10.345786	▁dur
4392	-10.346294	▁democracy
4393	-10.346334	▁fault
4394	-10.346741	▁met
4395	-10.346862	▁reach
4396	-10.347242	ush
4397	-10.347301	udu
4398	-10.347785	▁bho
4399	-10.347968	▁terrorism
4400	-10.348300	▁plant
4401	-10.348433	▁ಇದು
4402	-10.348455	▁ಅಂದ್ರೆ
4403	-10.348644	😍😍
4404	-10.349030	▁mattum
4405	-10.349298	▁vol
4406	-10.349317	▁sea
4407	-10.349392	ዘ
4408	-10.349481	▁failure
4409	-10.349680	▁పా
4410	-10.350124	▁э
4411	-10.350430	nappropriate
4412	-10.350430	▁academic
4413	-10.350563	▁ಓ
4414	-10.350583	శ
4415	-10.351105	▁resources
4416	-10.351356	▁ಸಿ
4417	-10.351452	▁പോലെ
4418	-10.351470	▁washington
4419	-10.351707	▁isht
4420	-10.351757	▁ट
4421	-10.351793	nju
4422	-10.351898	▁dangerous
4423	-10.352063	ள்ள
4424	-10.352479	▁extremely
4425	-10.352882	ಕ್ಷ
4426	-10.353122	वर
4427	-10.353603	ier
4428	-10.353754	ലോ
4429	-10.353806	▁இல்லை
4430	-10.353991	gr
4431	-10.354483	▁chem
4432	-10.354768	▁ಮಗನೆ
4433	-10.354774	▁ಹೆ
4434	-10.355000	▁trip
4435	-10.355088	‍♂️
4436	-10.355227	▁про
4437	-10.355425	▁express
4438	-10.355428	▁काम
4439	-10.355551	▁supporting
4440	-10.355639	▁excellent
4441	-10.355701	ాలి
4442	-10.356167	ല്ലോ
4443	-10.356588	▁bhar
4444	-10.356639	▁merge
4445	-10.356685	▁removal
4446	-10.357186	▁edu
4447	-10.357415	ண்
4448	-10.357553	आ
4449	-10.357581	ше
4450	-10.357684	▁swa
4451	-10.358081	▁usual
4452	-10.358504	▁ಯಾರ
4453	-10.358574	ലാ
4454	-10.358824	▁అమ్మాయి
4455	-10.359015	▁vaya
4456	-10.359098	▁named
4457	-10.359203	സം
4458	-10.359591	br
4459	-10.359782	▁require
4460	-10.359825	▁governor
4461	-10.359843	▁conduct
4462	-10.360008	ರೂ
4463	-10.360166	▁hogi
4464	-10.360181	▁नाम
4465	-10.360226	▁student
4466	-10.360593	▁ಶ
4467	-10.360776	tel
4468	-10.360785	▁kick
4469	-10.361196	▁rob
4470	-10.361233	pping
4471	-10.361234	▁coverage
4472	-10.361346	ుకో
4473	-10.361485	▁leaders
4474	-10.361563	▁б
4475	-10.362082	dakke
4476	-10.362195	▁nations
4477	-10.362361	ante
4478	-10.362692	vada
4479	-10.362742	▁op
4480	-10.362975	▁agreement
4481	-10.363463	▁fr
4482	-10.363651	▁sections
4483	-10.364181	▁christ
4484	-10.364301	▁plain
4485	-10.364954	▁cities
4486	-10.365245	▁referring
4487	-10.365569	ben
4488	-10.365901	indi
4489	-10.365969	▁def
4490	-10.366273	▁pillars
4491	-10.366394	mana
4492	-10.366532	▁minutes
4493	-10.366632	െങ്കിൽ
4494	-10.366926	▁afford
4495	-10.367450	name
4496	-10.367790	▁राम
4497	-10.367938	▁discussed
4498	-10.368252	▁కొడకా
4499	-10.368280	▁additional
4500	-10.368533	▁ಜ
4501	-10.368773	ako
4502	-10.368839	▁victim
4503	-10.369312	▁श्री
4504	-10.369384	▁net
4505	-10.369446	▁odd
4506	-10.369872	▁yava
4507	-10.370090	ቸው
4508	-10.370374	▁nama
4509	-10.370375	mail
4510	-10.370545	▁nodi
4511	-10.370665	▁intended
4512	-10.371090	relationship
4513	-10.371123	▁കോ
4514	-10.371194	▁loser
4515	-10.372035	▁sold
4516	-10.372131	▁nut
4517	-10.372253	▁wondering
4518	-10.372423	ష
4519	-10.372511	▁employees
4520	-10.372524	▁homeless
4521	-10.372689	▁కొ
4522	-10.372750	lly
4523	-10.373173	▁ബ
4524	-10.373553	▁कभी
4525	-10.373580	gun
4526	-10.373610	▁లేదు
4527	-10.373642	▁biggest
4528	-10.373751	▁எல்லாம்
4529	-10.373847	▁examples
4530	-10.373919	▁ಮೇಲೆ
4531	-10.374617	ט
4532	-10.375451	ellam
4533	-10.375976	ಮ್
4534	-10.376110	▁enakku
4535	-10.376409	بي
4536	-10.376631	▁ഇവ
4537	-10.376674	ib
4538	-10.376693	rama
4539	-10.376718	▁mayor
4540	-10.376751	▁amazing
4541	-10.377582	పో
4542	-10.378891	▁blind
4543	-10.379118	▁दिखा
4544	-10.379200	▁april
4545	-10.379345	▁handle
4546	-10.379348	▁kont
4547	-10.379587	▁ወ
4548	-10.379953	▁corporation
4549	-10.380354	ты
4550	-10.380499	ام
4551	-10.380873	ன்னு
4552	-10.381032	▁kazhi
4553	-10.381236	▁നിന്റെ
4554	-10.381450	▁camp
4555	-10.381538	▁హ
4556	-10.382033	ന്ത
4557	-10.382235	▁மூ
4558	-10.382474	▁நல்லா
4559	-10.382696	▁चल
4560	-10.382753	ொ
4561	-10.383157	💙
4562	-10.383170	▁మేడం
4563	-10.383178	▁oregon
4564	-10.383398	▁जिस
4565	-10.383549	▁incident
4566	-10.383655	▁വന്ന
4567	-10.384146	ena
4568	-10.384158	▁गु
4569	-10.384243	▁దైవ
4570	-10.384280	▁sala
4571	-10.384664	class
4572	-10.385125	▁வெ
4573	-10.385234	▁وال
4574	-10.385410	▁beginning
4575	-10.385593	▁attend
4576	-10.386074	▁mudi
4577	-10.386683	▁anybody
4578	-10.386811	ഡ
4579	-10.386828	nny
4580	-10.387094	▁led
4581	-10.387228	▁😍😍
4582	-10.387993	ukku
4583	-10.388062	▁released
4584	-10.388145	▁matt
4585	-10.388206	ುತ್ತ
4586	-10.388561	▁प्यार
4587	-10.389036	ಂಡ
4588	-10.389249	சு
4589	-10.389631	▁సృష్టిలో
4590	-10.389695	▁अगर
4591	-10.389746	tundi
4592	-10.390048	yal
4593	-10.390380	ld
4594	-10.391283	▁turned
4595	-10.391831	ב
4596	-10.391919	▁சாதி
4597	-10.392111	▁ಇದ್ದ
4598	-10.392260	ത്തിൽ
4599	-10.393107	ளை
4600	-10.393240	jan
4601	-10.393665	▁iv
4602	-10.394246	"?
4603	-10.394940	▁success
4604	-10.395096	▁clown
4605	-10.395160	there
4606	-10.395629	▁sema
4607	-10.396265	▁meele
4608	-10.396426	ntha
4609	-10.396475	ಿದ್ದ
4610	-10.396564	▁nayi
4611	-10.396760	ರೇ
4612	-10.397111	▁ያ
4613	-10.397196	ड़ा
4614	-10.397224	▁legitimate
4615	-10.397300	nal
4616	-10.397434	▁eth
4617	-10.397518	qu
4618	-10.398006	ವರ
4619	-10.398193	▁refuse
4620	-10.398294	▁massive
4621	-10.399364	ц
4622	-10.399407	▁screen
4623	-10.399957	😍
4624	-10.400153	▁wikipedian
4625	-10.400364	▁individuals
4626	-10.400899	▁counter
4627	-10.401229	ಟಿ
4628	-10.401248	▁katta
4629	-10.401587	▁నిజమో
4630	-10.401590	ense
4631	-10.401690	esh
4632	-10.401886	verse
4633	-10.402225	▁yaaru
4634	-10.402437	win
4635	-10.402609	▁nearly
4636	-10.402613	▁za
4637	-10.402762	▁ನಾಯಿ
4638	-10.402997	మా
4639	-10.403584	▁pin
4640	-10.404009	▁replace
4641	-10.404041	word
4642	-10.404051	▁korea
4643	-10.404132	▁ك
4644	-10.404442	ces
4645	-10.404870	ン
4646	-10.404873	ኛ
4647	-10.405088	▁yaar
4648	-10.405346	і
4649	-10.405910	ect
4650	-10.405951	ೌ
4651	-10.405999	▁nadi
4652	-10.406224	elle
4653	-10.406272	▁factor
4654	-10.406358	▁quickly
4655	-10.407151	▁democrat
4656	-10.407365	▁ما
4657	-10.407377	ക്കു
4658	-10.407807	raj
4659	-10.408070	هم
4660	-10.408170	ዋ
4661	-10.408176	▁trash
4662	-10.408350	ంద
4663	-10.408655	rant
4664	-10.408868	rie
4665	-10.408887	ви
4666	-10.409242	🌸
4667	-10.409271	▁district
4668	-10.409272	▁easier
4669	-10.409301	ലെ
4670	-10.409366	▁function
4671	-10.409510	कार
4672	-10.409528	▁fixed
4673	-10.409554	ಲೇ
4674	-10.409907	▁region
4675	-10.410005	▁tro
4676	-10.410208	@
4677	-10.410249	▁teaching
4678	-10.410374	▁plenty
4679	-10.410429	▁card
4680	-10.410824	▁padi
4681	-10.411037	ition
4682	-10.411203	▁died
4683	-10.411479	▁november
4684	-10.411914	▁rates
4685	-10.412332	▁ه
4686	-10.412563	▁jack
4687	-10.412581	akka
4688	-10.412595	▁globe
4689	-10.412613	utti
4690	-10.412614	▁teaser
4691	-10.412746	▁पानी
4692	-10.412827	ಮೆ
4693	-10.412981	lf
4694	-10.413048	▁stock
4695	-10.413634	▁പിന്നെ
4696	-10.413657	би
4697	-10.413754	▁complain
4698	-10.414688	lip
4699	-10.414740	う
4700	-10.414854	▁chut
4701	-10.414855	▁brown
4702	-10.414970	▁ق
4703	-10.415086	தை
4704	-10.415159	▁types
4705	-10.415161	▁matr
4706	-10.416162	▁planet
4707	-10.416224	▁ಎಲ್ಲ
4708	-10.416228	▁receive
4709	-10.416276	wal
4710	-10.416553	రె
4711	-10.417027	conversation
4712	-10.417059	▁logo
4713	-10.417065	▁suit
4714	-10.417701	▁disgusting
4715	-10.418006	▁रख
4716	-10.418013	▁caused
4717	-10.418054	▁missed
4718	-10.418105	▁sales
4719	-10.418126	▁tutorial
4720	-10.418900	mba
4721	-10.418917	▁bla
4722	-10.419239	▁crazy
4723	-10.419251	▁क्यों
4724	-10.419600	▁dal
4725	-10.419751	▁करना
4726	-10.420561	ാവ
4727	-10.420597	nno
4728	-10.420861	▁proud
4729	-10.420975	ora
4730	-10.421207	▁roll
4731	-10.421261	▁insist
4732	-10.421517	▁central
4733	-10.421617	▁terr
4734	-10.421667	▁lib
4735	-10.421746	▁घ
4736	-10.421752	▁cash
4737	-10.421934	▁ഏ
4738	-10.422270	▁pig
4739	-10.422315	▁print
4740	-10.422327	▁pres
4741	-10.422517	▁theri
4742	-10.422874	▁whom
4743	-10.423134	..!!
4744	-10.423700	▁garbage
4745	-10.423702	▁அருமை
4746	-10.423885	▁leg
4747	-10.423965	അ
4748	-10.424109	▁von
4749	-10.424434	▁ഇട
4750	-10.424509	▁बता
4751	-10.424547	ഞ്ഞ
4752	-10.424767	ారు
4753	-10.424839	▁appeal
4754	-10.425032	▁😠😠
4755	-10.425607	▁mole
4756	-10.425939	▁నమ్మకంతో
4757	-10.425987	▁nha
4758	-10.426141	▁ಲೇ
4759	-10.426405	▁bai
4760	-10.426431	▁ಮನೆ
4761	-10.426565	▁ladki
4762	-10.426644	▁establish
4763	-10.427014	ించ
4764	-10.427048	く
4765	-10.427143	ഡ്
4766	-10.427824	ண்ண
4767	-10.428025	ث
4768	-10.428183	▁ऐसे
4769	-10.428597	tain
4770	-10.428610	लो
4771	-10.428780	ர்கள்
4772	-10.428834	▁chee
4773	-10.429240	▁como
4774	-10.429373	▁occur
4775	-10.429379	▁leadership
4776	-10.429402	▁ನಾನು
4777	-10.429452	ondu
4778	-10.429643	▁बाद
4779	-10.429894	▁wal
4780	-10.429981	nom
4781	-10.430153	ಳು
4782	-10.430430	▁apologize
4783	-10.430431	▁afraid
4784	-10.430476	ഷ്
4785	-10.430707	ಗಾ
4786	-10.431151	▁bhaee
4787	-10.431217	uko
4788	-10.431517	cus
4789	-10.431528	▁பெண்
4790	-10.431570	▁assault
4791	-10.431918	▁കാ
4792	-10.431989	hl
4793	-10.432168	▁treatment
4794	-10.432281	▁घर
4795	-10.432366	▁చె
4796	-10.432684	▁पहले
4797	-10.432698	▁prime
4798	-10.432778	▁बार
4799	-10.433003	▁कम
4800	-10.433228	thana
4801	-10.433275	ंद
4802	-10.433513	▁funding
4803	-10.433585	""?
4804	-10.433681	▁update
4805	-10.433812	intelligence
4806	-10.433845	▁village
4807	-10.433846	ды
4808	-10.434501	ky
4809	-10.434667	▁vee
4810	-10.434942	▁దుష్ట
4811	-10.435173	▁dai
4812	-10.435308	▁alla
4813	-10.435625	ugh
4814	-10.436714	▁tre
4815	-10.436955	▁immigrants
4816	-10.437054	▁ethnic
4817	-10.437161	▁passed
4818	-10.437172	▁ich
4819	-10.437205	\
4820	-10.437215	▁తల్లి
4821	-10.438615	▁wind
4822	-10.438650	▁whi
4823	-10.438792	▁farm
4824	-10.439165	atti
4825	-10.439224	aayi
4826	-10.439252	bre
4827	-10.440033	annu
4828	-10.440037	🙄
4829	-10.440133	▁raised
4830	-10.440141	मान
4831	-10.440163	▁hardly
4832	-10.440251	▁ప్ర
4833	-10.440462	▁ನೋಡಿ
4834	-10.440637	▁committee
4835	-10.440677	▁ആയി
4836	-10.440723	▁toronto
4837	-10.440844	kkunna
4838	-10.440876	ൊക്കെ
4839	-10.441628	ಯಲ್ಲಿ
4840	-10.441749	▁perspective
4841	-10.441750	▁eventually
4842	-10.441753	ബ
4843	-10.441779	▁।
4844	-10.441813	▁intention
4845	-10.442008	त्र
4846	-10.442228	phi
4847	-10.442260	▁hang
4848	-10.442612	▁చ
4849	-10.442816	mate
4850	-10.442887	や
4851	-10.442957	▁disruptive
4852	-10.442997	avan
4853	-10.443253	hra
4854	-10.443501	▁complaint
4855	-10.443639	vai
4856	-10.443783	▁ippo
4857	-10.444461	▁cl
4858	-10.444649	▁ಹಾಕ
4859	-10.444707	▁എന്താ
4860	-10.444789	▁எங்க
4861	-10.444877	пи
4862	-10.445254	▁exact
4863	-10.445321	▁അറിയ
4864	-10.445509	ண்டி
4865	-10.446121	▁round
4866	-10.446613	who
4867	-10.446648	▁claiming
4868	-10.447379	▁varum
4869	-10.447443	▁gonna
4870	-10.447663	ות
4871	-10.447670	▁साल
4872	-10.448010	▁vari
4873	-10.448343	px
4874	-10.448417	🥰🥰
4875	-10.449002	ரை
4876	-10.449374	തു
4877	-10.449389	▁germany
4878	-10.449622	▁hasn
4879	-10.449749	▁corporate
4880	-10.449849	▁थे
4881	-10.450041	pul
4882	-10.450498	ox
4883	-10.450701	▁african
4884	-10.450758	press
4885	-10.450814	पा
4886	-10.451770	▁justin
4887	-10.452157	▁ada
4888	-10.452342	▁во
4889	-10.452805	▁weight
4890	-10.452977	▁exists
4891	-10.453136	tini
4892	-10.453197	▁traffic
4893	-10.453252	vanu
4894	-10.453416	▁suggestion
4895	-10.454283	ول
4896	-10.454293	▁mag
4897	-10.454350	▁opportunity
4898	-10.454621	▁dark
4899	-10.454983	నీ
4900	-10.455294	▁controversi
4901	-10.455408	▁raw
4902	-10.455664	▁critic
4903	-10.455749	▁quit
4904	-10.455758	▁சு
4905	-10.455779	▁vet
4906	-10.455808	▁दिन
4907	-10.456279	▁kod
4908	-10.456444	▁hack
4909	-10.456543	▁typical
4910	-10.456634	▁ف
4911	-10.456690	▁purusha
4912	-10.456772	▁dem
4913	-10.456972	▁foundation
4914	-10.457075	▁ఉ
4915	-10.457124	▁woh
4916	-10.457135	ement
4917	-10.457576	ഡി
4918	-10.457771	▁cop
4919	-10.457805	aniki
4920	-10.457835	à
4921	-10.457859	▁എനിക്ക്
4922	-10.458091	▁minority
4923	-10.458323	லாம்
4924	-10.458892	க்கா
4925	-10.458971	፣
4926	-10.459473	▁oppose
4927	-10.459882	clo
4928	-10.460032	▁ಏನ್
4929	-10.460077	▁une
4930	-10.460080	mini
4931	-10.460108	▁nar
4932	-10.460113	வரு
4933	-10.460187	▁stories
4934	-10.460212	▁unta
4935	-10.460316	▁useless
4936	-10.460461	▁ಏನು
4937	-10.460496	▁boss
4938	-10.460783	ಂದು
4939	-10.460967	ద్
4940	-10.461135	pper
4941	-10.461291	▁structure
4942	-10.461522	▁так
4943	-10.461651	▁choo
4944	-10.461697	?!
4945	-10.462107	▁എന്ത
4946	-10.462107	▁😁
4947	-10.462460	▁dialogue
4948	-10.462968	ದೇ
4949	-10.463326	ಕೋ
4950	-10.463616	▁george
4951	-10.463720	▁elsewhere
4952	-10.463763	▁vali
4953	-10.463765	▁familiar
4954	-10.463778	▁forced
4955	-10.463796	appa
4956	-10.463829	ве
4957	-10.463862	▁chin
4958	-10.464379	▁option
4959	-10.464389	▁hour
4960	-10.464622	cut
4961	-10.464937	▁ഫ
4962	-10.464981	धा
4963	-10.465122	▁hundreds
4964	-10.465762	▁accounts
4965	-10.465887	🙈
4966	-10.465963	▁senator
4967	-10.466000	struct
4968	-10.466145	▁spo
4969	-10.466337	ಬ
4970	-10.466848	ంట
4971	-10.467357	▁putin
4972	-10.467371	▁fighting
4973	-10.467406	▁burn
4974	-10.467588	▁bull
4975	-10.468040	▁suggested
4976	-10.468245	ാന
4977	-10.468521	😁
4978	-10.469007	jj
4979	-10.469252	▁wide
4980	-10.469440	ട്ടെ
4981	-10.469448	▁அழகு
4982	-10.469455	▁mut
4983	-10.469468	▁ഇത
4984	-10.469701	ino
4985	-10.469755	▁detail
4986	-10.469875	▁ಹೇಳಿ
4987	-10.469898	களை
4988	-10.470163	▁repeatedly
4989	-10.470769	▁ente
4990	-10.470772	▁display
4991	-10.471256	▁mata
4992	-10.471375	ளி
4993	-10.471457	▁click
4994	-10.471735	😎
4995	-10.471790	这
4996	-10.471999	▁sk
4997	-10.472391	pur
4998	-10.472527	▁maadu
4999	-10.473076	▁james
5000	-10.473625	▁match
5001	-10.475000	▁நல்ல
5002	-10.475012	▁पाकिस्तान
5003	-10.475127	▁pop
5004	-10.475368	lon
5005	-10.475526	▁interests
5006	-10.475727	▁हि
5007	-10.475744	▁values
5008	-10.475979	▁👌
5009	-10.476330	▁വര
5010	-10.476433	uff
5011	-10.476495	▁hypocrite
5012	-10.476566	ave
5013	-10.476878	▁oka
5014	-10.476887	▁suppose
5015	-10.477042	ccha
5016	-10.477197	▁opposed
5017	-10.477375	ual
5018	-10.477594	▁khu
5019	-10.478364	ളെ
5020	-10.478395	▁prices
5021	-10.478446	▁కు
5022	-10.478673	▁sides
5023	-10.478950	cate
5024	-10.478954	yalli
5025	-10.479045	▁girls
5026	-10.479188	ദി
5027	-10.479194	kura
5028	-10.479750	▁கூ
5029	-10.479793	▁gotta
5030	-10.479851	വാ
5031	-10.479880	pin
5032	-10.480078	anum
5033	-10.480195	గ్
5034	-10.480514	!"
5035	-10.480673	रि
5036	-10.480908	uthu
5037	-10.481085	ima
5038	-10.481466	▁surely
5039	-10.481645	ండ
5040	-10.481686	ami
5041	-10.482380	ணும்
5042	-10.482434	▁crimes
5043	-10.482512	▁spot
5044	-10.482747	▁dealing
5045	-10.482770	ነት
5046	-10.482910	key
5047	-10.483376	▁इ
5048	-10.483587	さ
5049	-10.483734	did
5050	-10.483877	▁kay
5051	-10.484238	▁jump
5052	-10.484375	▁रा
5053	-10.484632	▁yen
5054	-10.484703	akki
5055	-10.484779	▁october
5056	-10.484830	▁ತಾಯಿ
5057	-10.485022	▁republic
5058	-10.485114	പ്പോ
5059	-10.485231	▁లంజా
5060	-10.485308	▁helping
5061	-10.485637	ത്തെ
5062	-10.485820	▁secret
5063	-10.485924	ಖ
5064	-10.485987	த்தை
5065	-10.486012	▁operation
5066	-10.486326	▁active
5067	-10.486343	tig
5068	-10.486352	श्
5069	-10.486546	ड़ी
5070	-10.486785	bel
5071	-10.487159	▁lanjakodaka
5072	-10.487162	▁column
5073	-10.487311	▁ശ
5074	-10.487729	▁gender
5075	-10.487900	▁investment
5076	-10.487941	ré
5077	-10.488206	ichu
5078	-10.488265	sponsibility
5079	-10.488724	chch
5080	-10.488800	▁arab
5081	-10.488916	▁పె
5082	-10.488973	▁destroy
5083	-10.489273	▁accused
5084	-10.489541	▁saale
5085	-10.489544	▁offensive
5086	-10.489581	▁dream
5087	-10.489675	▁pope
5088	-10.489691	▁strange
5089	-10.489882	▁pannu
5090	-10.489925	▁बि
5091	-10.490121	▁violate
5092	-10.490292	ero
5093	-10.490677	book
5094	-10.490798	💕💕
5095	-10.491248	ेंगे
5096	-10.491291	cation
5097	-10.491318	కో
5098	-10.491335	ము
5099	-10.491873	▁അവ
5100	-10.491958	▁blatant
5101	-10.492059	ста
5102	-10.492095	▁seat
5103	-10.492238	even
5104	-10.492283	ಸೆ
5105	-10.492568	die
5106	-10.493270	ல்ல
5107	-10.493349	▁తి
5108	-10.493679	ía
5109	-10.493682	rough
5110	-10.494260	qua
5111	-10.494331	▁जैसे
5112	-10.494823	▁ayyo
5113	-10.494917	യം
5114	-10.494980	▁requesting
5115	-10.495387	▁వీడియో
5116	-10.495397	▁திரு
5117	-10.495597	itu
5118	-10.495798	▁perform
5119	-10.495887	▁mada
5120	-10.495897	▁speed
5121	-10.495908	▁सि
5122	-10.496964	▁vala
5123	-10.497149	▁ith
5124	-10.497245	നു
5125	-10.497767	new
5126	-10.497950	▁spam
5127	-10.498245	▁dance
5128	-10.498362	udi
5129	-10.498400	ikkum
5130	-10.498639	▁❤️
5131	-10.498746	tey
5132	-10.498818	▁uses
5133	-10.499127	▁mel
5134	-10.499249	▁వె
5135	-10.499324	డా
5136	-10.500030	▁కో
5137	-10.500225	గి
5138	-10.500371	▁senate
5139	-10.500651	லு
5140	-10.500791	rin
5141	-10.501333	▁😁😁
5142	-10.501555	▁ഒക്കെ
5143	-10.501602	ಿಂದ
5144	-10.502030	mat
5145	-10.502199	▁islamic
5146	-10.502354	rang
5147	-10.502642	▁artist
5148	-10.502765	▁abortion
5149	-10.502915	mme
5150	-10.503352	▁bap
5151	-10.503458	ణ
5152	-10.503465	▁boo
5153	-10.503540	▁yenu
5154	-10.503688	ذ
5155	-10.503824	ሚ
5156	-10.504135	▁besides
5157	-10.504237	▁chief
5158	-10.504768	▁ಹೊ
5159	-10.504935	▁sundar
5160	-10.505014	टे
5161	-10.505239	▁twice
5162	-10.505440	▁felt
5163	-10.505481	▁pun
5164	-10.505764	ರಿಗೆ
5165	-10.505793	▁stub
5166	-10.505843	roll
5167	-10.506167	▁usage
5168	-10.506346	▁potential
5169	-10.506644	▁matters
5170	-10.506774	▁liya
5171	-10.506809	▁ಹೇಳ
5172	-10.507055	rb
5173	-10.507381	▁confused
5174	-10.507402	mit
5175	-10.507616	▁december
5176	-10.507654	क्ष
5177	-10.507905	▁location
5178	-10.507984	ವರು
5179	-10.508028	▁ot
5180	-10.508443	▁கூட
5181	-10.508822	ही
5182	-10.508850	▁हुआ
5183	-10.508924	▁❤❤
5184	-10.508954	▁rajini
5185	-10.509630	▁exception
5186	-10.509730	▁போல
5187	-10.509870	ರೀ
5188	-10.509995	🔥
5189	-10.510051	▁behaviour
5190	-10.510051	▁തെണ്ടി
5191	-10.510063	ically
5192	-10.510440	▁reaction
5193	-10.510559	inte
5194	-10.510808	▁gov
5195	-10.510956	▁bio
5196	-10.511043	down
5197	-10.511271	▁cheyabadunu
5198	-10.511273	▁छोड़
5199	-10.511293	▁okke
5200	-10.511361	▁everybody
5201	-10.511532	▁romp
5202	-10.511844	ക്ഷ
5203	-10.511929	▁production
5204	-10.512441	▁khan
5205	-10.512491	▁लेकिन
5206	-10.512568	▁со
5207	-10.512646	स्त
5208	-10.512675	▁ಏನ
5209	-10.512716	apa
5210	-10.513042	▁multi
5211	-10.513096	thing
5212	-10.513714	^
5213	-10.513715	▁custom
5214	-10.513716	preceding
5215	-10.513903	▁fascist
5216	-10.513962	▁element
5217	-10.514000	art
5218	-10.514007	▁gang
5219	-10.514137	ledu
5220	-10.514156	▁tree
5221	-10.514170	▁pari
5222	-10.514202	▁గు
5223	-10.514389	▁reduce
5224	-10.514396	▁ಮಕ್ಕಳ
5225	-10.514921	▁ನೋಡ
5226	-10.514937	👈
5227	-10.514956	star
5228	-10.515223	▁efforts
5229	-10.515366	ري
5230	-10.515367	tum
5231	-10.515512	्य
5232	-10.515606	▁challenge
5233	-10.515652	▁established
5234	-10.516163	▁valla
5235	-10.516370	మ్
5236	-10.516521	▁எனக்கு
5237	-10.516603	▁infobox
5238	-10.517130	▁nuvu
5239	-10.517208	ха
5240	-10.517818	▁protected
5241	-10.518047	▁prop
5242	-10.518300	▁shooting
5243	-10.518363	▁rent
5244	-10.518450	ಗೂ
5245	-10.518620	▁nuvvu
5246	-10.518620	▁anonymous
5247	-10.519467	▁madid
5248	-10.519852	▁bele
5249	-10.519920	▁owners
5250	-10.520066	most
5251	-10.520181	▁agar
5252	-10.520370	▁communist
5253	-10.520466	maana
5254	-10.521327	▁claimed
5255	-10.521556	▁😍
5256	-10.521564	enge
5257	-10.521869	ங்கு
5258	-10.522254	▁alt
5259	-10.522264	stra
5260	-10.522281	▁sister
5261	-10.522313	▁nuclear
5262	-10.522317	▁driving
5263	-10.522340	▁thread
5264	-10.522388	▁format
5265	-10.522487	ണ്ണ
5266	-10.522555	ikk
5267	-10.522623	▁expand
5268	-10.522813	▁బా
5269	-10.522918	▁happening
5270	-10.523009	ിന്റെ
5271	-10.523172	cept
5272	-10.523252	mor
5273	-10.523339	org
5274	-10.523383	ड़े
5275	-10.523622	▁previously
5276	-10.524232	▁చేయ
5277	-10.524465	▁arm
5278	-10.524595	dina
5279	-10.524770	有
5280	-10.524784	▁studies
5281	-10.525038	▁dude
5282	-10.525119	▁meri
5283	-10.525123	▁safety
5284	-10.525187	▁laga
5285	-10.525334	ായി
5286	-10.525774	▁presented
5287	-10.525908	▁appo
5288	-10.525963	🚶
5289	-10.526022	▁barnstar
5290	-10.526025	▁physical
5291	-10.526142	hh
5292	-10.526302	ியா
5293	-10.526306	▁bharat
5294	-10.526475	nun
5295	-10.526500	▁mado
5296	-10.526983	▁inside
5297	-10.527168	▁yaru
5298	-10.527655	▁де
5299	-10.528015	▁owner
5300	-10.528043	▁requires
5301	-10.528189	கை
5302	-10.528761	▁पी
5303	-10.528764	▁🥰🥰
5304	-10.528804	▁hide
5305	-10.528988	rava
5306	-10.529082	▁load
5307	-10.529124	tana
5308	-10.529528	▁kara
5309	-10.529746	▁unsigned
5310	-10.530078	▁drugs
5311	-10.530243	hand
5312	-10.530340	▁includes
5313	-10.530601	ನೋ
5314	-10.530692	▁balance
5315	-10.530709	▁arumai
5316	-10.530822	▁rat
5317	-10.530931	ஷ
5318	-10.531076	▁explained
5319	-10.531161	yy
5320	-10.531448	▁foot
5321	-10.531783	gin
5322	-10.531809	▁pagal
5323	-10.532313	▁random
5324	-10.532336	nto
5325	-10.532559	▁fraud
5326	-10.532960	▁मै
5327	-10.533449	ये
5328	-10.533480	▁ரொம்ப
5329	-10.533486	▁azhagu
5330	-10.533493	▁చెప్ప
5331	-10.533642	▁wild
5332	-10.533767	dor
5333	-10.533857	▁ಒ
5334	-10.534219	▁sahi
5335	-10.534414	▁pap
5336	-10.534489	thiya
5337	-10.534655	idi
5338	-10.534728	▁september
5339	-10.535086	▁ದ
5340	-10.535093	▁ಆಗಿ
5341	-10.535128	▁greater
5342	-10.535331	▁perfectly
5343	-10.535419	▁poku
5344	-10.535457	uv
5345	-10.535569	mmer
5346	-10.535788	▁compared
5347	-10.536016	bad
5348	-10.536401	▁rip
5349	-10.536465	▁இப்படி
5350	-10.536592	▁bhu
5351	-10.536737	வது
5352	-10.537230	ß
5353	-10.537990	▁കൊണ്ട്
5354	-10.538483	צ
5355	-10.538758	▁cars
5356	-10.538809	ವಾಗ
5357	-10.539411	▁fox
5358	-10.540087	▁assert
5359	-10.540101	yala
5360	-10.540285	తే
5361	-10.540995	ዝ
5362	-10.541122	ிய
5363	-10.541180	ಲ್ಲಾ
5364	-10.541327	ശ്
5365	-10.541561	lee
5366	-10.541711	▁citizen
5367	-10.541851	▁ninnu
5368	-10.541916	▁reporting
5369	-10.541955	▁zo
5370	-10.542095	▁ഞ
5371	-10.542463	▁sig
5372	-10.542599	▁terrorists
5373	-10.542895	را
5374	-10.543137	▁christians
5375	-10.543511	▁consequence
5376	-10.543512	▁mexico
5377	-10.543593	ணி
5378	-10.543721	▁permission
5379	-10.543950	▁guard
5380	-10.544185	▁sy
5381	-10.544518	രം
5382	-10.544567	▁என்று
5383	-10.544784	▁homosexual
5384	-10.544992	ുന്നു
5385	-10.545062	▁critical
5386	-10.545067	ಿಲ್ಲ
5387	-10.545175	▁unlike
5388	-10.545336	ore
5389	-10.545357	fc
5390	-10.545465	cess
5391	-10.545611	bedi
5392	-10.545635	▁మన
5393	-10.545692	nj
5394	-10.545754	bed
5395	-10.546050	▁sakti
5396	-10.546180	▁ഒന്ന്
5397	-10.546276	rom
5398	-10.546309	よ
5399	-10.546730	▁tenti
5400	-10.546887	fd
5401	-10.547200	▁moon
5402	-10.547297	ス
5403	-10.547567	▁मेरी
5404	-10.547805	▁fre
5405	-10.547825	డం
5406	-10.547916	wan
5407	-10.548266	berg
5408	-10.548472	▁lived
5409	-10.548483	corp
5410	-10.548565	▁beautiful
5411	-10.548565	💥
5412	-10.549250	▁laugh
5413	-10.549838	▁innocent
5414	-10.549870	▁japanese
5415	-10.550010	cycle
5416	-10.550504	▁river
5417	-10.550859	▁slo
5418	-10.550941	ళ్ళ
5419	-10.551102	▁providing
5420	-10.551253	▁parent
5421	-10.551388	▁ze
5422	-10.551557	tee
5423	-10.551672	▁victims
5424	-10.551711	▁aar
5425	-10.551888	▁participate
5426	-10.552372	ஹ
5427	-10.552922	రో
5428	-10.553392	del
5429	-10.553644	▁വീഡിയോ
5430	-10.554181	▁aana
5431	-10.554365	റ്റ്
5432	-10.554386	any
5433	-10.554829	▁ಭ
5434	-10.554866	🤗
5435	-10.554912	ө
5436	-10.555772	▁karna
5437	-10.555984	ili
5438	-10.556152	гә
5439	-10.556422	serving
5440	-10.556438	▁ndp
5441	-10.556592	▁போடு
5442	-10.556760	style
5443	-10.556802	▁मत
5444	-10.557081	▁spelling
5445	-10.557305	▁rot
5446	-10.557498	▁scar
5447	-10.557631	▁pho
5448	-10.557788	ವಾಗಿ
5449	-10.557790	▁అన్న
5450	-10.557837	ಯೋ
5451	-10.557855	▁accusations
5452	-10.558073	vana
5453	-10.558242	▁उस
5454	-10.558273	から
5455	-10.558750	▁hospital
5456	-10.558831	यो
5457	-10.559005	హ
5458	-10.559049	▁supar
5459	-10.559052	▁loss
5460	-10.559061	கா
5461	-10.559155	った
5462	-10.559161	▁kyu
5463	-10.559447	▁ചെയ്ത
5464	-10.559541	▁ship
5465	-10.559614	▁seek
5466	-10.559986	iz
5467	-10.560061	▁suffer
5468	-10.560104	▁ఉంది
5469	-10.560239	▁പൊളി
5470	-10.560432	▁sale
5471	-10.561282	▁naam
5472	-10.561646	ುತ್ತೆ
5473	-10.561669	रु
5474	-10.562267	▁behn
5475	-10.562343	▁invest
5476	-10.562837	▁closed
5477	-10.562912	▁pain
5478	-10.563076	▁rec
5479	-10.563116	▁stopped
5480	-10.563631	▁ಮಗ
5481	-10.563845	dhar
5482	-10.563847	ದ್ರೆ
5483	-10.563881	▁technology
5484	-10.563898	😀😀
5485	-10.563914	▁deliver
5486	-10.563977	▁eh
5487	-10.564355	incha
5488	-10.564368	▁nanbar
5489	-10.565033	▁nink
5490	-10.565169	▁amendment
5491	-10.565457	▁objective
5492	-10.565489	ident
5493	-10.565496	▁semi
5494	-10.565660	ү
5495	-10.566461	▁brief
5496	-10.566692	▁importance
5497	-10.566879	▁ఓ
5498	-10.567077	ரம்
5499	-10.567130	bot
5500	-10.567318	▁encourage
5501	-10.568032	▁hall
5502	-10.568049	▁pos
5503	-10.568391	▁புண்டை
5504	-10.568443	ண்டு
5505	-10.568770	▁hor
5506	-10.568804	tane
5507	-10.569192	▁maad
5508	-10.569659	▁mod
5509	-10.570003	ಬ್ಬ
5510	-10.570333	▁supreme
5511	-10.570335	▁tired
5512	-10.571085	▁ಮಾಡು
5513	-10.571278	pet
5514	-10.571306	▁alaskans
5515	-10.571396	▁😜😜
5516	-10.571407	▁tim
5517	-10.571550	alle
5518	-10.571628	▁fundamental
5519	-10.571629	▁legislature
5520	-10.571707	▁hog
5521	-10.572084	▁sath
5522	-10.572197	за
5523	-10.572358	vali
5524	-10.572611	▁discussing
5525	-10.572620	ві
5526	-10.572792	ల్ల
5527	-10.572900	▁chose
5528	-10.572929	💛
5529	-10.572987	▁network
5530	-10.573024	ем
5531	-10.573206	thum
5532	-10.573516	gale
5533	-10.573715	▁aise
5534	-10.573873	▁ras
5535	-10.574162	▁reform
5536	-10.574382	rige
5537	-10.574564	▁master
5538	-10.574640	▁reports
5539	-10.574870	▁punt
5540	-10.575094	▁daa
5541	-10.575524	▁magazine
5542	-10.575524	▁verifiable
5543	-10.575694	▁ഒന്നും
5544	-10.575731	▁homo
5545	-10.576009	▁தே
5546	-10.576036	▁cri
5547	-10.576122	▁tur
5548	-10.576138	बर
5549	-10.576163	жи
5550	-10.576282	oon
5551	-10.576320	▁ಹಾಕಿ
5552	-10.576560	▁undo
5553	-10.576694	▁sai
5554	-10.576728	▁temp
5555	-10.576824	き
5556	-10.576838	▁channel
5557	-10.576926	▁wars
5558	-10.577243	nz
5559	-10.577363	ದ್ದ
5560	-10.577504	▁chest
5561	-10.577918	▁direction
5562	-10.578077	▁vere
5563	-10.578100	▁త
5564	-10.578125	▁learned
5565	-10.578132	▁michael
5566	-10.578507	mark
5567	-10.578739	ಂಗ್
5568	-10.578885	▁మీద
5569	-10.579264	▁disc
5570	-10.579435	ね
5571	-10.579551	▁honor
5572	-10.579849	▁கோ
5573	-10.580272	gging
5574	-10.580599	dira
5575	-10.580783	▁extreme
5576	-10.581268	▁sports
5577	-10.581353	▁mom
5578	-10.581446	ode
5579	-10.582001	🚩
5580	-10.582067	▁😜
5581	-10.582093	▁regular
5582	-10.582194	ге
5583	-10.582249	▁❤
5584	-10.582586	▁royal
5585	-10.583423	▁warring
5586	-10.583728	ല്
5587	-10.583902	▁sector
5588	-10.584076	▁str
5589	-10.584112	ksh
5590	-10.584623	`
5591	-10.584627	▁programs
5592	-10.584679	डे
5593	-10.584841	▁pura
5594	-10.584881	enkil
5595	-10.585470	▁collect
5596	-10.585980	▁decisions
5597	-10.585989	▁expensive
5598	-10.587008	ov
5599	-10.587019	▁rude
5600	-10.587029	▁merc
5601	-10.587181	▁mac
5602	-10.587299	▁ഭ
5603	-10.587312	▁तेरे
5604	-10.587402	▁fer
5605	-10.587404	▁సం
5606	-10.587517	ಮಾ
5607	-10.587523	comp
5608	-10.588247	stein
5609	-10.588613	other
5610	-10.588622	introduction
5611	-10.588622	ሮ
5612	-10.589017	▁nod
5613	-10.589366	▁saha
5614	-10.589422	▁belief
5615	-10.589820	लि
5616	-10.589903	▁poa
5617	-10.590309	▁chod
5618	-10.590314	▁busy
5619	-10.590433	्स
5620	-10.590442	▁japan
5621	-10.590585	▁latin
5622	-10.590618	▁lock
5623	-10.591087	▁😄😄
5624	-10.591541	▁aad
5625	-10.592085	చ
5626	-10.592087	nie
5627	-10.592278	ما
5628	-10.592299	▁flow
5629	-10.592367	love
5630	-10.592524	ಯ್
5631	-10.592586	▁marriage
5632	-10.592597	▁illai
5633	-10.592634	▁kuchh
5634	-10.592645	▁ә
5635	-10.592813	▁vedio
5636	-10.593076	▁fly
5637	-10.593242	▁organ
5638	-10.593324	)"
5639	-10.593325	▁gro
5640	-10.593640	▁kudaa
5641	-10.593853	あ
5642	-10.593910	▁kuudaa
5643	-10.594126	▁followed
5644	-10.594552	▁ಇಷ್ಟ
5645	-10.594604	▁broad
5646	-10.594884	ella
5647	-10.595082	▁covered
5648	-10.595236	▁हूं
5649	-10.595291	▁weren
5650	-10.595405	▁haha
5651	-10.595441	mic
5652	-10.596405	▁nir
5653	-10.596564	▁numerous
5654	-10.596594	ಸು
5655	-10.596672	▁nur
5656	-10.596996	aj
5657	-10.597076	ంటే
5658	-10.597170	▁bigot
5659	-10.597456	▁iraq
5660	-10.597783	▁parts
5661	-10.597844	ன்ன
5662	-10.597895	ፋ
5663	-10.598046	▁ש
5664	-10.598162	allo
5665	-10.598252	▁hitler
5666	-10.598309	▁"==
5667	-10.598385	▁😭😭
5668	-10.599229	▁bin
5669	-10.599344	▁complex
5670	-10.599391	▁cultural
5671	-10.599430	boy
5672	-10.599487	angka
5673	-10.599658	ంగా
5674	-10.600306	▁bata
5675	-10.600574	▁length
5676	-10.600939	സു
5677	-10.601046	डा
5678	-10.601070	▁zi
5679	-10.601163	too
5680	-10.601451	▁latest
5681	-10.601601	▁makkalu
5682	-10.601893	▁हमारे
5683	-10.601917	▁standing
5684	-10.602052	ಚ
5685	-10.602132	ры
5686	-10.602169	kala
5687	-10.602877	ww
5688	-10.602988	▁candidates
5689	-10.603111	more
5690	-10.603329	гы
5691	-10.603365	▁hind
5692	-10.603403	dict
5693	-10.603415	ppol
5694	-10.603634	▁ಮಾಡಿದ
5695	-10.603731	tty
5696	-10.604266	▁puku
5697	-10.604569	▁opposite
5698	-10.604632	அ
5699	-10.604957	▁gha
5700	-10.605153	▁guilty
5701	-10.605277	ान
5702	-10.605326	state
5703	-10.605595	""|
5704	-10.605965	▁becoming
5705	-10.605976	▁healthcare
5706	-10.606051	▁കുട്ടി
5707	-10.606066	nige
5708	-10.606112	▁गए
5709	-10.606443	சா
5710	-10.606474	wit
5711	-10.606842	▁objection
5712	-10.607223	ంచ
5713	-10.607287	ಂದ
5714	-10.607714	▁spin
5715	-10.608450	▁photos
5716	-10.608735	лы
5717	-10.608794	ayirunnu
5718	-10.608950	പ്പി
5719	-10.608992	ththi
5720	-10.609305	▁tip
5721	-10.609309	▁செம
5722	-10.609458	▁sockpuppet
5723	-10.609549	//
5724	-10.609882	pot
5725	-10.609942	▁impossible
5726	-10.609987	ಕಾ
5727	-10.610220	gged
5728	-10.610367	أ
5729	-10.610368	▁shared
5730	-10.610552	▁france
5731	-10.610693	▁[[
5732	-10.610920	▁የሚ
5733	-10.611020	▁वह
5734	-10.611044	▁progressive
5735	-10.611291	▁ऐसा
5736	-10.611354	▁adopt
5737	-10.611386	ista
5738	-10.611493	ंट
5739	-10.611794	▁coward
5740	-10.611843	▁anal
5741	-10.611885	american
5742	-10.612164	कि
5743	-10.612651	▁split
5744	-10.612663	▁opposition
5745	-10.613362	▁iruk
5746	-10.613627	mber
5747	-10.613631	▁pill
5748	-10.614407	▁sang
5749	-10.614479	رب
5750	-10.614598	▁rise
5751	-10.615294	▁censor
5752	-10.615351	▁identity
5753	-10.615485	▁forever
5754	-10.615578	▁attract
5755	-10.615658	,,""
5756	-10.615896	▁kud
5757	-10.615973	ಅ
5758	-10.616066	кы
5759	-10.616140	▁rev
5760	-10.616273	▁aid
5761	-10.616540	villa
5762	-10.616807	civil
5763	-10.616885	lia
5764	-10.617442	ಬ್
5765	-10.617484	wikipedia
5766	-10.618005	😔
5767	-10.618036	国
5768	-10.618180	▁caught
5769	-10.618358	▁ದಿನ
5770	-10.618458	▁போட்டு
5771	-10.618978	ose
5772	-10.619136	▁improvement
5773	-10.619157	shtu
5774	-10.619519	▁karane
5775	-10.619989	▁fed
5776	-10.620111	▁commit
5777	-10.620680	vum
5778	-10.620775	▁analysis
5779	-10.620902	▁sake
5780	-10.621477	▁bs
5781	-10.621515	▁justify
5782	-10.622093	ised
5783	-10.622137	▁advertising
5784	-10.622137	▁compromise
5785	-10.622160	▁expected
5786	-10.622214	▁affect
5787	-10.622832	▁bach
5788	-10.622930	▁sei
5789	-10.623283	▁bible
5790	-10.623609	టు
5791	-10.623695	▁ಬಿಡ
5792	-10.623985	▁publication
5793	-10.624016	▁bre
5794	-10.624189	evi
5795	-10.624229	▁ስ
5796	-10.624859	▁careful
5797	-10.625290	▁desire
5798	-10.625467	▁onn
5799	-10.625595	mbo
5800	-10.625704	▁gold
5801	-10.625821	▁enne
5802	-10.625889	▁होती
5803	-10.626236	▁violent
5804	-10.626242	▁bagge
5805	-10.626394	▁dress
5806	-10.626519	ച്ചി
5807	-10.627460	▁stating
5808	-10.627792	▁lists
5809	-10.628210	▁commercial
5810	-10.628290	ப்பி
5811	-10.628479	▁puppet
5812	-10.628483	▁tullu
5813	-10.628690	field
5814	-10.629031	▁ചെ
5815	-10.629037	പ്
5816	-10.629359	▁percent
5817	-10.629578	య్
5818	-10.629871	dle
5819	-10.630101	white
5820	-10.630182	▁പു
5821	-10.630482	▁machine
5822	-10.630662	▁bob
5823	-10.630756	▁jerk
5824	-10.630772	rukku
5825	-10.630797	▁undhi
5826	-10.630920	▁feeling
5827	-10.631071	по
5828	-10.631098	യാണ്
5829	-10.631152	▁enta
5830	-10.631235	ша
5831	-10.631242	▁thoughts
5832	-10.631409	▁host
5833	-10.631726	▁substantial
5834	-10.631878	▁draft
5835	-10.632100	▁അമ്മ
5836	-10.632327	▁knowing
5837	-10.632432	जे
5838	-10.632510	▁doctor
5839	-10.632766	ஜ
5840	-10.633259	▁exc
5841	-10.633722	▁pointed
5842	-10.633969	▁recall
5843	-10.633996	▁tests
5844	-10.634600	▁nari
5845	-10.635007	▁requirement
5846	-10.635176	ndhi
5847	-10.635484	▁poi
5848	-10.635495	ttan
5849	-10.635864	▁controversy
5850	-10.635917	▁command
5851	-10.636033	▁cent
5852	-10.636215	▁tw
5853	-10.636399	▁merit
5854	-10.636419	▁fairly
5855	-10.636971	bid
5856	-10.637199	}
5857	-10.637201	▁marr
5858	-10.637280	▁nata
5859	-10.637319	🏵️
5860	-10.637518	த்
5861	-10.637628	▁inform
5862	-10.637691	▁bru
5863	-10.637768	▁pae
5864	-10.637791	മ്പ
5865	-10.638041	▁बु
5866	-10.638403	▁·
5867	-10.638515	▁wealth
5868	-10.638568	▁brand
5869	-10.638632	ሽ
5870	-10.638639	▁dirty
5871	-10.638939	▁ippadi
5872	-10.639187	தே
5873	-10.639187	▁beliefs
5874	-10.639734	нь
5875	-10.639940	मे
5876	-10.639973	😝
5877	-10.640019	▁suuppar
5878	-10.640512	▁പറ്റ
5879	-10.641227	kun
5880	-10.641273	ici
5881	-10.641362	thra
5882	-10.641409	▁अच्छा
5883	-10.641422	▁കൊടുക്ക
5884	-10.641445	▁translation
5885	-10.641470	▁при
5886	-10.641488	இ
5887	-10.641551	▁francis
5888	-10.641938	ದರೆ
5889	-10.642087	களுக்கு
5890	-10.642716	▁tough
5891	-10.642884	yude
5892	-10.643062	▁ghar
5893	-10.643310	▁metal
5894	-10.643348	dare
5895	-10.643790	▁mentally
5896	-10.643952	ery
5897	-10.644341	▁እና
5898	-10.644364	▁management
5899	-10.644594	▁ви
5900	-10.644691	ola
5901	-10.645006	ಬೇಡಿ
5902	-10.645215	▁delay
5903	-10.645272	▁ಬಂದ
5904	-10.645471	))
5905	-10.645587	cheyyabadunu
5906	-10.645587	ቃ
5907	-10.645587	▁california
5908	-10.645587	▁february
5909	-10.645594	▁carbon
5910	-10.645603	▁pooku
5911	-10.645616	▁advise
5912	-10.645625	▁dra
5913	-10.645802	▁league
5914	-10.645928	اس
5915	-10.646408	▁wie
5916	-10.646566	كم
5917	-10.646688	▁growth
5918	-10.646708	▁kudda
5919	-10.646973	terpretation
5920	-10.646987	▁speedily
5921	-10.647113	😌
5922	-10.648011	ಣ್ಣ
5923	-10.648113	trump
5924	-10.648343	💖
5925	-10.648400	thinu
5926	-10.648413	ೊಂದು
5927	-10.648698	▁meets
5928	-10.648716	दर
5929	-10.649000	▁rundy
5930	-10.649788	▁tweet
5931	-10.649822	▁identify
5932	-10.649831	▁तरह
5933	-10.649951	▁lines
5934	-10.650504	రీ
5935	-10.650571	ತ್ರ
5936	-10.650615	ష్
5937	-10.650653	lag
5938	-10.651203	▁tele
5939	-10.651221	▁हुए
5940	-10.651264	▁ಯಾಕೆ
5941	-10.651323	kond
5942	-10.651465	▁ش
5943	-10.651539	▁calls
5944	-10.652122	▁dollar
5945	-10.652591	▁டேய்
5946	-10.652621	galige
5947	-10.652769	ந
5948	-10.652863	ട്ടു
5949	-10.652949	▁करता
5950	-10.652995	ಾರ
5951	-10.653069	place
5952	-10.653562	ates
5953	-10.653587	▁pointing
5954	-10.653705	▁aak
5955	-10.653996	encyclopedic
5956	-10.654114	uti
5957	-10.654122	▁sing
5958	-10.654413	జా
5959	-10.654450	😘😘
5960	-10.654457	ഇ
5961	-10.654487	▁makkala
5962	-10.654737	दि
5963	-10.655102	ंगा
5964	-10.655365	வும்
5965	-10.655501	▁வேண்டும்
5966	-10.656305	ير
5967	-10.656531	▁pushing
5968	-10.656816	▁england
5969	-10.656833	▁chhod
5970	-10.656942	😊
5971	-10.656966	▁kant
5972	-10.657199	dio
5973	-10.657474	▁projects
5974	-10.657488	వే
5975	-10.657567	▁appreciated
5976	-10.657779	वी
5977	-10.658227	▁सभी
5978	-10.658239	▁alberta
5979	-10.658440	▁shu
5980	-10.658458	▁firm
5981	-10.658634	una
5982	-10.658844	▁சே
5983	-10.659019	ith
5984	-10.659281	▁replaced
5985	-10.659495	ela
5986	-10.659642	▁implement
5987	-10.659681	▁empire
5988	-10.659822	▁conspiracy
5989	-10.659838	▁boli
5990	-10.660025	തെ
5991	-10.660247	▁featured
5992	-10.660511	▁stra
5993	-10.660666	▁lag
5994	-10.661315	▁rfc
5995	-10.661334	▁തീ
5996	-10.661404	▁бо
5997	-10.661420	ху
5998	-10.661440	▁continues
5999	-10.661762	vane
6000	-10.661841	▁niku
6001	-10.662468	try
6002	-10.662476	erson
6003	-10.662539	▁ensure
6004	-10.662954	ള്ള
6005	-10.663148	▁fuel
6006	-10.663404	▁ಡ
6007	-10.663768	space
6008	-10.663857	▁kana
6009	-10.664127	▁poe
6010	-10.664957	▁teach
6011	-10.665097	▁kanda
6012	-10.665704	ке
6013	-10.665854	ight
6014	-10.666341	▁puri
6015	-10.666346	▁في
6016	-10.666377	▁radio
6017	-10.666744	▁कुत्ते
6018	-10.666790	▁що
6019	-10.666869	♦️
6020	-10.667074	▁strike
6021	-10.667150	▁ignored
6022	-10.667578	▁അടിപൊളി
6023	-10.667816	under
6024	-10.667963	year
6025	-10.667981	ंस
6026	-10.668170	わ
6027	-10.668171	▁comparison
6028	-10.668188	▁depend
6029	-10.668283	്യ
6030	-10.668328	called
6031	-10.668522	▁ಕು
6032	-10.668889	▁catch
6033	-10.669041	िए
6034	-10.669409	▁assertion
6035	-10.669520	▁रे
6036	-10.669876	▁sara
6037	-10.670101	▁பண்ண
6038	-10.670146	▁कु
6039	-10.670503	▁ಕೆಲಸ
6040	-10.670778	▁ಬೆ
6041	-10.670918	▁kann
6042	-10.671021	女
6043	-10.671246	▁>
6044	-10.671286	▁youtube
6045	-10.671481	▁తో
6046	-10.671535	▁feed
6047	-10.671932	மு
6048	-10.672330	యం
6049	-10.672354	▁उन
6050	-10.672402	chhi
6051	-10.672415	idad
6052	-10.672462	▁minimum
6053	-10.672476	▁ಸರ್ಕಾರ
6054	-10.672638	▁aus
6055	-10.673100	▁templates
6056	-10.673333	▁appa
6057	-10.673399	▁ಅದು
6058	-10.673792	▁categories
6059	-10.674048	▁ర
6060	-10.674136	ாத
6061	-10.674543	▁esp
6062	-10.675052	▁diff
6063	-10.675198	good
6064	-10.675479	rist
6065	-10.675495	▁ಹೋ
6066	-10.675636	▁samajh
6067	-10.675659	▁ആണ
6068	-10.675866	▁slow
6069	-10.676164	▁emi
6070	-10.676750	kale
6071	-10.676773	▁privilege
6072	-10.676782	▁santhaana
6073	-10.677117	zer
6074	-10.677266	▁largest
6075	-10.677583	▁ಎಲ್ಲಾ
6076	-10.677787	😆
6077	-10.677817	house
6078	-10.677936	лә
6079	-10.678077	▁ಹು
6080	-10.678338	▁pray
6081	-10.678534	rra
6082	-10.679094	▁hearing
6083	-10.679302	▁upload
6084	-10.679504	▁പെണ്ണ
6085	-10.679611	kunda
6086	-10.679724	zar
6087	-10.679735	▁తె
6088	-10.679816	▁guideline
6089	-10.680355	▁peer
6090	-10.680593	▁bigger
6091	-10.680642	ffa
6092	-10.680750	ium
6093	-10.680833	▁joe
6094	-10.680875	😠😠
6095	-10.680902	▁karu
6096	-10.680924	▁suggesting
6097	-10.680972	▁الع
6098	-10.681611	▁లా
6099	-10.681746	▁पि
6100	-10.681936	▁suriya
6101	-10.682707	▁characters
6102	-10.682881	▁pira
6103	-10.683079	aba
6104	-10.683303	▁somewhat
6105	-10.683345	▁treated
6106	-10.683414	▁bhai
6107	-10.683443	▁accident
6108	-10.683848	▁dharm
6109	-10.683891	▁feature
6110	-10.683998	▁welfare
6111	-10.684009	▁bastard
6112	-10.684308	app
6113	-10.684449	▁|-
6114	-10.684625	▁കിട്ട
6115	-10.684926	▁அட
6116	-10.684937	▁larger
6117	-10.685156	ஞ்ச
6118	-10.685287	▁é
6119	-10.685346	ിക്കുന്ന
6120	-10.685425	▁broken
6121	-10.685451	🏼
6122	-10.685489	▁quebec
6123	-10.685496	▁angry
6124	-10.685673	▁jun
6125	-10.686053	▁journalist
6126	-10.686457	▁checking
6127	-10.686473	▁institution
6128	-10.686479	▁saving
6129	-10.686733	▁wording
6130	-10.686873	▁eine
6131	-10.686873	▁இருக்கும்
6132	-10.686903	▁സാധനം
6133	-10.687033	మే
6134	-10.687071	pon
6135	-10.687138	വ്
6136	-10.687520	्त
6137	-10.687756	vision
6138	-10.687863	▁ము
6139	-10.688234	▁thalaivar
6140	-10.688359	▁eugene
6141	-10.688640	▁पड़
6142	-10.689066	niya
6143	-10.689142	uring
6144	-10.689276	يه
6145	-10.689334	fuck
6146	-10.689519	▁stri
6147	-10.689597	▁nominated
6148	-10.689631	your
6149	-10.689901	▁continued
6150	-10.690027	▁ಮಗನೇ
6151	-10.690036	ಗೇ
6152	-10.690137	▁ಅಪ್ಪ
6153	-10.690319	▁vida
6154	-10.690366	ologist
6155	-10.690847	thala
6156	-10.691152	▁devo
6157	-10.691199	የ
6158	-10.691277	▁ज्यादा
6159	-10.691302	▁cinema
6160	-10.691406	▁threats
6161	-10.691477	ரோ
6162	-10.692308	iddare
6163	-10.692676	🌻
6164	-10.692739	▁anchorage
6165	-10.692739	▁ಬಗ್ಗೆ
6166	-10.692739	ኝ
6167	-10.692739	▁disease
6168	-10.693171	▁discussions
6169	-10.693259	dava
6170	-10.693558	▁thalaiva
6171	-10.693604	▁revision
6172	-10.693641	▁bold
6173	-10.693778	▁hennu
6174	-10.693886	bul
6175	-10.693954	▁successful
6176	-10.693991	▁aaj
6177	-10.694003	crat
6178	-10.694089	uta
6179	-10.694202	ቱ
6180	-10.694315	ಜ್
6181	-10.694364	ೋಕೆ
6182	-10.694422	ew
6183	-10.694843	▁poster
6184	-10.694878	ിന്
6185	-10.694945	▁horse
6186	-10.695215	stand
6187	-10.695560	unk
6188	-10.695668	▁yesterday
6189	-10.695677	▁खुद
6190	-10.695702	▁चोद
6191	-10.695886	ಚಿ
6192	-10.696079	worth
6193	-10.696619	▁logical
6194	-10.696671	▁ken
6195	-10.696738	oli
6196	-10.696826	▁neo
6197	-10.697114	▁val
6198	-10.697244	▁determine
6199	-10.697712	🤦
6200	-10.698019	construction
6201	-10.698589	▁funds
6202	-10.699503	ля
6203	-10.699538	▁डाल
6204	-10.699747	▁skin
6205	-10.700018	▁advance
6206	-10.700112	▁peru
6207	-10.700263	▁(~~);
6208	-10.700266	▁define
6209	-10.700547	tara
6210	-10.700603	attu
6211	-10.701329	▁bon
6212	-10.701344	▁muje
6213	-10.701470	"")
6214	-10.701540	💯
6215	-10.701791	▁taxpayers
6216	-10.701898	😁😁
6217	-10.701953	▁engage
6218	-10.702051	▁tera
6219	-10.702079	serv
6220	-10.702083	▁dogs
6221	-10.702124	▁phil
6222	-10.702219	uni
6223	-10.702351	▁nala
6224	-10.702363	ಶ್
6225	-10.702595	▁plz
6226	-10.702663	▁fired
6227	-10.702708	▁fbi
6228	-10.702766	▁तब
6229	-10.702841	fect
6230	-10.703041	▁bevarsi
6231	-10.703177	▁bak
6232	-10.703206	pho
6233	-10.703227	▁mail
6234	-10.703244	▁forgot
6235	-10.703482	റു
6236	-10.703507	▁warnings
6237	-10.703514	▁இரு
6238	-10.703584	▁irukkum
6239	-10.703603	▁வந்து
6240	-10.703639	▁су
6241	-10.703725	ന്റ
6242	-10.703732	▁kelasa
6243	-10.703985	aara
6244	-10.704024	▁kolla
6245	-10.704260	ological
6246	-10.704330	ർത്ത
6247	-10.704412	اب
6248	-10.704509	え
6249	-10.704788	▁దే
6250	-10.705056	▁boys
6251	-10.705118	▁effective
6252	-10.705480	▁aagi
6253	-10.705482	hold
6254	-10.705807	utta
6255	-10.705837	يا
6256	-10.705934	night
6257	-10.705998	agu
6258	-10.706200	▁prabh
6259	-10.706324	▁plu
6260	-10.706325	▁யாரு
6261	-10.706410	play
6262	-10.706651	hari
6263	-10.706928	rink
6264	-10.707162	▁ആയ
6265	-10.707399	▁sono
6266	-10.707472	大
6267	-10.708030	▁corruption
6268	-10.708962	▁deficit
6269	-10.708993	▁achchha
6270	-10.709370	cies
6271	-10.709383	▁quotes
6272	-10.709843	▁पता
6273	-10.709873	rodu
6274	-10.710336	pic
6275	-10.710451	▁alcohol
6276	-10.710602	▁publish
6277	-10.710633	▁ഉണ്ട്
6278	-10.710772	▁editorial
6279	-10.710825	thai
6280	-10.711068	▁elections
6281	-10.711092	త్త
6282	-10.711307	▁coach
6283	-10.711335	▁player
6284	-10.711522	board
6285	-10.711683	▁ice
6286	-10.711761	▁shock
6287	-10.711912	ढ
6288	-10.711985	யோ
6289	-10.712006	▁hence
6290	-10.712107	laku
6291	-10.712206	ಗಳಿಗೆ
6292	-10.712646	▁те
6293	-10.713150	fact
6294	-10.713240	tern
6295	-10.713356	▁keeps
6296	-10.713433	▁resolution
6297	-10.714505	▁fools
6298	-10.714904	▁spirit
6299	-10.714946	▁hoti
6300	-10.714982	▁что
6301	-10.715464	▁ఉండ
6302	-10.715536	▁పిల్ల
6303	-10.715675	🤔🤔
6304	-10.715795	നും
6305	-10.715833	▁kun
6306	-10.715834	ಳ್
6307	-10.715839	▁decline
6308	-10.716126	▁kol
6309	-10.716426	▁jaatakam
6310	-10.716428	▁supply
6311	-10.717041	tir
6312	-10.717155	▁throughout
6313	-10.717443	▁kuti
6314	-10.717814	▁mill
6315	-10.718390	▁intent
6316	-10.718446	▁ps
6317	-10.718959	த்தில்
6318	-10.719633	▁😏
6319	-10.719666	▁तु
6320	-10.720057	▁daiva
6321	-10.720125	лу
6322	-10.720301	▁hole
6323	-10.720946	🤬🤬
6324	-10.721479	ators
6325	-10.721660	▁पु
6326	-10.722375	ז
6327	-10.722436	▁పురుష
6328	-10.722548	▁ugly
6329	-10.722568	▁~
6330	-10.722625	▁referred
6331	-10.722672	▁racial
6332	-10.723296	qual
6333	-10.723387	▁मो
6334	-10.723435	▁fin
6335	-10.724442	▁convention
6336	-10.724575	▁seemed
6337	-10.724675	lock
6338	-10.724725	▁aisa
6339	-10.725457	▁ಕನ್ನಡ
6340	-10.725641	▁shakthi
6341	-10.725666	▁கொடு
6342	-10.725678	ഞ്ച
6343	-10.725709	நா
6344	-10.725798	zen
6345	-10.725995	தோ
6346	-10.726027	▁mam
6347	-10.726461	па
6348	-10.726541	dara
6349	-10.726604	▁kutte
6350	-10.726734	▁sich
6351	-10.726968	ጨ
6352	-10.726987	▁recognize
6353	-10.727030	▁expense
6354	-10.727201	▁existence
6355	-10.727452	▁blu
6356	-10.727519	vil
6357	-10.727996	laam
6358	-10.728026	▁ሰ
6359	-10.728104	▁pak
6360	-10.728209	▁pora
6361	-10.728242	എ
6362	-10.728565	bc
6363	-10.728606	▁stands
6364	-10.728642	▁కాదు
6365	-10.728680	▁ತುಲ್ಲು
6366	-10.728823	ക്കാൻ
6367	-10.728879	ച്ച്
6368	-10.729005	▁hmm
6369	-10.729009	▁നോക്ക
6370	-10.729453	▁teachers
6371	-10.729637	こ
6372	-10.729668	▁hutti
6373	-10.729692	▁बाप
6374	-10.729695	wood
6375	-10.729799	ൊരു
6376	-10.730000	▁association
6377	-10.730082	▁william
6378	-10.730122	▁gut
6379	-10.730130	ಜಿ
6380	-10.730166	▁mainstream
6381	-10.730496	ши
6382	-10.730574	▁uh
6383	-10.730575	law
6384	-10.731434	त्
6385	-10.731472	cio
6386	-10.731522	▁unsourced
6387	-10.731696	cca
6388	-10.732279	నం
6389	-10.732573	▁regime
6390	-10.732736	▁highest
6391	-10.732857	▁italian
6392	-10.733137	▁दोस्त
6393	-10.733257	ങ്ങി
6394	-10.733372	▁hill
6395	-10.733521	▁referenced
6396	-10.733764	பி
6397	-10.733925	चार
6398	-10.734095	ಿಸಿ
6399	-10.734205	▁heli
6400	-10.734320	▁எல்லா
6401	-10.734567	ሩ
6402	-10.734604	💃
6403	-10.734624	▁kingdom
6404	-10.735103	ഭ
6405	-10.735166	hil
6406	-10.735209	▁gene
6407	-10.735379	▁heads
6408	-10.735661	▁signed
6409	-10.735752	▁associated
6410	-10.735953	шу
6411	-10.736499	▁ఉన్న
6412	-10.736605	▁mukh
6413	-10.736770	▁🤭🤭
6414	-10.737218	ंक
6415	-10.737255	▁journal
6416	-10.737480	▁thiru
6417	-10.737539	್ರ
6418	-10.737577	🤧
6419	-10.737622	▁intelligent
6420	-10.737623	▁hesitate
6421	-10.737900	▁ആണോ
6422	-10.738055	phy
6423	-10.738087	ണി
6424	-10.738103	ದ್ರು
6425	-10.738245	lv
6426	-10.738503	▁reached
6427	-10.738568	❤️❤️
6428	-10.738696	కూ
6429	-10.738871	▁vish
6430	-10.739155	▁ஜாதி
6431	-10.739185	▁training
6432	-10.739259	▁curious
6433	-10.739560	▁okka
6434	-10.740144	▁ಗಂಡ
6435	-10.740741	▁बस
6436	-10.740748	cial
6437	-10.740956	▁africa
6438	-10.740997	inu
6439	-10.741089	▁ಮಕ್ಕಳು
6440	-10.741195	💜
6441	-10.741334	▁ಮಾಡೋ
6442	-10.741494	▁rational
6443	-10.741593	nding
6444	-10.741911	▁എല്ലാ
6445	-10.741966	▁aano
6446	-10.742095	న్నా
6447	-10.742125	ಟ್ಟಿ
6448	-10.742146	fen
6449	-10.742227	▁अपना
6450	-10.742246	▁वाला
6451	-10.742260	▁jatakam
6452	-10.742322	▁vanna
6453	-10.742367	rated
6454	-10.742410	▁committed
6455	-10.742825	▁checked
6456	-10.743258	▁തര
6457	-10.743785	▁atipoli
6458	-10.744209	ண்டா
6459	-10.744727	▁ttaa
6460	-10.744733	▁engane
6461	-10.744994	▁dig
6462	-10.745069	ike
6463	-10.745108	тә
6464	-10.745158	hn
6465	-10.745254	😭
6466	-10.745533	▁ski
6467	-10.745749	▁trial
6468	-10.745775	мо
6469	-10.746323	▁все
6470	-10.746460	మో
6471	-10.746485	▁sum
6472	-10.746497	കള
6473	-10.746542	രോ
6474	-10.746808	▁progress
6475	-10.746842	都
6476	-10.746846	▁misleading
6477	-10.746943	▁learning
6478	-10.747200	▁strongly
6479	-10.747504	pathi
6480	-10.747767	▁batte
6481	-10.747903	kkar
6482	-10.748055	▁പൊളിച്ചു
6483	-10.748254	bhi
6484	-10.748370	ಮಗ
6485	-10.748409	▁famous
6486	-10.748459	▁terrible
6487	-10.748549	ಇ
6488	-10.748734	▁አይ
6489	-10.748793	▁unda
6490	-10.749022	▁frank
6491	-10.749140	▁auf
6492	-10.749180	ಚ್ಚ
6493	-10.749343	▁అన
6494	-10.749519	▁ఐ
6495	-10.749663	खा
6496	-10.750055	look
6497	-10.750463	▁ಅಂ
6498	-10.750715	▁nazis
6499	-10.750724	ిన
6500	-10.750917	▁honestly
6501	-10.751021	ит
6502	-10.751218	▁rfa
6503	-10.751447	😤
6504	-10.751490	▁ಬೇವರ್ಸಿ
6505	-10.751797	റിയ
6506	-10.751944	▁headline
6507	-10.752151	athi
6508	-10.752165	▁bhag
6509	-10.752186	ctor
6510	-10.752253	kada
6511	-10.752714	▁சொ
6512	-10.752769	▁ти
6513	-10.753030	▁ಹೋಗಿ
6514	-10.753282	•
6515	-10.753572	▁ashte
6516	-10.753761	ഗ്
6517	-10.753872	▁lady
6518	-10.753886	జ్
6519	-10.753897	▁பாரு
6520	-10.754203	லே
6521	-10.754362	ዎች
6522	-10.754526	▁mera
6523	-10.754600	▁refrain
6524	-10.754636	🙈🙈
6525	-10.754785	▁ಹೆಣ್ಣು
6526	-10.755058	hop
6527	-10.755068	▁holy
6528	-10.755421	▁phe
6529	-10.755460	யம்
6530	-10.755491	▁ಅಮ್ಮ
6531	-10.755998	kata
6532	-10.756185	▁seven
6533	-10.756203	▁dey
6534	-10.756244	ory
6535	-10.756373	▁businesses
6536	-10.756390	▁forces
6537	-10.756448	▁propose
6538	-10.756466	graph
6539	-10.757040	ளு
6540	-10.757105	▁input
6541	-10.757133	was
6542	-10.757565	ور
6543	-10.757613	▁gross
6544	-10.757648	kandi
6545	-10.757688	▁പെ
6546	-10.758118	▁showed
6547	-10.758328	▁arms
6548	-10.758377	vic
6549	-10.758870	▁skills
6550	-10.759073	dhan
6551	-10.759118	presentative
6552	-10.759190	round
6553	-10.759469	▁commission
6554	-10.759737	▁ഹ
6555	-10.759833	▁सो
6556	-10.760271	▁kand
6557	-10.760839	事
6558	-10.760868	▁wikipedians
6559	-10.760996	▁modalu
6560	-10.761396	▁wonderful
6561	-10.761467	▁👍
6562	-10.761586	adhi
6563	-10.762136	▁appu
6564	-10.762410	▁improving
6565	-10.762410	🙂
6566	-10.762411	▁entitled
6567	-10.762424	▁steal
6568	-10.762464	▁smoke
6569	-10.762653	<>
6570	-10.762920	📞
6571	-10.762960	▁avaru
6572	-10.763038	here
6573	-10.763167	▁becomes
6574	-10.763594	دي
6575	-10.763982	▁faggot
6576	-10.764008	▁labor
6577	-10.764111	cap
6578	-10.764130	▁bang
6579	-10.764323	kra
6580	-10.764359	ito
6581	-10.764590	▁tech
6582	-10.764791	▁जाता
6583	-10.764849	ைய
6584	-10.765177	▁ఉన్నా
6585	-10.765782	▁ఎందుకు
6586	-10.766005	▁tal
6587	-10.766088	▁cold
6588	-10.766353	▁साला
6589	-10.766691	▁पास
6590	-10.767052	east
6591	-10.767068	▁ty
6592	-10.767128	▁constitute
6593	-10.767130	▁daughter
6594	-10.767141	para
6595	-10.767355	▁jeevi
6596	-10.767474	▁እንደ
6597	-10.767544	▁lee
6598	-10.767628	▁conditions
6599	-10.767888	ball
6600	-10.768112	▁stone
6601	-10.768297	जन
6602	-10.768391	▁ningal
6603	-10.768435	chha
6604	-10.768476	फ़
6605	-10.768510	pal
6606	-10.768565	れ
6607	-10.768758	▁மட்டும்
6608	-10.768871	▁س
6609	-10.768943	▁richard
6610	-10.768997	▁soo
6611	-10.769042	yilla
6612	-10.769134	agide
6613	-10.769236	articles
6614	-10.769350	▁remains
6615	-10.769495	bara
6616	-10.769518	▁bike
6617	-10.770019	▁hair
6618	-10.770225	kil
6619	-10.770273	💓
6620	-10.770640	▁estate
6621	-10.770683	▁ಸಂ
6622	-10.770694	▁growing
6623	-10.770744	▁cult
6624	-10.770771	▁jata
6625	-10.770782	ங்
6626	-10.770796	▁pretend
6627	-10.770851	▁snow
6628	-10.771061	dro
6629	-10.771104	ace
6630	-10.771556	▁చాల
6631	-10.771568	له
6632	-10.771806	aanu
6633	-10.771826	😀
6634	-10.771847	▁spell
6635	-10.771910	▁chol
6636	-10.771918	▁നിനക്ക്
6637	-10.772002	▁contrary
6638	-10.772285	▁anni
6639	-10.772383	▁animals
6640	-10.772817	▁spa
6641	-10.772854	▁చి
6642	-10.772885	sign
6643	-10.773440	💚
6644	-10.773529	▁window
6645	-10.773767	▁ಪಾ
6646	-10.774095	▁😤😤
6647	-10.774197	க்கிற
6648	-10.774229	▁गो
6649	-10.774663	▁tam
6650	-10.774700	▁peter
6651	-10.774712	▁nimage
6652	-10.774876	▁petti
6653	-10.774904	▁socialist
6654	-10.774998	▁दु
6655	-10.775049	▁northern
6656	-10.775093	▁stage
6657	-10.775271	▁tactic
6658	-10.775311	▁achieve
6659	-10.775983	▁gla
6660	-10.776357	▁residents
6661	-10.776628	▁chahiye
6662	-10.776629	▁favour
6663	-10.776716	▁teree
6664	-10.777097	▁division
6665	-10.777136	▁weapons
6666	-10.777295	awa
6667	-10.777321	▁sim
6668	-10.777483	🌷🌷
6669	-10.777925	▁losing
6670	-10.778210	ravan
6671	-10.778222	▁पागल
6672	-10.778266	▁clue
6673	-10.778376	kkira
6674	-10.778385	▁russians
6675	-10.778716	ായ
6676	-10.778726	laya
6677	-10.778732	mpa
6678	-10.778752	▁consistent
6679	-10.778884	▁आई
6680	-10.779689	▁records
6681	-10.779702	रो
6682	-10.779747	ן
6683	-10.779819	▁historian
6684	-10.779985	▁padu
6685	-10.780005	▁हा
6686	-10.780703	long
6687	-10.780979	▁lord
6688	-10.781409	在
6689	-10.781413	ሀ
6690	-10.781469	▁spanish
6691	-10.781489	ത്തു
6692	-10.781715	▁आपको
6693	-10.781866	▁toward
6694	-10.782625	jay
6695	-10.782740	ringa
6696	-10.783081	pole
6697	-10.783143	▁hab
6698	-10.783166	▁होते
6699	-10.783195	ओं
6700	-10.783286	▁experienced
6701	-10.783317	karan
6702	-10.783465	▁diese
6703	-10.783513	▁бер
6704	-10.783595	शन
6705	-10.784334	ني
6706	-10.784464	▁fucker
6707	-10.784606	☎
6708	-10.784616	▁bridge
6709	-10.784843	▁older
6710	-10.785048	▁unakku
6711	-10.785111	▁ಯಾರು
6712	-10.786043	ുണ്ട്
6713	-10.786183	▁suggestions
6714	-10.786222	▁eliminate
6715	-10.786317	▁activity
6716	-10.786345	lay
6717	-10.786367	ार
6718	-10.786414	▁mistakes
6719	-10.786450	▁అంటే
6720	-10.786696	▁गांड
6721	-10.786777	▁ajith
6722	-10.786960	▁wishes
6723	-10.787126	▁ч
6724	-10.787136	twat
6725	-10.787161	▁secondary
6726	-10.787242	ient
6727	-10.787392	ோட
6728	-10.787663	▁designed
6729	-10.787829	▁biographies
6730	-10.787949	gri
6731	-10.788319	▁warming
6732	-10.788342	▁cry
6733	-10.788448	▁disp
6734	-10.788533	eau
6735	-10.788611	лі
6736	-10.788703	cker
6737	-10.788713	▁topics
6738	-10.789306	▁lane
6739	-10.789582	▁bought
6740	-10.789705	छ
6741	-10.789816	വരെ
6742	-10.789847	▁hue
6743	-10.790171	اء
6744	-10.790601	▁num
6745	-10.790748	ruppa
6746	-10.790764	▁thalaivaa
6747	-10.790943	▁ancient
6748	-10.791052	▁һәм
6749	-10.791571	ising
6750	-10.791601	▁பூ
6751	-10.791780	اد
6752	-10.791800	ಕೊಳ್ಳ
6753	-10.792024	ido
6754	-10.792545	▁sn
6755	-10.792602	▁reject
6756	-10.793172	ralli
6757	-10.793296	▁task
6758	-10.793371	▁😌😌
6759	-10.793385	▁pott
6760	-10.793564	▁pai
6761	-10.793672	▁ride
6762	-10.793855	▁spe
6763	-10.794005	▁selling
6764	-10.794296	▁dina
6765	-10.794374	▁ಮೊದಲು
6766	-10.794513	▁robert
6767	-10.794824	▁summa
6768	-10.794941	ట్టు
6769	-10.795062	▁poattu
6770	-10.795358	▁teacher
6771	-10.795806	yon
6772	-10.795946	చి
6773	-10.796233	▁finger
6774	-10.796524	ಬೇಕ
6775	-10.796958	▁item
6776	-10.797172	pam
6777	-10.797176	ಮಕ್ಳ
6778	-10.797241	▁earn
6779	-10.797359	▁opening
6780	-10.797530	ú
6781	-10.797742	▁patient
6782	-10.797858	util
6783	-10.798311	ில்
6784	-10.799034	▁hak
6785	-10.799156	▁advocate
6786	-10.799156	▁professor
6787	-10.799161	▁purchase
6788	-10.799240	▁acts
6789	-10.799404	▁surprise
6790	-10.799631	fair
6791	-10.799763	бо
6792	-10.799895	ಿಸ
6793	-10.800496	▁animal
6794	-10.800508	▁aside
6795	-10.800519	ుకొని
6796	-10.800557	▁uploading
6797	-10.800591	▁soul
6798	-10.800698	он
6799	-10.800755	म्
6800	-10.800907	▁ஊ
6801	-10.800923	▁dagar
6802	-10.801123	ುವುದು
6803	-10.801182	▁बंद
6804	-10.801393	▁compare
6805	-10.801475	னே
6806	-10.801477	▁grant
6807	-10.801589	inchi
6808	-10.801638	▁allowing
6809	-10.802025	▁verify
6810	-10.802446	▁concerning
6811	-10.802526	లేదు
6812	-10.802634	▁போய்
6813	-10.802675	▁😒
6814	-10.802813	ವರಿಗೆ
6815	-10.803394	▁महा
6816	-10.804050	ሱ
6817	-10.804069	▁alleged
6818	-10.804149	▁కానీ
6819	-10.804318	▁kutta
6820	-10.804768	▁dans
6821	-10.804849	പ്പോൾ
6822	-10.805066	сез
6823	-10.805202	ര്
6824	-10.805690	▁awesome
6825	-10.805835	од
6826	-10.805836	▁officer
6827	-10.806253	ിനെ
6828	-10.806296	▁dump
6829	-10.806499	cion
6830	-10.806744	▁ponnu
6831	-10.806792	▁solo
6832	-10.806896	▁unn
6833	-10.807072	▁moj
6834	-10.807332	▁crowd
6835	-10.807343	🏻‍♀️
6836	-10.807393	▁actor
6837	-10.807405	мә
6838	-10.807488	▁coast
6839	-10.807594	▁emp
6840	-10.807602	▁kudi
6841	-10.807942	burg
6842	-10.808283	asi
6843	-10.808464	ught
6844	-10.808543	▁புண்ட
6845	-10.808891	room
6846	-10.808968	▁regulation
6847	-10.808994	▁buddi
6848	-10.809040	▁radical
6849	-10.809128	िंग
6850	-10.809855	▁നാറി
6851	-10.810558	ുമോ
6852	-10.810613	ኖ
6853	-10.810624	▁addressed
6854	-10.810724	part
6855	-10.810740	▁బాగా
6856	-10.811067	▁pfd
6857	-10.811363	▁requested
6858	-10.811403	▁button
6859	-10.811493	▁circu
6860	-10.811523	▁chor
6861	-10.811538	तर
6862	-10.811697	▁പി
6863	-10.811792	▁yah
6864	-10.812137	▁broke
6865	-10.812323	▁session
6866	-10.812601	▁loud
6867	-10.812708	▁constant
6868	-10.812730	llen
6869	-10.813247	▁decent
6870	-10.813337	duc
6871	-10.813494	pati
6872	-10.813908	🤷
6873	-10.813955	▁ಮಾತ್ರ
6874	-10.814167	▁hatred
6875	-10.814359	▁flight
6876	-10.814696	▁wood
6877	-10.814765	▁சரி
6878	-10.815021	▁comme
6879	-10.815085	▁मि
6880	-10.815110	▁உன்ன
6881	-10.815121	بل
6882	-10.815560	dum
6883	-10.815858	नो
6884	-10.815945	▁paris
6885	-10.816250	▁चाह
6886	-10.816419	▁flu
6887	-10.816476	▁tank
6888	-10.816684	▁systems
6889	-10.816725	▁sky
6890	-10.817219	sambiguation
6891	-10.817219	▁ഇഷ്ട
6892	-10.817228	▁witness
6893	-10.817378	▁für
6894	-10.817498	▁helped
6895	-10.817655	▁overall
6896	-10.817674	▁cheap
6897	-10.818115	ott
6898	-10.818299	▁ఏం
6899	-10.818329	▁స్త్రీ
6900	-10.818433	ов
6901	-10.818433	▁elect
6902	-10.818719	▁latter
6903	-10.818957	▁handi
6904	-10.819254	lev
6905	-10.819790	▁gh
6906	-10.819981	▁root
6907	-10.819983	▁matte
6908	-10.820211	▁jiva
6909	-10.820280	▁ध
6910	-10.820687	▁contradict
6911	-10.821353	फा
6912	-10.821426	ಂತೆ
6913	-10.821668	▁updated
6914	-10.822222	▁वाली
6915	-10.822738	ன்ற
6916	-10.822781	▁makkal
6917	-10.822916	़
6918	-10.823102	रू
6919	-10.823586	▁sufficient
6920	-10.823642	போ
6921	-10.823653	▁yep
6922	-10.823799	pelli
6923	-10.823973	🍀
6924	-10.824031	▁தொ
6925	-10.824109	▁irish
6926	-10.824394	▁ಅಲ್ಲಿ
6927	-10.824678	▁sollu
6928	-10.824736	ಕೊಂಡ
6929	-10.824883	ject
6930	-10.824968	▁ان
6931	-10.825538	🧡
6932	-10.825539	▁assumption
6933	-10.825693	elect
6934	-10.825705	▁polichchu
6935	-10.825717	kari
6936	-10.825820	~~
6937	-10.825906	▁demonstrate
6938	-10.826141	▁wise
6939	-10.826290	ಷ್ಟ
6940	-10.827065	▁gre
6941	-10.827210	ዊ
6942	-10.827249	ുമ്പോൾ
6943	-10.827254	ാണോ
6944	-10.827371	▁harassment
6945	-10.827510	▁ruin
6946	-10.827539	adha
6947	-10.827786	▁gr
6948	-10.827791	▁onto
6949	-10.827802	لك
6950	-10.827909	▁😆😆
6951	-10.828325	▁correctly
6952	-10.828521	▁كل
6953	-10.828556	life
6954	-10.828561	ix
6955	-10.828794	ously
6956	-10.829229	▁products
6957	-10.829260	rish
6958	-10.829309	gna
6959	-10.829412	▁முடி
6960	-10.829498	konda
6961	-10.829722	▁ал
6962	-10.829995	▁wir
6963	-10.830031	▁score
6964	-10.830574	കാര
6965	-10.830575	source
6966	-10.830714	▁furthermore
6967	-10.830990	goo
6968	-10.831391	▁దెంగ
6969	-10.831449	▁websites
6970	-10.831717	▁ആവ
6971	-10.831969	▁lekin
6972	-10.832207	ഫ്
6973	-10.832250	▁applied
6974	-10.832512	pedia
6975	-10.832615	bert
6976	-10.832886	▁participat
6977	-10.833156	▁innum
6978	-10.833356	pada
6979	-10.833566	ong
6980	-10.834062	taru
6981	-10.834153	fringe
6982	-10.834249	ichchu
6983	-10.834317	▁bless
6984	-10.834326	▁holding
6985	-10.835692	▁కుక్క
6986	-10.835692	▁ನಿಮಗೆ
6987	-10.835695	వీ
6988	-10.835772	బ్
6989	-10.836062	media
6990	-10.836236	hir
6991	-10.836534	yada
6992	-10.836542	▁ಮಗನ
6993	-10.836681	け
6994	-10.836929	▁charges
6995	-10.837008	▁sind
6996	-10.837017	ையும்
6997	-10.837187	▁figures
6998	-10.837248	▁👍👍
6999	-10.837303	ך
7000	-10.837303	▁कांग्रेस
7001	-10.837304	ᴀ
7002	-10.837358	▁dare
7003	-10.837389	uck
7004	-10.837512	▁transport
7005	-10.837635	▁అయి
7006	-10.837917	mbu
7007	-10.838058	▁criminals
7008	-10.838063	בי
7009	-10.838124	add
7010	-10.838144	▁mile
7011	-10.838289	раз
7012	-10.838919	▁australia
7013	-10.838995	ഖ
7014	-10.839437	▁सर
7015	-10.839531	dde
7016	-10.839547	▁denver
7017	-10.839606	▁portion
7018	-10.839672	ാലും
7019	-10.839672	▁ಮೂ
7020	-10.839791	▁देना
7021	-10.839844	ंच
7022	-10.840482	▁от
7023	-10.840569	▁accuse
7024	-10.840713	▁sb
7025	-10.840821	▁acknowledge
7026	-10.840906	cen
7027	-10.841049	▁rant
7028	-10.841092	▁मेरा
7029	-10.841263	hana
7030	-10.841302	▁ದೇಶ
7031	-10.841576	▁piss
7032	-10.841577	oy
7033	-10.841639	▁partisan
7034	-10.841799	ncing
7035	-10.841818	ችን
7036	-10.842388	▁credibility
7037	-10.842396	▁soviet
7038	-10.842464	▁{|
7039	-10.843106	ತೀ
7040	-10.843350	▁vertical
7041	-10.843577	▁till
7042	-10.843821	▁attacking
7043	-10.843882	▁nadu
7044	-10.843935	tribute
7045	-10.844154	ார்
7046	-10.844194	▁odi
7047	-10.844283	ത്ത്
7048	-10.844404	▁literally
7049	-10.844404	▁pension
7050	-10.844446	ific
7051	-10.844542	▁katti
7052	-10.845338	productive
7053	-10.845528	uru
7054	-10.845788	上
7055	-10.845797	▁clarify
7056	-10.846447	▁dozen
7057	-10.846663	▁grade
7058	-10.846933	shed
7059	-10.846958	▁ነ
7060	-10.847022	▁refugees
7061	-10.847040	▁leading
7062	-10.847134	స్ట్
7063	-10.847173	news
7064	-10.847212	▁prof
7065	-10.847297	▁இவ
7066	-10.847361	▁width
7067	-10.847422	stream
7068	-10.847433	య్య
7069	-10.847495	出
7070	-10.847503	▁disaster
7071	-10.847543	▁लड़की
7072	-10.847569	▁necessarily
7073	-10.847603	▁orange
7074	-10.847603	▁это
7075	-10.847769	▁aata
7076	-10.847857	ట్ట
7077	-10.847891	ті
7078	-10.847907	ഞ്ഞു
7079	-10.848293	▁myth
7080	-10.848433	▁bond
7081	-10.848651	mission
7082	-10.848723	▁solve
7083	-10.848779	▁😝😝
7084	-10.848926	▁enga
7085	-10.848949	ോട്
7086	-10.849208	▁hypocrisy
7087	-10.849208	▁vancouver
7088	-10.849304	▁dismiss
7089	-10.849929	ണ്ട്
7090	-10.850041	سي
7091	-10.850271	dom
7092	-10.850471	iyu
7093	-10.850524	▁constantly
7094	-10.850625	సమస్యలు
7095	-10.850921	▁advantage
7096	-10.850932	▁vittu
7097	-10.850969	ಹಾ
7098	-10.850994	▁smile
7099	-10.851053	▁neighbor
7100	-10.851110	▁pressure
7101	-10.851172	▁jaise
7102	-10.851271	▁kotta
7103	-10.851399	▁symbol
7104	-10.851507	▁attempts
7105	-10.851530	▁గుద్ద
7106	-10.851543	▁citing
7107	-10.851848	bie
7108	-10.851983	▁saath
7109	-10.852017	డ్డ
7110	-10.852289	▁queen
7111	-10.852635	ኢትዮጵያ
7112	-10.852753	▁tara
7113	-10.852786	▁माँ
7114	-10.852874	▁ஐ
7115	-10.852886	bro
7116	-10.853043	▁д
7117	-10.853151	▁upset
7118	-10.853287	ctic
7119	-10.853435	▁refers
7120	-10.853738	▁kani
7121	-10.853848	ori
7122	-10.854138	samasyalu
7123	-10.854251	vy
7124	-10.854256	▁asian
7125	-10.854410	▁వశీకరణం
7126	-10.854424	▁provides
7127	-10.854844	▁bala
7128	-10.855145	▁drama
7129	-10.855807	▁auch
7130	-10.855824	🤭
7131	-10.856075	▁executive
7132	-10.856075	▁guarantee
7133	-10.856075	▁ഇവിടെ
7134	-10.856082	rica
7135	-10.856084	▁sleep
7136	-10.856092	▁कपड़े
7137	-10.856099	ുവ
7138	-10.856321	[]
7139	-10.856681	▁ಅವನ
7140	-10.856752	greg
7141	-10.856771	▁greatest
7142	-10.856819	his
7143	-10.856856	▁భ
7144	-10.857624	▁enka
7145	-10.857657	tant
7146	-10.857670	asam
7147	-10.857760	😬
7148	-10.857800	▁അങ്ങനെ
7149	-10.857877	▁outcome
7150	-10.857970	▁दा
7151	-10.858164	▁traditional
7152	-10.858276	▁ooka
7153	-10.858447	▁reasoning
7154	-10.858551	▁letting
7155	-10.858770	vale
7156	-10.858776	▁humans
7157	-10.858856	kondi
7158	-10.858965	▁ಕೋ
7159	-10.859262	cor
7160	-10.859693	▁performance
7161	-10.859855	▁ж
7162	-10.859918	▁സാ
7163	-10.859980	▁മൂ
7164	-10.859989	▁nina
7165	-10.860384	നാ
7166	-10.860503	view
7167	-10.860547	▁angel
7168	-10.860580	cro
7169	-10.860634	ளா
7170	-10.860653	▁ओ
7171	-10.861227	ನೂ
7172	-10.861252	ऐ
7173	-10.861256	ऊ
7174	-10.861258	▁santaana
7175	-10.861270	▁ಮಾತಾಡ
7176	-10.861281	▁married
7177	-10.861432	▁theories
7178	-10.862014	▁speaker
7179	-10.862123	▁poop
7180	-10.862302	▁began
7181	-10.862397	▁powerful
7182	-10.862550	▁apna
7183	-10.862798	ሁ
7184	-10.863124	▁breath
7185	-10.863317	▁planning
7186	-10.863551	ette
7187	-10.863606	▁ሲ
7188	-10.863703	▁ಪಾಪ
7189	-10.863763	wn
7190	-10.863763	▁teams
7191	-10.863805	▁‘
7192	-10.864189	▁vah
7193	-10.864261	▁tumba
7194	-10.864311	▁போட
7195	-10.864769	▁dad
7196	-10.865091	▁winning
7197	-10.865432	▁pannunga
7198	-10.865864	ेगी
7199	-10.866339	▁yaava
7200	-10.866427	mente
7201	-10.866465	ጉ
7202	-10.866467	▁survive
7203	-10.866575	▁మొ
7204	-10.866636	▁conce
7205	-10.866652	▁ചാ
7206	-10.866698	്യാ
7207	-10.866714	take
7208	-10.867033	yaan
7209	-10.867483	രുത്
7210	-10.867496	matic
7211	-10.867567	▁classic
7212	-10.867733	ಷ್ಟು
7213	-10.867917	▁jane
7214	-10.868209	▁ಪ್ರೀತಿ
7215	-10.868282	ಿದೆ
7216	-10.868309	egi
7217	-10.868405	▁सबसे
7218	-10.868636	♥️
7219	-10.868700	nazi
7220	-10.868944	▁தெரி
7221	-10.869009	▁bittu
7222	-10.869034	zu
7223	-10.870016	▁plot
7224	-10.870276	▁aim
7225	-10.870294	▁rom
7226	-10.870604	▁belongs
7227	-10.870687	▁thin
7228	-10.870774	▁syria
7229	-10.871095	▁served
7230	-10.871140	▁fla
7231	-10.871145	▁slave
7232	-10.871217	▁minute
7233	-10.871485	దే
7234	-10.872301	▁pack
7235	-10.872423	▁scientists
7236	-10.872441	ಪಾ
7237	-10.872463	▁positions
7238	-10.872503	crit
7239	-10.872782	ttum
7240	-10.872828	ಂಡ್
7241	-10.872930	ಕು
7242	-10.872940	iyan
7243	-10.873031	▁offered
7244	-10.873268	bound
7245	-10.873279	▁moti
7246	-10.873349	▁nach
7247	-10.873452	ृ
7248	-10.873523	▁ఇలాంటి
7249	-10.873822	▁frequently
7250	-10.873906	▁എന്നെ
7251	-10.874297	▁unfair
7252	-10.874497	ரிய
7253	-10.874598	▁trail
7254	-10.874949	ando
7255	-10.874986	▁itu
7256	-10.875109	▁सोच
7257	-10.875202	言
7258	-10.875307	▁stuck
7259	-10.875550	ivity
7260	-10.875611	😜😜
7261	-10.876234	▁hoping
7262	-10.876575	iyaa
7263	-10.876876	▁imply
7264	-10.876942	😅
7265	-10.876967	▁assuming
7266	-10.877099	▁evan
7267	-10.877198	▁بال
7268	-10.877307	😒😒
7269	-10.877688	▁😊
7270	-10.877730	▁core
7271	-10.877773	▁mall
7272	-10.877774	▁pilla
7273	-10.877809	makkal
7274	-10.877944	▁fri
7275	-10.878027	▁correction
7276	-10.878032	nity
7277	-10.879070	▁mach
7278	-10.879206	▁warned
7279	-10.879296	▁tea
7280	-10.879616	▁cup
7281	-10.880042	▁officers
7282	-10.880097	▁teri
7283	-10.880160	▁papa
7284	-10.880202	▁خ
7285	-10.880213	▁😏😏
7286	-10.880298	helpme
7287	-10.880487	ሞ
7288	-10.880536	ак
7289	-10.880763	▁അല്ലെ
7290	-10.881036	▁tarah
7291	-10.881325	▁aadre
7292	-10.881462	▁interpret
7293	-10.881535	▁பே
7294	-10.882068	▁plans
7295	-10.882255	▁arrogant
7296	-10.882260	▁chaaala
7297	-10.882281	▁dhan
7298	-10.882420	atte
7299	-10.882421	▁nav
7300	-10.882697	mele
7301	-10.882907	▁tale
7302	-10.882984	▁verb
7303	-10.883293	▁confirmed
7304	-10.883694	uri
7305	-10.884054	💖💖
7306	-10.884179	▁transfer
7307	-10.884230	cid
7308	-10.884279	▁enforcement
7309	-10.884505	connect
7310	-10.884580	uvudu
7311	-10.884738	மாக
7312	-10.884978	▁alien
7313	-10.885093	rian
7314	-10.885155	ക്കുന്ന
7315	-10.885365	▁gary
7316	-10.885570	▁listing
7317	-10.885612	▁educated
7318	-10.885798	▁supremacist
7319	-10.885801	▁traitor
7320	-10.885858	ఫ్
7321	-10.886216	▁nija
7322	-10.886294	▁leftist
7323	-10.886482	ipo
7324	-10.887140	▁attempting
7325	-10.887147	▁attacked
7326	-10.887213	वि
7327	-10.887426	ikal
7328	-10.887479	padi
7329	-10.887547	▁jeff
7330	-10.887579	ಮಾನ
7331	-10.887580	ಿದ್ದಾರೆ
7332	-10.887592	▁heavy
7333	-10.887619	డే
7334	-10.887690	ppan
7335	-10.887692	▁buying
7336	-10.887874	▁भर
7337	-10.888052	हि
7338	-10.888331	▁cops
7339	-10.888391	▁കളി
7340	-10.888529	nstitutional
7341	-10.888624	ద్ద
7342	-10.888710	▁ಇರೋ
7343	-10.888740	வ்
7344	-10.888917	quest
7345	-10.889047	▁apart
7346	-10.889324	enga
7347	-10.889353	frastructure
7348	-10.889376	▁crisis
7349	-10.889454	▁enthu
7350	-10.889482	▁ഉണ്ട
7351	-10.889760	рі
7352	-10.889809	▁ended
7353	-10.890478	count
7354	-10.890557	shta
7355	-10.890773	మి
7356	-10.890821	മേ
7357	-10.891102	🤪
7358	-10.891294	പ്പ്
7359	-10.891308	▁commons
7360	-10.891418	▁सही
7361	-10.891439	▁ego
7362	-10.891573	する
7363	-10.891721	born
7364	-10.892010	▁ഇട്ട
7365	-10.892421	бе
7366	-10.892489	▁originally
7367	-10.892651	ಕರ
7368	-10.892906	▁dikha
7369	-10.892913	▁ennu
7370	-10.892968	▁pipeline
7371	-10.892982	▁maathiri
7372	-10.892985	▁होने
7373	-10.893003	▁defined
7374	-10.893152	▁bun
7375	-10.893261	▁अरे
7376	-10.893313	▁mol
7377	-10.893348	▁😆
7378	-10.893440	▁permanent
7379	-10.893457	▁offense
7380	-10.893820	▁mela
7381	-10.893991	▁assist
7382	-10.894438	▁करें
7383	-10.894622	▁spring
7384	-10.894711	җ
7385	-10.894711	▁horrible
7386	-10.894981	▁taught
7387	-10.895310	▁cheyya
7388	-10.895567	▁shop
7389	-10.895780	बी
7390	-10.896062	ಸ್ಟ್
7391	-10.896146	▁angane
7392	-10.896364	▁kri
7393	-10.896391	றை
7394	-10.896431	ுற
7395	-10.896497	说
7396	-10.896502	▁सकते
7397	-10.896673	▁habit
7398	-10.897784	கிட்ட
7399	-10.897812	▁cheppa
7400	-10.897830	డీ
7401	-10.898297	ሻ
7402	-10.898725	mari
7403	-10.899057	lent
7404	-10.899361	tiri
7405	-10.899846	▁languages
7406	-10.900057	vv
7407	-10.900096	▁attorney
7408	-10.900096	▁सकता
7409	-10.900103	▁pussy
7410	-10.900193	▁ireland
7411	-10.900407	kkanum
7412	-10.900683	▁dei
7413	-10.900891	▁pundai
7414	-10.900973	▁ج
7415	-10.901732	▁як
7416	-10.901771	adhya
7417	-10.901898	،
7418	-10.901898	▁ಅಷ್ಟೇ
7419	-10.901954	▁politician
7420	-10.902081	▁widely
7421	-10.902459	▁siggu
7422	-10.902517	ф
7423	-10.902584	▁ash
7424	-10.902618	▁mike
7425	-10.902793	▁allows
7426	-10.903057	😭😭
7427	-10.903208	please
7428	-10.903225	▁kim
7429	-10.903323	▁tradition
7430	-10.903847	▁ఇలా
7431	-10.903960	వర్
7432	-10.904391	▁nfl
7433	-10.904512	▁equally
7434	-10.904544	ால்
7435	-10.904673	▁politically
7436	-10.904759	▁evolution
7437	-10.905175	యు
7438	-10.905313	▁kola
7439	-10.905511	▁ದೊಡ್ಡ
7440	-10.905518	▁eastern
7441	-10.905521	▁सिर्फ
7442	-10.905547	▁mone
7443	-10.905603	▁ಜೈ
7444	-10.905621	▁ticket
7445	-10.906026	▁sitting
7446	-10.906414	▁route
7447	-10.906697	▁unable
7448	-10.906716	ggi
7449	-10.907008	▁ನಮ್
7450	-10.907060	▁பய
7451	-10.907323	ሌ
7452	-10.907323	▁prohibit
7453	-10.907324	▁texas
7454	-10.907337	gno
7455	-10.907361	▁communities
7456	-10.907529	nji
7457	-10.907921	▁paint
7458	-10.908345	ಜಾ
7459	-10.908549	ండ్
7460	-10.908727	vari
7461	-10.908935	يد
7462	-10.909148	▁plij
7463	-10.909182	▁ಬಿಟ್ಟು
7464	-10.909266	far
7465	-10.909350	▁पहन
7466	-10.909436	▁जाए
7467	-10.909646	ಂಬ
7468	-10.909697	లీ
7469	-10.909862	▁याद
7470	-10.910161	▁kise
7471	-10.910484	▁magana
7472	-10.910956	▁arbitration
7473	-10.910957	▁ignoring
7474	-10.910973	▁london
7475	-10.911072	▁shortly
7476	-10.911172	ня
7477	-10.911215	▁holder
7478	-10.911229	▁hol
7479	-10.911272	▁esta
7480	-10.911447	▁mission
7481	-10.911640	▁saudi
7482	-10.911757	nar
7483	-10.911972	▁errors
7484	-10.912367	▁wave
7485	-10.912639	▁எந்த
7486	-10.912664	ళ్ల
7487	-10.912822	▁sweet
7488	-10.912840	▁ಬೇರೆ
7489	-10.912899	▁condo
7490	-10.912975	▁increased
7491	-10.912997	▁ideology
7492	-10.913209	▁photograph
7493	-10.913307	angal
7494	-10.913573	▁undaa
7495	-10.913711	▁bringing
7496	-10.913772	▁pennu
7497	-10.913839	▁పెళ్లి
7498	-10.914194	$
7499	-10.914607	አማራ
7500	-10.914633	gina
7501	-10.914657	▁vadi
7502	-10.914738	▁biography
7503	-10.914828	▁reserve
7504	-10.914841	bin
7505	-10.914993	▁लगता
7506	-10.915051	▁మీకు
7507	-10.915151	▁ಸರಿ
7508	-10.915689	▁scum
7509	-10.915946	यु
7510	-10.916053	ിക്കാൻ
7511	-10.916131	▁deserves
7512	-10.916291	ിരുന്ന
7513	-10.916430	▁సిగ్గు
7514	-10.916433	▁ఒక్క
7515	-10.916828	▁culo
7516	-10.916979	ತ್ತಿ
7517	-10.917037	▁பார்க்க
7518	-10.917313	▁heading
7519	-10.917432	وم
7520	-10.917593	dalli
7521	-10.917654	▁gli
7522	-10.917666	▁bud
7523	-10.917931	ாம
7524	-10.918263	▁mujhe
7525	-10.918308	▁कैसे
7526	-10.918508	ரெ
7527	-10.919076	▁పెట్టి
7528	-10.919659	anni
7529	-10.919985	avo
7530	-10.920056	个
7531	-10.920095	イ
7532	-10.920145	🌱
7533	-10.920397	മെ
7534	-10.920441	▁pati
7535	-10.920585	▁እን
7536	-10.920780	న్ని
7537	-10.920881	mitt
7538	-10.920981	▁kodi
7539	-10.921168	point
7540	-10.921268	▁wake
7541	-10.921335	▁यार
7542	-10.921387	▁dho
7543	-10.921412	▁smaller
7544	-10.921652	▁korean
7545	-10.921929	要
7546	-10.921955	▁bjp
7547	-10.921971	▁enforce
7548	-10.922087	▁viewpoint
7549	-10.922174	▁everywhere
7550	-10.922289	▁ಕೈ
7551	-10.922444	▁ಏ
7552	-10.922478	▁ngk
7553	-10.922511	ville
7554	-10.923297	▁doctors
7555	-10.923777	▁mexican
7556	-10.923786	▁ላይ
7557	-10.923829	▁revolution
7558	-10.924290	хо
7559	-10.924377	мы
7560	-10.924407	▁राज
7561	-10.924752	▁sikh
7562	-10.924806	ಟ್ಟು
7563	-10.924972	ನಿಗೆ
7564	-10.925659	🤗🤗
7565	-10.925954	▁agent
7566	-10.926450	▁बी
7567	-10.927173	▁சொல்ல
7568	-10.927476	▁arguing
7569	-10.927483	ீங்க
7570	-10.927538	▁billions
7571	-10.927539	▁ಬೆಲೆ
7572	-10.927945	▁mala
7573	-10.928045	mag
7574	-10.928443	▁;)
7575	-10.928495	▁thara
7576	-10.928761	▁dekha
7577	-10.929013	▁elite
7578	-10.929155	leg
7579	-10.929437	why
7580	-10.929577	▁prince
7581	-10.930470	▁wear
7582	-10.930679	thin
7583	-10.930818	▁pala
7584	-10.931175	么
7585	-10.931177	asheekaranam
7586	-10.931180	▁husband
7587	-10.931190	🤩🤩
7588	-10.931352	ച
7589	-10.931682	▁reporter
7590	-10.931818	കര
7591	-10.931915	ukoni
7592	-10.932432	akar
7593	-10.932732	▁kaisee
7594	-10.933000	🤬
7595	-10.933099	▁meeku
7596	-10.933114	▁ownership
7597	-10.933235	▁mix
7598	-10.933365	▁oor
7599	-10.933407	▁dé
7600	-10.934131	▁screw
7601	-10.934752	ची
7602	-10.934835	▁olle
7603	-10.934900	▁domestic
7604	-10.934920	patriot
7605	-10.934933	▁species
7606	-10.934960	▁వచ్చి
7607	-10.935002	▁बढ़
7608	-10.935005	▁കൂടെ
7609	-10.935162	▁involvement
7610	-10.935316	▁varsha
7611	-10.935527	phone
7612	-10.935685	▁ಸರ್
7613	-10.936126	▁gor
7614	-10.936598	با
7615	-10.937270	▁ص
7616	-10.937386	டீ
7617	-10.937572	▁lawyer
7618	-10.937757	▁ninage
7619	-10.938013	ற்ற
7620	-10.938082	vol
7621	-10.938190	▁martin
7622	-10.938404	when
7623	-10.938576	▁nhi
7624	-10.938583	▁உள்ள
7625	-10.938633	ጅ
7626	-10.938633	▁confusing
7627	-10.938633	▁library
7628	-10.938960	▁nais
7629	-10.939002	▁foolish
7630	-10.939354	हर
7631	-10.939376	minate
7632	-10.939436	▁unique
7633	-10.940014	hav
7634	-10.940197	▁largely
7635	-10.940371	▁தூ
7636	-10.940447	就
7637	-10.940462	ique
7638	-10.940506	ൃ
7639	-10.940506	▁incompetent
7640	-10.940574	▁truck
7641	-10.940628	contr
7642	-10.940666	▁facebook
7643	-10.940699	▁🤭
7644	-10.940895	అ
7645	-10.940910	divi
7646	-10.941201	ಿಗೂ
7647	-10.941245	மான
7648	-10.941531	▁walker
7649	-10.941685	▁cheyy
7650	-10.941825	china
7651	-10.942382	▁पुलिस
7652	-10.942504	ళ్ళు
7653	-10.942554	አ
7654	-10.942617	▁remark
7655	-10.942643	▁located
7656	-10.942780	▁rank
7657	-10.943572	ബി
7658	-10.943735	▁baba
7659	-10.944350	▁convert
7660	-10.944529	हे
7661	-10.944603	್ರಿ
7662	-10.944690	تك
7663	-10.944795	▁ear
7664	-10.944806	▁vous
7665	-10.945636	▁trick
7666	-10.945896	▁epp
7667	-10.945922	ock
7668	-10.946092	▁copyrighted
7669	-10.946147	▁absurd
7670	-10.946210	சை
7671	-10.946227	▁plees
7672	-10.946340	aries
7673	-10.946417	akku
7674	-10.946576	▁admitted
7675	-10.946645	😄
7676	-10.946676	▁summer
7677	-10.946686	script
7678	-10.946834	▁rub
7679	-10.947011	▁owned
7680	-10.947022	▁solla
7681	-10.947071	▁fag
7682	-10.947097	▁rating
7683	-10.947116	hole
7684	-10.947135	▁മതി
7685	-10.947172	▁voter
7686	-10.947318	▁ಶಾ
7687	-10.947369	▁vili
7688	-10.947527	oda
7689	-10.947702	ಯೂ
7690	-10.947998	▁absolute
7691	-10.948031	▁activities
7692	-10.948032	ெல்லாம்
7693	-10.948175	▁genre
7694	-10.948387	रण
7695	-10.948605	pay
7696	-10.948983	lb
7697	-10.949138	ologi
7698	-10.949427	kaara
7699	-10.949825	ಪಿ
7700	-10.949919	来
7701	-10.949919	🍌
7702	-10.950097	▁కదా
7703	-10.950098	▁employer
7704	-10.950150	▁cancer
7705	-10.950580	▁കേ
7706	-10.950677	▁increasing
7707	-10.950729	▁గారు
7708	-10.950858	▁flat
7709	-10.950956	▁civility
7710	-10.951017	▁uncivil
7711	-10.951365	▁പോയ
7712	-10.951475	▁frankly
7713	-10.951776	🇮🇳
7714	-10.951839	▁senior
7715	-10.951930	▁الا
7716	-10.952020	▁translate
7717	-10.952871	ayam
7718	-10.952996	▁luchu
7719	-10.953713	→
7720	-10.953720	▁applies
7721	-10.953720	▁chahie
7722	-10.953727	▁jew
7723	-10.953837	▁ओर
7724	-10.953856	▁chaalaaa
7725	-10.953936	▁chetta
7726	-10.953975	▁additions
7727	-10.954133	ford
7728	-10.954415	бл
7729	-10.954428	▁chain
7730	-10.954646	▁teli
7731	-10.955015	padding
7732	-10.955491	▁chaalaa
7733	-10.955615	▁bijepi
7734	-10.955647	ഹാ
7735	-10.955653	▁cnn
7736	-10.955768	▁defeat
7737	-10.955770	▁ninne
7738	-10.955793	▁annual
7739	-10.955854	ையா
7740	-10.956014	▁പൂ
7741	-10.956120	kkanam
7742	-10.956134	▁sport
7743	-10.956499	क्स
7744	-10.957300	dani
7745	-10.957522	▁ಮೋದಿ
7746	-10.957759	▁partner
7747	-10.958452	thank
7748	-10.959037	▁drink
7749	-10.959047	▁nal
7750	-10.959119	നേ
7751	-10.959428	▁twitter
7752	-10.959429	▁whatsoever
7753	-10.959496	▁हुई
7754	-10.959521	prov
7755	-10.959981	▁clicking
7756	-10.960073	▁relative
7757	-10.960195	ಗೊ
7758	-10.960464	gress
7759	-10.960614	shya
7760	-10.960955	dalla
7761	-10.961000	dini
7762	-10.961210	न्द
7763	-10.961287	▁sva
7764	-10.961345	▁proceed
7765	-10.961823	▁ought
7766	-10.962052	ವರ್
7767	-10.962364	▁dodda
7768	-10.962562	▁scott
7769	-10.962689	▁effects
7770	-10.962797	▁bully
7771	-10.963072	▁punish
7772	-10.963193	▁meat
7773	-10.963257	▁tomorrow
7774	-10.963313	▁മോളെ
7775	-10.963362	భ
7776	-10.963454	▁empty
7777	-10.963461	▁retirement
7778	-10.963569	مر
7779	-10.963735	▁freak
7780	-10.963818	big
7781	-10.963819	bol
7782	-10.963822	▁vun
7783	-10.964290	▁idiotic
7784	-10.964438	direct
7785	-10.964451	▁rakh
7786	-10.964549	▁vila
7787	-10.965175	❌
7788	-10.965176	ሃ
7789	-10.965270	▁dete
7790	-10.965845	cking
7791	-10.965856	now
7792	-10.966621	▁raaw
7793	-10.966629	▁ஏன்
7794	-10.967078	▁streets
7795	-10.967115	▁southern
7796	-10.967136	▁pidi
7797	-10.967277	▁الله
7798	-10.967278	▁wh
7799	-10.967395	gade
7800	-10.967418	▁airport
7801	-10.967423	▁carefully
7802	-10.967667	usion
7803	-10.967825	▁knee
7804	-10.968246	▁kiss
7805	-10.968405	▁chart
7806	-10.968693	▁fro
7807	-10.968943	▁accomplish
7808	-10.969008	▁domain
7809	-10.969025	ൺ
7810	-10.969025	▁mountain
7811	-10.969148	▁reviewed
7812	-10.969207	▁medan
7813	-10.969481	ttilla
7814	-10.969514	▁mati
7815	-10.969565	▁nowhere
7816	-10.969913	సారి
7817	-10.970035	riki
7818	-10.970044	while
7819	-10.970206	mond
7820	-10.970399	ായിരുന്നു
7821	-10.970814	▁pero
7822	-10.970956	▁మంచి
7823	-10.971031	▁observe
7824	-10.971419	▁warrant
7825	-10.971472	▁nay
7826	-10.971862	▁nyus
7827	-10.972285	▁ಹುಟ್ಟಿ
7828	-10.972610	▁бар
7829	-10.972889	ሸ
7830	-10.972890	▁impression
7831	-10.972890	▁லூசு
7832	-10.972944	ችሁ
7833	-10.973267	జు
7834	-10.973311	▁आपके
7835	-10.973658	▁tagging
7836	-10.973844	▁കൊല്ല
7837	-10.973991	▁criticize
7838	-10.974092	▁вы
7839	-10.974232	እ
7840	-10.974444	ಲೂ
7841	-10.974519	▁taxpayer
7842	-10.974524	റ്റി
7843	-10.974801	tukku
7844	-10.974828	circumstance
7845	-10.974833	▁survey
7846	-10.974934	▁అంత
7847	-10.974954	▁பேச
7848	-10.975084	స్తే
7849	-10.975430	్
7850	-10.975493	▁nil
7851	-10.975576	▁admi
7852	-10.975854	avun
7853	-10.975872	ган
7854	-10.976487	▁mul
7855	-10.976733	▁തോന്ന
7856	-10.976850	▁ಹಂದಿ
7857	-10.976885	▁കുറ
7858	-10.976892	desh
7859	-10.976895	▁assistance
7860	-10.976909	▁मन
7861	-10.977134	arige
7862	-10.978211	ന്നെ
7863	-10.978223	–
7864	-10.978228	್ತಾರೆ
7865	-10.978436	endo
7866	-10.978715	▁understood
7867	-10.978715	▁unnecessary
7868	-10.978723	▁खुश
7869	-10.978890	▁മാത്രം
7870	-10.978961	▁pudi
7871	-10.979048	▁officials
7872	-10.979187	▁́
7873	-10.979572	▁pok
7874	-10.979742	esi
7875	-10.979746	▁ola
7876	-10.979751	▁nick
7877	-10.979773	ción
7878	-10.980241	▁അടിച്ചു
7879	-10.980781	▁obtain
7880	-10.981220	▁israeli
7881	-10.981830	alani
7882	-10.982229	▁cherr
7883	-10.982244	lead
7884	-10.982292	ിലും
7885	-10.982494	ணம்
7886	-10.982583	😃
7887	-10.982584	▁employee
7888	-10.982617	▁desperate
7889	-10.982619	🐷
7890	-10.982635	🌟
7891	-10.982731	ುತ್ತಾರೆ
7892	-10.982811	▁ಆದ್ರೆ
7893	-10.982941	ன்று
7894	-10.982992	िल
7895	-10.983281	face
7896	-10.983347	▁chala
7897	-10.983349	▁driver
7898	-10.984329	▁chris
7899	-10.984394	check
7900	-10.984518	▁defending
7901	-10.984548	▁cab
7902	-10.984575	👙
7903	-10.984586	▁más
7904	-10.984941	లకు
7905	-10.985149	में
7906	-10.985199	▁jaba
7907	-10.985261	▁എന്ത്
7908	-10.985428	▁developed
7909	-10.985542	▁ты
7910	-10.985993	யில
7911	-10.986001	▁allegations
7912	-10.986113	ம்பு
7913	-10.986242	▁gru
7914	-10.986336	చు
7915	-10.986382	neighborhood
7916	-10.986535	▁volunteer
7917	-10.986598	▁boot
7918	-10.986706	cel
7919	-10.987000	gger
7920	-10.987124	based
7921	-10.987363	bag
7922	-10.988132	▁לא
7923	-10.988500	ظ
7924	-10.988500	▁application
7925	-10.988646	▁mode
7926	-10.988824	▁kattu
7927	-10.989058	▁mund
7928	-10.989454	▁ф
7929	-10.989641	eur
7930	-10.990390	ங்கி
7931	-10.990405	్య
7932	-10.990472	▁gau
7933	-10.990566	🖤
7934	-10.990583	▁ghost
7935	-10.990643	▁huaa
7936	-10.990739	rathu
7937	-10.990852	عل
7938	-10.991193	slav
7939	-10.991218	▁இருக்கா
7940	-10.991296	▁essentially
7941	-10.991556	▁бы
7942	-10.991734	test
7943	-10.991924	▁lake
7944	-10.992270	േണ്ട
7945	-10.992433	tivi
7946	-10.992441	▁कौन
7947	-10.992441	☕
7948	-10.992445	▁grammar
7949	-10.992582	▁elli
7950	-10.992846	▁sanction
7951	-10.993232	ಚಾ
7952	-10.993518	position
7953	-10.994202	▁ನಿಜ
7954	-10.994250	കു
7955	-10.994259	▁ingane
7956	-10.994355	mpl
7957	-10.994368	contribs
7958	-10.994381	▁😔😔
7959	-10.994417	▁criterion
7960	-10.994419	▁maadhiri
7961	-10.994454	🕊️
7962	-10.994539	▁nasty
7963	-10.994756	▁आपकी
7964	-10.994966	▁engine
7965	-10.995194	ருக்கு
7966	-10.995565	వాలి
7967	-10.995728	sky
7968	-10.995782	▁valle
7969	-10.995946	▁லைக்
7970	-10.995971	ప్పుడు
7971	-10.995990	kira
7972	-10.996267	す
7973	-10.996278	ಣೆ
7974	-10.996397	ౌ
7975	-10.996398	▁confusion
7976	-10.996402	▁hudugi
7977	-10.996407	▁దెంగుతా
7978	-10.996420	😬😬
7979	-10.996570	▁வேலை
7980	-10.996579	▁quoted
7981	-10.996612	▁ಅವ್ರ
7982	-10.996719	▁feelings
7983	-10.996758	▁jati
7984	-10.997052	స్తున్నా
7985	-10.997085	▁involve
7986	-10.997115	▁வேற
7987	-10.997785	▁naming
7988	-10.997885	▁formal
7989	-10.998335	రూ
7990	-10.998381	▁software
7991	-10.998426	▁gotten
7992	-10.998522	▁nre
7993	-10.998589	🌼🌼
7994	-10.998671	▁cam
7995	-10.998808	▁logged
7996	-10.998825	▁tapp
7997	-10.998828	▁appearance
7998	-10.999402	🤦‍♂️
7999	-10.999431	kkunnu
8000	-10.999538	ಬೇಕಾ
8001	-10.999726	city
8002	-10.999733	▁മര
8003	-10.999798	ളു
8004	-10.999905	పా
8005	-11.000369	😣
8006	-11.000370	▁pocket
8007	-11.000396	▁பொண்ணு
8008	-11.000691	▁import
8009	-11.000740	▁contains
8010	-11.000805	।।
8011	-11.000808	▁poya
8012	-11.000891	▁thaan
8013	-11.001079	ഴി
8014	-11.001142	▁ಕೂಡ
8015	-11.001151	▁userpage
8016	-11.001201	മാന
8017	-11.001667	▁visha
8018	-11.001865	sub
8019	-11.001951	▁penis
8020	-11.002107	पी
8021	-11.002316	🙋
8022	-11.002361	▁कोरोना
8023	-11.002362	▁conference
8024	-11.002373	▁സിനിമ
8025	-11.002429	▁ಮತ್ತೆ
8026	-11.002520	ин
8027	-11.002538	width
8028	-11.002617	பு
8029	-11.003177	▁max
8030	-11.003187	▁manchi
8031	-11.003213	▁divide
8032	-11.003402	▁denguta
8033	-11.003466	▁bum
8034	-11.003591	cated
8035	-11.003900	▁झ
8036	-11.004012	hate
8037	-11.004043	undu
8038	-11.004233	യ്യ
8039	-11.004319	▁closer
8040	-11.004379	▁lazy
8041	-11.004401	🔥🔥
8042	-11.005043	▁scale
8043	-11.005060	мі
8044	-11.005342	ವನ್ನು
8045	-11.005347	wash
8046	-11.005476	▁cheyyu
8047	-11.005756	யூ
8048	-11.006178	▁tir
8049	-11.006357	▁ಜೊತೆ
8050	-11.006387	yana
8051	-11.006482	▁thalapathy
8052	-11.006511	▁greed
8053	-11.006555	▁charles
8054	-11.006845	▁paranja
8055	-11.006962	מה
8056	-11.007102	▁గుడ్
8057	-11.007312	gel
8058	-11.007434	▁ಸಾಯ
8059	-11.007609	их
8060	-11.007691	മായി
8061	-11.007816	▁fur
8062	-11.008219	‍♀️
8063	-11.008354	رة
8064	-11.008361	▁integrity
8065	-11.008361	▁procedure
8066	-11.008362	ሊ
8067	-11.008383	🤪🤪
8068	-11.008438	▁pride
8069	-11.008542	▁dividend
8070	-11.009043	▁gee
8071	-11.009254	▁పని
8072	-11.009523	बू
8073	-11.009613	▁maar
8074	-11.010069	▁mug
8075	-11.010241	from
8076	-11.010369	▁इतना
8077	-11.010423	presidential
8078	-11.011220	▁karnataka
8079	-11.011752	▁render
8080	-11.011821	▁chari
8081	-11.012236	▁kall
8082	-11.012382	▁legislation
8083	-11.012422	▁செய்ய
8084	-11.012626	▁egg
8085	-11.012674	▁appeared
8086	-11.012903	▁ooru
8087	-11.013266	▁demo
8088	-11.013804	▁reveal
8089	-11.013844	జీ
8090	-11.014178	▁jim
8091	-11.014235	▁logon
8092	-11.014524	▁obamacare
8093	-11.014869	▁vie
8094	-11.015208	▁bari
8095	-11.015482	▁remarks
8096	-11.015495	▁:)
8097	-11.015670	▁restore
8098	-11.016087	date
8099	-11.016418	▁rhetoric
8100	-11.016418	▁credible
8101	-11.016625	▁ethu
8102	-11.016975	friend
8103	-11.017057	▁pc
8104	-11.017471	्रा
8105	-11.017773	▁jote
8106	-11.017809	из
8107	-11.017935	▁informed
8108	-11.018046	▁nationalist
8109	-11.018441	ё
8110	-11.018442	ഊ
8111	-11.018600	ಂಟ
8112	-11.018603	చా
8113	-11.018641	▁lesson
8114	-11.018772	ño
8115	-11.018864	▁dilit
8116	-11.019774	नि
8117	-11.019920	▁dost
8118	-11.020538	▁हिन्दू
8119	-11.020803	చ్చి
8120	-11.020884	▁margin
8121	-11.021193	ugu
8122	-11.021388	▁alive
8123	-11.021757	▁spar
8124	-11.022104	cchu
8125	-11.022225	▁resource
8126	-11.022279	▁pattu
8127	-11.022503	▁ನಿನಗೆ
8128	-11.022784	▁endorse
8129	-11.023362	ದ್ರ
8130	-11.023810	▁iranian
8131	-11.024404	▁जाने
8132	-11.024540	▁statistics
8133	-11.024540	▁हूँ
8134	-11.024574	▁vendi
8135	-11.024768	▁munda
8136	-11.024894	▁இருந்தா
8137	-11.025006	▁destroyed
8138	-11.025510	▁gather
8139	-11.025863	keep
8140	-11.025976	ത്ര
8141	-11.026126	ഥ
8142	-11.026464	ule
8143	-11.026579	🙆
8144	-11.026581	ኔ
8145	-11.026597	▁affair
8146	-11.026847	▁ആക
8147	-11.026927	▁worthy
8148	-11.026980	गर
8149	-11.027167	▁arbcom
8150	-11.027246	▁winner
8151	-11.027377	▁produced
8152	-11.027381	vor
8153	-11.027640	▁कल
8154	-11.027889	र्म
8155	-11.028190	▁కొట్ట
8156	-11.028625	▁narrative
8157	-11.028767	▁drunk
8158	-11.028773	▁मान
8159	-11.028794	чы
8160	-11.028879	▁dushta
8161	-11.029091	▁impose
8162	-11.029202	▁plane
8163	-11.029458	▁kumar
8164	-11.029479	எ
8165	-11.029569	उ
8166	-11.029782	ச்சா
8167	-11.029801	▁solli
8168	-11.030136	▁friendly
8169	-11.030208	▁insane
8170	-11.030357	നോ
8171	-11.030377	▁judgement
8172	-11.030664	kkiya
8173	-11.030674	ወያኔ
8174	-11.030675	▁chicago
8175	-11.030676	▁electoral
8176	-11.030765	🔆
8177	-11.031035	▁sarkar
8178	-11.031205	யு
8179	-11.031633	koo
8180	-11.031657	▁लड़
8181	-11.031802	thiri
8182	-11.031969	лю
8183	-11.032013	▁మి
8184	-11.032063	രും
8185	-11.032317	▁select
8186	-11.032479	revert
8187	-11.032651	cite
8188	-11.032728	▁दुनिया
8189	-11.032730	▁పిచ్చి
8190	-11.032808	▁എത്ര
8191	-11.032885	▁गलत
8192	-11.032934	▁தலை
8193	-11.033012	▁சொல்லி
8194	-11.033024	arian
8195	-11.033431	dane
8196	-11.033456	▁nine
8197	-11.033621	bia
8198	-11.033748	▁சூ
8199	-11.033934	▁permit
8200	-11.033935	▁managed
8201	-11.034050	▁ಹಾಗೆ
8202	-11.034092	▁neenga
8203	-11.034170	▁wanna
8204	-11.034634	▁arth
8205	-11.035062	▁ಎಷ್ಟು
8206	-11.035138	▁chosen
8207	-11.035161	పం
8208	-11.035259	▁सम
8209	-11.035367	▁patu
8210	-11.035394	▁vunte
8211	-11.035509	lp
8212	-11.035578	▁technical
8213	-11.035678	നം
8214	-11.035946	▁resign
8215	-11.036213	லம்
8216	-11.036352	▁expression
8217	-11.036737	ంగ్
8218	-11.036841	🏿
8219	-11.036847	▁अभी
8220	-11.036850	னம்
8221	-11.036851	日本
8222	-11.037075	ump
8223	-11.037081	▁percentage
8224	-11.037191	मि
8225	-11.037505	wp
8226	-11.037570	block
8227	-11.038086	🙄🙄
8228	-11.038097	ತನ
8229	-11.038110	▁мин
8230	-11.038334	lige
8231	-11.038374	thinte
8232	-11.038428	ತ್ಯ
8233	-11.038506	ங்கள
8234	-11.038895	▁elaa
8235	-11.038915	・
8236	-11.038922	▁flood
8237	-11.038984	▁കൂടി
8238	-11.038992	▁किस
8239	-11.039080	🥀🥀
8240	-11.039108	▁tall
8241	-11.039238	▁हमें
8242	-11.039276	يك
8243	-11.039282	ாலும்
8244	-11.039332	▁weird
8245	-11.039820	▁tappu
8246	-11.039925	▁desk
8247	-11.040393	▁kutti
8248	-11.040489	▁refused
8249	-11.040672	ള്
8250	-11.040707	▁unto
8251	-11.040712	▁రోజు
8252	-11.040743	care
8253	-11.040984	gratulations
8254	-11.040987	🤮🤮
8255	-11.041010	▁superior
8256	-11.041014	🤧🤧
8257	-11.041033	▁mate
8258	-11.041068	זה
8259	-11.041092	ാനും
8260	-11.041423	▁matad
8261	-11.041676	ంత
8262	-11.041811	▁lagaa
8263	-11.041883	▁करके
8264	-11.041936	▁bird
8265	-11.042008	▁bishops
8266	-11.042057	▁yogi
8267	-11.042093	▁legally
8268	-11.042161	ంటి
8269	-11.042365	മില്ല
8270	-11.042480	lash
8271	-11.042580	ssen
8272	-11.043032	▁அத
8273	-11.043058	▁competition
8274	-11.043058	▁universal
8275	-11.043058	▁లంజకోడక
8276	-11.043101	▁ಒಬ್ಬ
8277	-11.043446	▁kuda
8278	-11.043457	▁yenna
8279	-11.043526	▁ಸೂ
8280	-11.043751	ente
8281	-11.044587	▁bien
8282	-11.044749	lation
8283	-11.044872	▁intend
8284	-11.045095	▁yente
8285	-11.045129	ాలని
8286	-11.045137	▁medicine
8287	-11.045246	▁நினை
8288	-11.045278	▁determined
8289	-11.045294	▁colorado
8290	-11.045335	ങ്ങള
8291	-11.045426	▁koduku
8292	-11.045894	ography
8293	-11.046259	▁यही
8294	-11.046357	ска
8295	-11.046411	▁principle
8296	-11.046425	▁thousand
8297	-11.046473	▁చూడ
8298	-11.046737	▁danger
8299	-11.046941	жа
8300	-11.046970	▁soldiers
8301	-11.047075	▁generate
8302	-11.047222	▁suppress
8303	-11.047309	▁breaking
8304	-11.047347	సే
8305	-11.048639	where
8306	-11.048864	bla
8307	-11.048970	▁cheya
8308	-11.049010	▁sher
8309	-11.049056	▁kannu
8310	-11.049073	▁finish
8311	-11.049115	▁sadly
8312	-11.049219	っ
8313	-11.049272	▁tangi
8314	-11.049543	▁repeated
8315	-11.050112	пу
8316	-11.050858	▁disputed
8317	-11.050887	▁కొడుకు
8318	-11.050967	▁mary
8319	-11.051005	▁discover
8320	-11.051279	ще
8321	-11.051351	estimate
8322	-11.051369	🤩
8323	-11.051400	▁दिल्ली
8324	-11.051401	ጀ
8325	-11.051402	▁signature
8326	-11.051732	une
8327	-11.052191	tay
8328	-11.052254	▁collection
8329	-11.052436	▁restored
8330	-11.052642	▁gadi
8331	-11.052822	ప్ప
8332	-11.052835	▁weapon
8333	-11.052958	▁condition
8334	-11.052989	▁உன்னை
8335	-11.053071	▁ಅನ್ನೋ
8336	-11.053120	ம்மா
8337	-11.053187	ውን
8338	-11.053403	thuku
8339	-11.053501	▁afghanistan
8340	-11.053680	ക്കണം
8341	-11.053694	▁comey
8342	-11.053757	uga
8343	-11.053840	▁madta
8344	-11.054068	▁detailed
8345	-11.054979	▁hundred
8346	-11.055181	wikiproject
8347	-11.055223	▁leak
8348	-11.055398	ాయి
8349	-11.055432	▁eru
8350	-11.055594	好
8351	-11.055602	▁bhosadi
8352	-11.055667	▁thomas
8353	-11.055777	दार
8354	-11.056023	▁wealthy
8355	-11.056375	▁சொல்லு
8356	-11.056532	▁це
8357	-11.056747	గే
8358	-11.056884	▁opt
8359	-11.057315	▁modda
8360	-11.057540	▁kerala
8361	-11.057702	📱
8362	-11.057704	ቢ
8363	-11.057790	gga
8364	-11.058194	▁pech
8365	-11.058222	▁unnai
8366	-11.058680	சம்
8367	-11.058978	மோ
8368	-11.059148	▁chha
8369	-11.059296	▁galat
8370	-11.059349	taka
8371	-11.059388	▁trolling
8372	-11.059446	christianity
8373	-11.059768	▁koi
8374	-11.059867	✨
8375	-11.059951	した
8376	-11.060060	ಕಾರ
8377	-11.060169	لو
8378	-11.060828	▁eight
8379	-11.060947	related
8380	-11.061223	झ
8381	-11.061273	▁script
8382	-11.061456	▁endu
8383	-11.061739	▁poorly
8384	-11.061775	▁vya
8385	-11.061922	ト
8386	-11.061925	つ
8387	-11.061952	▁kortu
8388	-11.061974	▁disrespect
8389	-11.062140	cco
8390	-11.062150	▁meanwhile
8391	-11.062487	▁polish
8392	-11.062509	▁feet
8393	-11.062521	▁அப்படி
8394	-11.063017	▁navu
8395	-11.063427	▁😄
8396	-11.063447	assad
8397	-11.063707	▁asia
8398	-11.063733	▁పడ
8399	-11.063868	gil
8400	-11.064054	▁വേറെ
8401	-11.064067	uvu
8402	-11.064300	ippi
8403	-11.064568	▁reverse
8404	-11.064738	ंत
8405	-11.064747	▁అది
8406	-11.065136	▁ಅವರು
8407	-11.065405	▁ungkal
8408	-11.065543	▁mast
8409	-11.065889	▁ಈಗ
8410	-11.065916	ശി
8411	-11.065931	▁cancel
8412	-11.066169	▁continuing
8413	-11.066175	▁ಥೂ
8414	-11.066340	يل
8415	-11.066828	▁shak
8416	-11.067164	▁poay
8417	-11.067340	ഗം
8418	-11.067608	kali
8419	-11.067675	▁😘😘
8420	-11.068112	▁electric
8421	-11.068226	▁improved
8422	-11.068297	ቡ
8423	-11.068297	▁హాయ్
8424	-11.068309	👠👠
8425	-11.068331	▁television
8426	-11.068334	▁बैठ
8427	-11.068475	ിലെ
8428	-11.068779	▁apology
8429	-11.068839	▁விட்டு
8430	-11.069034	▁vantha
8431	-11.069171	oid
8432	-11.069341	▁விட
8433	-11.070258	▁sue
8434	-11.070268	fortunately
8435	-11.070429	▁opponent
8436	-11.070436	pose
8437	-11.070475	▁launch
8438	-11.070650	▁மொ
8439	-11.070902	▁corner
8440	-11.070981	▁controlled
8441	-11.071275	▁operate
8442	-11.071819	▁patt
8443	-11.071859	self
8444	-11.071942	▁ಕಾಣ
8445	-11.072013	▁പറഞ്ഞു
8446	-11.072230	▁chair
8447	-11.072512	▁polite
8448	-11.072590	▁धर्म
8449	-11.072646	▁censorship
8450	-11.072789	ቶ
8451	-11.073106	😊😊
8452	-11.073107	▁apple
8453	-11.073166	▁gift
8454	-11.073685	യൂ
8455	-11.073720	▁mentioning
8456	-11.073812	▁nammakamtho
8457	-11.073991	power
8458	-11.074034	▁grab
8459	-11.074133	▁crack
8460	-11.074146	▁ryan
8461	-11.074438	%""
8462	-11.074571	▁heat
8463	-11.074707	▁hollywood
8464	-11.074707	▁impeach
8465	-11.074718	▁ಗುರು
8466	-11.074952	▁restrict
8467	-11.075120	▁கூதி
8468	-11.075367	▁believed
8469	-11.075617	▁capable
8470	-11.075707	▁crash
8471	-11.075757	▁как
8472	-11.076449	lg
8473	-11.076492	ለው
8474	-11.076564	▁అంద
8475	-11.076617	pathy
8476	-11.076854	▁எப்படி
8477	-11.076874	▁extent
8478	-11.076877	▁మొడ్డ
8479	-11.076904	💯💯
8480	-11.076985	▁vandalizing
8481	-11.077367	▁koote
8482	-11.077646	▁mama
8483	-11.077661	▁होगी
8484	-11.077683	бу
8485	-11.077986	ரே
8486	-11.078019	chhu
8487	-11.078113	appro
8488	-11.078131	maiya
8489	-11.078206	abh
8490	-11.078422	▁spoke
8491	-11.078822	сть
8492	-11.078951	▁maja
8493	-11.079003	ቆ
8494	-11.079004	significance
8495	-11.079031	▁instruction
8496	-11.079130	▁talent
8497	-11.079462	▁ಅನ್ನ
8498	-11.079498	▁desa
8499	-11.079580	▁twist
8500	-11.079687	▁ಕೇಳ
8501	-11.080010	bur
8502	-11.080183	ುತ್ತಾ
8503	-11.080350	▁vaera
8504	-11.080952	▁jb
8505	-11.080992	▁👉
8506	-11.081088	▁priests
8507	-11.081089	ಮಕ್ಕಳ
8508	-11.081098	िय
8509	-11.081159	▁genuine
8510	-11.081232	noticeboard
8511	-11.081360	▁పొ
8512	-11.081546	വര
8513	-11.081566	▁hire
8514	-11.081938	▁dun
8515	-11.082302	▁mattu
8516	-11.082535	▁obba
8517	-11.082780	say
8518	-11.082958	ಕೇ
8519	-11.083014	▁paranju
8520	-11.083038	▁losers
8521	-11.083122	cast
8522	-11.083122	ക്കോ
8523	-11.083127	▁dena
8524	-11.083317	ጭ
8525	-11.083319	ఊ
8526	-11.083485	▁smith
8527	-11.084491	▁pool
8528	-11.084737	▁coal
8529	-11.084781	ுக்கு
8530	-11.084828	▁filled
8531	-11.085410	ीय
8532	-11.085412	🏃
8533	-11.085459	»
8534	-11.085545	▁हाथ
8535	-11.085564	erifiability
8536	-11.085724	▁बड़ा
8537	-11.086046	▁የተ
8538	-11.086333	▁dems
8539	-11.086771	క్ష
8540	-11.086957	▁tiene
8541	-11.087139	▁bloody
8542	-11.087460	ढ़
8543	-11.087652	ఖ
8544	-11.087652	▁ourselves
8545	-11.087654	▁പന്നി
8546	-11.087655	▁monitor
8547	-11.087656	▁koothi
8548	-11.087755	▁dub
8549	-11.087877	▁atichchu
8550	-11.087921	▁ఉన్నారు
8551	-11.088049	▁कै
8552	-11.088062	hey
8553	-11.088216	▁tear
8554	-11.088298	▁priest
8555	-11.088778	▁karata
8556	-11.088893	ಯಿ
8557	-11.088927	▁ಹುಡುಗಿ
8558	-11.089222	▁ಇಂತ
8559	-11.089412	ണ്ടി
8560	-11.089527	▁gur
8561	-11.089656	▁approved
8562	-11.089826	▁exercise
8563	-11.089827	▁speculation
8564	-11.089858	▁quo
8565	-11.089866	▁weather
8566	-11.089873	▁ఉంటే
8567	-11.089880	▁feedback
8568	-11.090150	load
8569	-11.090414	▁lucky
8570	-11.090490	▁condemn
8571	-11.090557	ול
8572	-11.090715	▁manage
8573	-11.090720	▁viru
8574	-11.090776	▁इं
8575	-11.090969	ación
8576	-11.091182	▁turning
8577	-11.091290	▁whoever
8578	-11.091398	▁psych
8579	-11.091420	▁matu
8580	-11.091481	▁rod
8581	-11.091559	በት
8582	-11.091631	▁jin
8583	-11.091970	പി
8584	-11.092113	ലു
8585	-11.092319	▁ಜೀವನ
8586	-11.092449	▁registered
8587	-11.092647	▁الح
8588	-11.092842	▁cow
8589	-11.092963	▁vachi
8590	-11.093397	ар
8591	-11.093412	тор
8592	-11.093490	▁rush
8593	-11.093947	▁mila
8594	-11.093959	வள
8595	-11.094023	లం
8596	-11.094190	▁substance
8597	-11.094195	▁switch
8598	-11.094196	▁जरूर
8599	-11.094500	▁நாயே
8600	-11.094512	▁kasht
8601	-11.094555	▁സ്വ
8602	-11.094959	questions
8603	-11.094978	main
8604	-11.095904	though
8605	-11.096030	▁tiny
8606	-11.096052	िये
8607	-11.096086	خل
8608	-11.096376	▁apologies
8609	-11.096376	▁parliament
8610	-11.096376	▁रंडी
8611	-11.096413	▁தமிழ்
8612	-11.096427	▁turkey
8613	-11.096440	▁watched
8614	-11.096519	▁ongoing
8615	-11.096547	▁निकल
8616	-11.096657	▁buck
8617	-11.096791	▁buddhi
8618	-11.097051	ып
8619	-11.097095	gha
8620	-11.097111	بر
8621	-11.097294	▁balanced
8622	-11.097300	kkal
8623	-11.097483	▁limits
8624	-11.097507	▁uda
8625	-11.097873	vati
8626	-11.098077	▁kaam
8627	-11.098248	കളെ
8628	-11.098539	😢
8629	-11.098600	▁hawaiian
8630	-11.098609	▁smell
8631	-11.098846	▁whenever
8632	-11.099129	ود
8633	-11.099244	ಣಿ
8634	-11.099518	లాంటి
8635	-11.099549	▁ishtam
8636	-11.099744	▁مع
8637	-11.099811	▁pee
8638	-11.100104	aaya
8639	-11.100163	▁terror
8640	-11.100450	corn
8641	-11.100465	со
8642	-11.100499	athil
8643	-11.100542	▁manager
8644	-11.100767	α
8645	-11.100836	▁munde
8646	-11.100896	▁bernie
8647	-11.100933	grade
8648	-11.101005	▁profile
8649	-11.101980	▁charged
8650	-11.102055	टर
8651	-11.102204	▁rag
8652	-11.102285	сто
8653	-11.102790	cient
8654	-11.102968	多
8655	-11.102972	▁approval
8656	-11.103282	▁chuu
8657	-11.103683	▁tribe
8658	-11.103717	ವಾದ
8659	-11.103751	▁कमी
8660	-11.103774	▁చేస
8661	-11.103883	▁commentary
8662	-11.104083	ться
8663	-11.104325	liter
8664	-11.104335	▁options
8665	-11.104726	▁annana
8666	-11.104728	▁register
8667	-11.104798	▁arrest
8668	-11.104925	fall
8669	-11.104951	▁ideal
8670	-11.105177	🧐
8671	-11.105355	▁presence
8672	-11.105571	▁podunga
8673	-11.105814	▁recover
8674	-11.105921	▁adn
8675	-11.106155	yoo
8676	-11.106155	▁initial
8677	-11.106280	ஞ்சி
8678	-11.106520	бы
8679	-11.106779	гэ
8680	-11.106991	ruka
8681	-11.107256	▁dengi
8682	-11.107334	▁contributed
8683	-11.107389	▁marijuana
8684	-11.107525	ಕೂ
8685	-11.107681	▁ಇನ್ನ
8686	-11.108104	isa
8687	-11.108466	background
8688	-11.108500	kalu
8689	-11.108676	▁loose
8690	-11.108858	▁vor
8691	-11.108959	▁இருக்கிற
8692	-11.109083	ست
8693	-11.109530	ай
8694	-11.109607	▁inaccurate
8695	-11.109607	▁నిన్ను
8696	-11.109607	▁ಅಯ್ಯೋ
8697	-11.109607	▁ಕಾಮೆಂಟ್
8698	-11.109611	▁britain
8699	-11.109612	▁downtown
8700	-11.109630	▁observation
8701	-11.109658	ache
8702	-11.109906	▁మూ
8703	-11.110719	fies
8704	-11.110753	ങ്ങളെ
8705	-11.110901	ів
8706	-11.111009	కీ
8707	-11.111145	▁manufactur
8708	-11.111177	мен
8709	-11.111394	вы
8710	-11.111786	glio
8711	-11.111849	▁copied
8712	-11.111924	▁ಭಾರತ
8713	-11.111958	▁ನಾವು
8714	-11.112487	▁colon
8715	-11.112610	▁highway
8716	-11.113209	▁iruka
8717	-11.113223	▁vdo
8718	-11.113511	▁sirf
8719	-11.114056	▁capacity
8720	-11.114066	🖕🖕
8721	-11.114080	▁seksi
8722	-11.114142	▁ఇంకా
8723	-11.114227	▁स्व
8724	-11.114242	▁bou
8725	-11.114304	▁fare
8726	-11.114449	▁heck
8727	-11.114589	▁genetic
8728	-11.114692	▁chup
8729	-11.114758	▁kida
8730	-11.114798	▁predict
8731	-11.114890	▁drivers
8732	-11.115366	▁lawyers
8733	-11.115369	▁மேல
8734	-11.115488	review
8735	-11.116117	▁zone
8736	-11.116289	▁fashion
8737	-11.116291	▁அண்ணா
8738	-11.116395	▁ninakk
8739	-11.116536	ür
8740	-11.116615	▁vest
8741	-11.116691	▁tumbaa
8742	-11.116725	ங்களா
8743	-11.116734	▁herself
8744	-11.116852	note
8745	-11.117138	▁huh
8746	-11.117162	▁tik
8747	-11.117268	▁rait
8748	-11.117484	▁fees
8749	-11.117489	▁انت
8750	-11.117690	▁insulting
8751	-11.117898	▁setting
8752	-11.118022	▁items
8753	-11.118367	▁apr
8754	-11.118525	▁सुंदर
8755	-11.118526	▁presidency
8756	-11.118531	▁dhushta
8757	-11.118552	▁qualify
8758	-11.118670	col
8759	-11.118724	▁പോക
8760	-11.118783	▁slavery
8761	-11.118888	▁frame
8762	-11.119128	▁rewrite
8763	-11.119153	▁हु
8764	-11.119168	olu
8765	-11.120063	▁vaayi
8766	-11.120225	▁nenu
8767	-11.120227	▁edition
8768	-11.120537	▁போக
8769	-11.120768	▁strength
8770	-11.120770	▁suicide
8771	-11.120793	🤦‍♀️
8772	-11.120852	▁exchange
8773	-11.120907	▁പണി
8774	-11.121115	▁ಅಣ್ಣ
8775	-11.121132	▁kojja
8776	-11.121481	र्ट
8777	-11.122335	▁decade
8778	-11.122508	fr
8779	-11.122581	▁பிர
8780	-11.122739	ೃ
8781	-11.122806	▁ಸಿಗ
8782	-11.122911	onic
8783	-11.122972	▁பண்ற
8784	-11.123009	能
8785	-11.123066	▁உங்களுக்கு
8786	-11.123160	▁arrive
8787	-11.123434	▁लोगो
8788	-11.123583	anai
8789	-11.123649	intellectual
8790	-11.123690	▁badly
8791	-11.123693	اي
8792	-11.123698	▁kannad
8793	-11.124139	▁forest
8794	-11.124156	ality
8795	-11.124353	けど
8796	-11.124720	▁ಮೊ
8797	-11.124857	▁عن
8798	-11.124929	▁steve
8799	-11.125080	▁चि
8800	-11.125140	▁அழகா
8801	-11.125231	▁ಜನರ
8802	-11.125252	ಚ್
8803	-11.125268	▁vidiio
8804	-11.125269	▁ऐसी
8805	-11.125485	▁persian
8806	-11.125540	▁neeku
8807	-11.125602	▁aapaki
8808	-11.125809	▁син
8809	-11.125847	▁sap
8810	-11.126053	▁பேசு
8811	-11.126054	▁healthy
8812	-11.126113	▁யார
8813	-11.126137	▁waley
8814	-11.126301	ettan
8815	-11.126434	ோம்
8816	-11.126863	▁lied
8817	-11.127215	▁baha
8818	-11.127445	ಠ
8819	-11.127495	▁recognized
8820	-11.127503	▁duty
8821	-11.127524	▁disgrace
8822	-11.127662	ifying
8823	-11.127836	archive
8824	-11.128646	▁panra
8825	-11.129105	▁directed
8826	-11.129801	▁без
8827	-11.129802	▁enemy
8828	-11.129803	▁unlikely
8829	-11.129808	▁philosophy
8830	-11.129831	🚩🚩
8831	-11.129910	▁dhaiva
8832	-11.130393	▁aaee
8833	-11.130510	▁creator
8834	-11.130548	▁eduth
8835	-11.130658	టీ
8836	-11.130720	▁kela
8837	-11.130907	ikkunna
8838	-11.131122	▁vannu
8839	-11.131278	ളും
8840	-11.131352	▁hung
8841	-11.131743	ಸ್ಟ
8842	-11.131966	▁consumer
8843	-11.132071	▁paanii
8844	-11.132090	▁किसान
8845	-11.132226	▁combat
8846	-11.132820	▁oli
8847	-11.132963	▁அவன்
8848	-11.133001	рт
8849	-11.133452	▁punda
8850	-11.133471	▁arse
8851	-11.133487	▁chhe
8852	-11.133899	▁па
8853	-11.134276	▁pade
8854	-11.134318	▁courtu
8855	-11.134327	😑
8856	-11.134329	▁vietnam
8857	-11.134425	வர்கள்
8858	-11.134480	▁നിങ്ങൾ
8859	-11.134497	▁camera
8860	-11.134768	▁பண்ணி
8861	-11.135450	▁randi
8862	-11.135801	▁oda
8863	-11.135962	▁kutu
8864	-11.135980	▁liber
8865	-11.136003	▁चू
8866	-11.136266	ой
8867	-11.136462	ണ്
8868	-11.136559	▁wales
8869	-11.136597	▁വേണ്ട
8870	-11.136605	▁లంజాకొడకా
8871	-11.136606	▁possibility
8872	-11.136613	▁practical
8873	-11.136964	▁ప్రభ
8874	-11.137122	ಬಿ
8875	-11.137257	galukku
8876	-11.137753	▁ಬೇಡ
8877	-11.138099	▁ravi
8878	-11.138859	🥺
8879	-11.138888	▁strategy
8880	-11.138889	▁reputation
8881	-11.139073	▁suppa
8882	-11.139301	▁bullet
8883	-11.139337	▁distinction
8884	-11.139534	▁alaskan
8885	-11.139555	gree
8886	-11.139777	▁principles
8887	-11.139871	▁responded
8888	-11.140426	▁pink
8889	-11.140966	تي
8890	-11.141123	▁publicly
8891	-11.141176	▁disappear
8892	-11.141178	▁slightly
8893	-11.141186	▁koortu
8894	-11.141265	%;
8895	-11.141369	▁nov
8896	-11.141451	▁laughing
8897	-11.141460	▁ಆದರೆ
8898	-11.141462	▁crook
8899	-11.141549	▁chinna
8900	-11.141592	▁dc
8901	-11.141614	pass
8902	-11.141747	тер
8903	-11.141768	ాలు
8904	-11.142005	▁volume
8905	-11.142271	▁petty
8906	-11.142483	ಂಡಿ
8907	-11.142671	▁ಕೊಟ್ಟ
8908	-11.142701	▁miles
8909	-11.142704	ೆಲ್ಲ
8910	-11.143332	▁tul
8911	-11.143466	们
8912	-11.143473	▁specified
8913	-11.143476	▁veteran
8914	-11.143926	▁nammal
8915	-11.144037	▁cheese
8916	-11.144317	ട്ടാ
8917	-11.144526	▁reduced
8918	-11.144593	▁आती
8919	-11.144664	▁الس
8920	-11.145769	థ
8921	-11.145769	▁extensive
8922	-11.145805	▁passing
8923	-11.145815	▁mobile
8924	-11.145895	▁eppadi
8925	-11.145920	▁ಅವಳ
8926	-11.146054	▁verified
8927	-11.146099	encia
8928	-11.146197	▁saved
8929	-11.146320	▁forgive
8930	-11.148065	以
8931	-11.148069	方
8932	-11.148073	▁expansion
8933	-11.148095	▁valuable
8934	-11.148102	▁entries
8935	-11.148151	nnitt
8936	-11.148239	igen
8937	-11.148265	ሆን
8938	-11.148333	▁scream
8939	-11.148869	▁kalyan
8940	-11.149550	plan
8941	-11.149719	▁coin
8942	-11.149827	▁blp
8943	-11.149992	▁haki
8944	-11.150215	chara
8945	-11.150385	▁योगी
8946	-11.150386	▁sudhir
8947	-11.150399	▁shubh
8948	-11.150401	▁சுன்னி
8949	-11.150416	▁lick
8950	-11.150421	🌻🌻
8951	-11.150440	▁yake
8952	-11.150517	▁pls
8953	-11.150645	▁kanna
8954	-11.151689	▁सुन
8955	-11.151918	▁relatively
8956	-11.152669	्यू
8957	-11.152699	▁square
8958	-11.152705	▁causing
8959	-11.152721	▁relations
8960	-11.152730	▁christmas
8961	-11.153052	▁evide
8962	-11.153296	अ
8963	-11.153359	▁mehr
8964	-11.153381	▁utter
8965	-11.153744	ட்டை
8966	-11.153900	▁అలా
8967	-11.154145	▁cutting
8968	-11.154149	ுது
8969	-11.154338	כל
8970	-11.154445	бі
8971	-11.154669	lil
8972	-11.154737	▁corrected
8973	-11.154877	lava
8974	-11.155011	男
8975	-11.155023	ಬಿಟ್ಟ
8976	-11.155054	▁specify
8977	-11.155116	▁പോലും
8978	-11.155176	▁agency
8979	-11.155196	▁ఎలా
8980	-11.155237	band
8981	-11.155342	ел
8982	-11.155571	ట్టి
8983	-11.156618	▁hip
8984	-11.156635	▁ಬೇ
8985	-11.156644	▁accusation
8986	-11.156661	▁resolve
8987	-11.156858	▁kudu
8988	-11.157162	ці
8989	-11.157343	▁சமூக
8990	-11.157346	▁ತಂಗಿ
8991	-11.157436	▁comprehensi
8992	-11.157476	യേ
8993	-11.157570	rann
8994	-11.157626	▁mainly
8995	-11.157832	▁airline
8996	-11.158223	▁ketta
8997	-11.158364	▁നിന്നെ
8998	-11.158821	▁granted
8999	-11.159018	▁hotel
9000	-11.159024	▁saman
9001	-11.159242	▁വല്ല
9002	-11.159390	▁merged
9003	-11.159555	aging
9004	-11.159667	生
9005	-11.159669	自
9006	-11.159675	ኮ
9007	-11.159727	▁threatening
9008	-11.159733	▁vot
9009	-11.159837	▁urban
9010	-11.159988	▁favorite
9011	-11.160034	▁denial
9012	-11.160277	▁severe
9013	-11.160397	ón
9014	-11.160451	ña
9015	-11.160519	▁paka
9016	-11.160664	rika
9017	-11.160986	▁उसे
9018	-11.161018	▁porn
9019	-11.161035	▁centre
9020	-11.161169	ಿದ್ರೆ
9021	-11.161673	▁ಲೋ
9022	-11.162037	▁circle
9023	-11.162148	चे
9024	-11.162172	▁differ
9025	-11.162362	😄😄
9026	-11.162365	dale
9027	-11.163039	thukku
9028	-11.163056	ലേ
9029	-11.163190	▁chemical
9030	-11.163276	ал
9031	-11.163650	еп
9032	-11.164325	😉
9033	-11.164352	▁సుధీర్
9034	-11.164353	▁activist
9035	-11.164438	مي
9036	-11.164545	なん
9037	-11.164590	ಗಳನ್ನು
9038	-11.164907	tide
9039	-11.165026	▁ലൈക്
9040	-11.165112	▁magic
9041	-11.165256	▁mongo
9042	-11.165623	▁akkaa
9043	-11.165649	▁trend
9044	-11.166669	▁వాళ్ళ
9045	-11.166694	子
9046	-11.166821	▁potti
9047	-11.167150	▁של
9048	-11.167154	▁adjust
9049	-11.167174	including
9050	-11.167349	▁scheme
9051	-11.168214	▁कब
9052	-11.169028	▁चला
9053	-11.169051	め
9054	-11.169053	▁dictionary
9055	-11.169053	▁territory
9056	-11.169056	▁lawsuit
9057	-11.169145	▁fought
9058	-11.169627	▁dyk
9059	-11.169885	▁hindi
9060	-11.169959	ंगी
9061	-11.170031	▁normally
9062	-11.170120	▁euro
9063	-11.170146	▁apparent
9064	-11.170196	▁rand
9065	-11.170437	▁muk
9066	-11.170811	▁ул
9067	-11.171230	▁vazh
9068	-11.171396	▁mann
9069	-11.171401	💔
9070	-11.171412	▁अच्छी
9071	-11.171422	▁urge
9072	-11.171471	▁sukh
9073	-11.171482	▁இருக்கீங்க
9074	-11.171505	▁engaged
9075	-11.171604	▁लिया
9076	-11.171672	▁existed
9077	-11.171810	▁assessment
9078	-11.171895	▁unblocked
9079	-11.172089	itude
9080	-11.172399	nammakamthoo
9081	-11.172668	क्ट
9082	-11.172916	كل
9083	-11.172982	▁makl
9084	-11.173324	zie
9085	-11.173776	ቁ
9086	-11.173776	▁ಬೋಳಿ
9087	-11.173778	▁qualified
9088	-11.173820	▁potta
9089	-11.173825	▁aspect
9090	-11.173913	▁badh
9091	-11.173938	▁iruntha
9092	-11.174252	🙏🏻
9093	-11.174390	▁mistaken
9094	-11.174444	personal
9095	-11.174518	శా
9096	-11.174659	idiot
9097	-11.174752	देश
9098	-11.174803	▁prathi
9099	-11.175155	లె
9100	-11.175208	▁failing
9101	-11.175257	▁hame
9102	-11.175279	galannu
9103	-11.175357	kunna
9104	-11.175373	▁alter
9105	-11.175439	ци
9106	-11.175725	vul
9107	-11.175923	▁offended
9108	-11.176136	性
9109	-11.176143	ళ
9110	-11.176148	▁കൊടുത്ത
9111	-11.176287	▁server
9112	-11.176364	யாக
9113	-11.176408	▁colour
9114	-11.176683	▁azhaga
9115	-11.176698	▁consult
9116	-11.176796	▁పూ
9117	-11.176819	▁prati
9118	-11.177014	prema
9119	-11.177256	▁kadu
9120	-11.177310	▁ಇವರ
9121	-11.177532	▁mich
9122	-11.177774	kkuka
9123	-11.177843	പോ
9124	-11.178037	hur
9125	-11.178269	▁duck
9126	-11.178520	▁equivalent
9127	-11.178520	▁mortgage
9128	-11.178570	▁బాగుంది
9129	-11.179343	because
9130	-11.179601	▁awful
9131	-11.179611	▁occasion
9132	-11.179819	▁motor
9133	-11.179842	fra
9134	-11.180363	▁wah
9135	-11.180566	▁documented
9136	-11.180886	एम
9137	-11.180931	▁comic
9138	-11.180932	▁കളിക്കാൻ
9139	-11.181057	▁cheyandi
9140	-11.181075	▁వాళ్ళు
9141	-11.181093	يع
9142	-11.181142	▁wolf
9143	-11.181274	▁expanded
9144	-11.181274	▁கரு
9145	-11.181370	▁சீ
9146	-11.181650	ಂದಿ
9147	-11.181931	▁armed
9148	-11.182027	ಂಗೆ
9149	-11.182175	▁prepared
9150	-11.182254	▁funded
9151	-11.182467	dhana
9152	-11.182581	▁winter
9153	-11.182980	▁palestinian
9154	-11.183061	▁talkpage
9155	-11.183188	▁ಹೇ
9156	-11.183288	▁dishonest
9157	-11.183289	▁على
9158	-11.183300	▁abandon
9159	-11.183569	▁rural
9160	-11.183787	▁करे
9161	-11.184159	ravanga
9162	-11.184246	▁australian
9163	-11.184607	maar
9164	-11.184704	yama
9165	-11.184709	bbing
9166	-11.184728	वार
9167	-11.184955	▁throwing
9168	-11.184957	ለም
9169	-11.184981	▁bait
9170	-11.185622	amente
9171	-11.185677	看
9172	-11.185680	efficient
9173	-11.185691	▁यू
9174	-11.185812	וא
9175	-11.185832	gie
9176	-11.185843	👩‍
9177	-11.186097	▁உங்கள்
9178	-11.186102	▁aaya
9179	-11.186132	▁kinda
9180	-11.186237	▁uyir
9181	-11.186284	भक्त
9182	-11.186346	दू
9183	-11.186413	▁lagata
9184	-11.186519	risi
9185	-11.186603	ibly
9186	-11.186728	कॉ
9187	-11.187145	▁muti
9188	-11.187391	▁attempted
9189	-11.187394	▁novel
9190	-11.187457	▁रात
9191	-11.187531	▁போட்ட
9192	-11.187908	യാലും
9193	-11.187994	黑
9194	-11.188078	▁judgment
9195	-11.188078	▁sovereign
9196	-11.188078	▁violating
9197	-11.188088	▁vdeo
9198	-11.188158	▁చేస్తా
9199	-11.188332	▁പടം
9200	-11.188359	▁raksha
9201	-11.188489	▁ఆడ
9202	-11.188513	▁إ
9203	-11.188594	▁protecting
9204	-11.188733	сы
9205	-11.188938	▁ruling
9206	-11.188954	▁pump
9207	-11.189144	▁polun
9208	-11.189271	▁assure
9209	-11.189361	▁pann
9210	-11.189384	▁kab
9211	-11.189806	ందా
9212	-11.189839	▁sending
9213	-11.189857	▁ending
9214	-11.190129	▁emotional
9215	-11.190374	▁nikal
9216	-11.190482	▁cocksucker
9217	-11.190619	ér
9218	-11.190710	wel
9219	-11.190866	▁मह
9220	-11.191034	▁வந்த
9221	-11.191035	▁అండి
9222	-11.191054	▁shift
9223	-11.191202	ன்னா
9224	-11.191378	▁koda
9225	-11.191387	تر
9226	-11.191698	▁contra
9227	-11.191813	▁punk
9228	-11.191817	▁mob
9229	-11.192161	ఒ
9230	-11.192255	ിട്ട
9231	-11.192384	чу
9232	-11.192472	▁rain
9233	-11.192890	ア
9234	-11.192892	▁turkish
9235	-11.192892	▁ህዝብ
9236	-11.192895	▁lalettan
9237	-11.192899	▁आता
9238	-11.192932	▁காதல்
9239	-11.192943	▁ವರ್ಷ
9240	-11.192971	▁scandal
9241	-11.193049	ாது
9242	-11.193163	▁lang
9243	-11.193193	▁wikimedia
9244	-11.193257	▁nampar
9245	-11.193276	▁virtually
9246	-11.193562	▁childish
9247	-11.193642	▁அப்பா
9248	-11.194006	▁responding
9249	-11.194433	▁பொட்ட
9250	-11.194500	▁gaye
9251	-11.194660	തിരി
9252	-11.194698	लू
9253	-11.194829	only
9254	-11.195126	லும்
9255	-11.195145	▁madti
9256	-11.195301	可
9257	-11.195311	▁silence
9258	-11.195315	👏👏
9259	-11.195408	bble
9260	-11.195487	▁occurred
9261	-11.195572	▁వాడి
9262	-11.195829	▁മറ്റ
9263	-11.196663	▁cbc
9264	-11.196810	▁civilian
9265	-11.197728	▁ഫോളോ
9266	-11.197734	▁maathram
9267	-11.197739	👌🏻👌🏻
9268	-11.197754	கம்
9269	-11.197796	▁summaries
9270	-11.197934	▁chapter
9271	-11.198181	▁branch
9272	-11.198204	▁വേണ്ടി
9273	-11.198331	organisation
9274	-11.198572	▁ಕರ್ನಾಟಕ
9275	-11.198890	▁kla
9276	-11.199123	▁കാല
9277	-11.199134	🤭🤭
9278	-11.199152	▁దాని
9279	-11.199660	▁नेता
9280	-11.200150	地
9281	-11.200155	▁extremist
9282	-11.200155	▁scholars
9283	-11.200156	▁platform
9284	-11.200163	▁ocean
9285	-11.200167	▁hydro
9286	-11.200236	mount
9287	-11.200266	సంతానం
9288	-11.200339	ುತ್ತದೆ
9289	-11.200387	▁planned
9290	-11.200523	▁gd
9291	-11.200698	क्र
9292	-11.200716	▁ತುಲ್ಲ
9293	-11.201644	😆😆
9294	-11.201805	сти
9295	-11.202127	▁பாக்க
9296	-11.202294	▁{
9297	-11.202302	employ
9298	-11.202456	ണ്ടാ
9299	-11.202588	▁కామెంట్
9300	-11.202591	▁disturb
9301	-11.202617	த்துல
9302	-11.202686	▁pattern
9303	-11.203047	▁parayu
9304	-11.203154	ంగ
9305	-11.203412	▁sri
9306	-11.203441	▁reversion
9307	-11.203547	பதி
9308	-11.203592	▁അന
9309	-11.203616	దీ
9310	-11.203815	▁phu
9311	-11.204908	▁saint
9312	-11.205002	💘
9313	-11.205028	▁പാവം
9314	-11.205029	▁poverty
9315	-11.205040	▁എടുത്ത
9316	-11.205117	😂🤣
9317	-11.205242	▁ಕಣ್ಣ
9318	-11.205344	conf
9319	-11.205391	▁aspects
9320	-11.205695	think
9321	-11.206986	▁anger
9322	-11.207047	▁wasting
9323	-11.207087	ware
9324	-11.207462	್ತ
9325	-11.207473	▁நன்றி
9326	-11.207473	▁ಮೇಡಂ
9327	-11.207598	نت
9328	-11.207676	▁finance
9329	-11.207756	fan
9330	-11.207781	اح
9331	-11.208064	▁fee
9332	-11.208150	▁payer
9333	-11.208186	▁fresh
9334	-11.208246	▁patta
9335	-11.208653	▁ultimate
9336	-11.209610	kollu
9337	-11.209644	▁restriction
9338	-11.209924	ൗ
9339	-11.209932	▁хуй
9340	-11.209947	▁hotte
9341	-11.209964	▁महिला
9342	-11.210016	▁ಮುಖ
9343	-11.210067	▁storm
9344	-11.210074	▁walking
9345	-11.210253	engka
9346	-11.210344	ಬೇಡ
9347	-11.210845	▁micro
9348	-11.211056	್ತೀನಿ
9349	-11.211334	ജി
9350	-11.211399	▁killer
9351	-11.211475	▁pettu
9352	-11.211481	им
9353	-11.211568	comfortable
9354	-11.211747	യൊക്കെ
9355	-11.211913	kalukku
9356	-11.212004	ej
9357	-11.212380	▁भगवान
9358	-11.212393	▁ethics
9359	-11.212414	🚶‍♀️
9360	-11.212749	▁raising
9361	-11.212879	▁ayin
9362	-11.212955	dabeku
9363	-11.212981	▁prayer
9364	-11.213077	▁eco
9365	-11.213154	ഹി
9366	-11.213235	▁vetri
9367	-11.213281	▁naaye
9368	-11.213354	ಷ್
9369	-11.213523	▁kure
9370	-11.213594	▁गुड
9371	-11.213660	▁wearing
9372	-11.213694	boo
9373	-11.213717	ני
9374	-11.213871	onnum
9375	-11.214060	▁lacking
9376	-11.214385	ור
9377	-11.214598	ந்தி
9378	-11.214846	▁mirror
9379	-11.214890	▁neraya
9380	-11.214898	▁bhagavan
9381	-11.215525	ించి
9382	-11.215547	khi
9383	-11.215583	▁alva
9384	-11.215696	מי
9385	-11.216213	▁blah
9386	-11.216576	human
9387	-11.216664	▁legislators
9388	-11.216680	▁manushy
9389	-11.216804	▁samay
9390	-11.216855	▁போடா
9391	-11.217286	😪
9392	-11.217327	▁അടുത്ത
9393	-11.217483	▁locked
9394	-11.217541	▁കണ്ണ
9395	-11.217563	▁bare
9396	-11.217643	will
9397	-11.217675	▁bug
9398	-11.217692	▁enable
9399	-11.218540	▁ఎం
9400	-11.218570	version
9401	-11.218601	▁अं
9402	-11.218638	нең
9403	-11.218883	जय
9404	-11.218925	▁wenn
9405	-11.219037	▁manan
9406	-11.219411	ын
9407	-11.219469	▁ಐ
9408	-11.219617	▁अबे
9409	-11.219789	ሙ
9410	-11.219789	▁accusing
9411	-11.219789	▁белән
9412	-11.219789	▁ನ್ಯೂಸ್
9413	-11.219800	▁quotation
9414	-11.219806	▁resort
9415	-11.219830	ಬಹುದು
9416	-11.219891	▁citizenship
9417	-11.219893	▁affordable
9418	-11.219990	▁noch
9419	-11.220098	▁जाते
9420	-11.220141	ழை
9421	-11.220337	्ज
9422	-11.220375	ذا
9423	-11.220518	▁dictator
9424	-11.220684	▁ഇത്ര
9425	-11.220806	▁duniya
9426	-11.220958	ైనా
9427	-11.221056	▁जाती
9428	-11.221062	▁бля
9429	-11.221613	्व
9430	-11.221832	घ
9431	-11.221983	ഫ
9432	-11.222098	▁retired
9433	-11.222130	شر
9434	-11.222141	▁react
9435	-11.222166	हार
9436	-11.222270	திரௌபதி
9437	-11.222272	▁cazzo
9438	-11.222327	▁khadr
9439	-11.222384	▁dropped
9440	-11.222401	▁उसके
9441	-11.222425	▁msg
9442	-11.222432	▁ಕಾಲ
9443	-11.222589	▁altered
9444	-11.222655	▁ತೂ
9445	-11.222666	▁internal
9446	-11.222891	▁పెద్ద
9447	-11.223228	ेट
9448	-11.224029	▁folo
9449	-11.224344	😏
9450	-11.224754	会
9451	-11.224757	▁genocide
9452	-11.224757	▁literature
9453	-11.224776	▁memory
9454	-11.224821	▁predator
9455	-11.224853	▁narrow
9456	-11.224937	▁khudh
9457	-11.224957	▁കള്ള
9458	-11.225251	▁preference
9459	-11.225949	▁cute
9460	-11.226278	▁string
9461	-11.226310	తం
9462	-11.226474	left
9463	-11.226515	▁irre
9464	-11.226699	▁அவர்
9465	-11.226758	கார
9466	-11.227010	మీ
9467	-11.227213	కుండా
9468	-11.227245	分
9469	-11.227251	ትግራይ
9470	-11.227251	▁lgbt
9471	-11.227263	▁☎️
9472	-11.227266	▁kapade
9473	-11.227311	▁aircraft
9474	-11.228450	vidya
9475	-11.228468	▁listening
9476	-11.228882	शी
9477	-11.229062	rali
9478	-11.229747	ル
9479	-11.229753	▁identified
9480	-11.229939	▁बदल
9481	-11.230018	▁jones
9482	-11.230529	▁kelly
9483	-11.230608	▁gai
9484	-11.230662	▁podu
9485	-11.230670	んだ
9486	-11.230716	▁ಚೆನ್ನಾಗಿ
9487	-11.230810	▁rendu
9488	-11.230910	▁gayi
9489	-11.231143	iyai
9490	-11.231328	வங்க
9491	-11.231889	▁மன
9492	-11.232014	▁irukkir
9493	-11.232182	▁చేసి
9494	-11.232239	▁unde
9495	-11.232258	▁లైక్
9496	-11.232264	▁firearm
9497	-11.232275	▁repeal
9498	-11.232363	gram
9499	-11.232374	ജാ
9500	-11.232380	▁ഒര
9501	-11.232390	▁बाबा
9502	-11.232610	▁nose
9503	-11.232640	▁epi
9504	-11.232686	▁phaani
9505	-11.233003	राम
9506	-11.233416	מו
9507	-11.233423	▁sche
9508	-11.233427	▁mik
9509	-11.233462	▁kotti
9510	-11.233582	deliberately
9511	-11.233627	▁promotion
9512	-11.233838	❤️❤️❤️❤️❤️❤️
9513	-11.233840	thira
9514	-11.233992	▁exposed
9515	-11.234214	▁haben
9516	-11.234294	▁mandate
9517	-11.234590	fel
9518	-11.234770	▁succeed
9519	-11.234771	▁destruction
9520	-11.234771	▁primarily
9521	-11.234781	▁abusing
9522	-11.234792	▁भोसड़ी
9523	-11.234815	▁graduate
9524	-11.234848	▁አን
9525	-11.234936	▁ಗೊತ್ತ
9526	-11.235139	▁historic
9527	-11.235390	▁suitable
9528	-11.235468	▁ಇಲ್ಲಿ
9529	-11.235510	▁submit
9530	-11.235815	సె
9531	-11.235868	▁sight
9532	-11.235926	▁whereas
9533	-11.236129	▁vary
9534	-11.236403	▁tunne
9535	-11.236506	டியா
9536	-11.236611	west
9537	-11.236814	▁owe
9538	-11.237035	♥
9539	-11.237289	▁institute
9540	-11.237294	▁universe
9541	-11.237345	▁क्योंकि
9542	-11.237350	▁chennagi
9543	-11.237403	▁እየ
9544	-11.237886	▁worthless
9545	-11.237979	▁finished
9546	-11.238010	▁vaelai
9547	-11.238014	rank
9548	-11.238189	यर
9549	-11.238334	▁ಹುಡುಗ
9550	-11.238441	▁bandu
9551	-11.238523	▁bidi
9552	-11.238811	دا
9553	-11.238966	rash
9554	-11.239022	▁figured
9555	-11.239031	▁poti
9556	-11.239221	laiya
9557	-11.239258	▁evident
9558	-11.239273	ತಿಯ
9559	-11.239814	▁egypt
9560	-11.239849	▁maari
9561	-11.239882	▁ಮುಂದೆ
9562	-11.239900	▁allah
9563	-11.240210	▁लेकर
9564	-11.240224	▁punch
9565	-11.240447	speak
9566	-11.240593	एं
9567	-11.240986	▁scam
9568	-11.241125	▁violated
9569	-11.241498	▁singh
9570	-11.241910	▁neku
9571	-11.242346	‎
9572	-11.242346	▁కొజ్జా
9573	-11.242352	▁fiscal
9574	-11.242496	people
9575	-11.242544	▁jeevan
9576	-11.242925	▁explicitly
9577	-11.243242	▁mundhe
9578	-11.243336	▁tolerate
9579	-11.243345	ரன்
9580	-11.243414	▁vidu
9581	-11.243431	లేక
9582	-11.243696	▁hunt
9583	-11.243697	ancy
9584	-11.243914	▁tull
9585	-11.244162	לי
9586	-11.244178	▁spoken
9587	-11.244180	కొ
9588	-11.244238	▁செம்ம
9589	-11.244874	」
9590	-11.244884	hypocritical
9591	-11.244884	▁conclude
9592	-11.244884	▁कुत्ता
9593	-11.244885	▁courage
9594	-11.244918	🕉️
9595	-11.244960	▁இத
9596	-11.245025	▁denied
9597	-11.245236	▁maru
9598	-11.245700	▁purely
9599	-11.245892	▁psycho
9600	-11.246004	رج
9601	-11.246057	national
9602	-11.246442	▁करती
9603	-11.246550	▁chuda
9604	-11.246610	ಂದರೆ
9605	-11.246716	create
9606	-11.246966	▁நாடக
9607	-11.247013	▁modhi
9608	-11.247027	▁tiru
9609	-11.247145	ffer
9610	-11.247427	ሬ
9611	-11.247428	▁satisfy
9612	-11.247452	▁ఉంటా
9613	-11.247463	ಬಾ
9614	-11.247473	▁stress
9615	-11.247513	👢
9616	-11.247641	▁samba
9617	-11.247833	❤️❤️❤️❤️
9618	-11.247893	▁hook
9619	-11.248175	▁resolved
9620	-11.248312	▁जु
9621	-11.248322	▁grave
9622	-11.249019	▁आए
9623	-11.249075	▁നിന്ന
9624	-11.249079	▁rejected
9625	-11.249091	▁addresses
9626	-11.249135	kul
9627	-11.249491	▁లవ్
9628	-11.249575	とか
9629	-11.249935	❤️❤️❤️
9630	-11.249979	▁chaeyamdi
9631	-11.249980	▁wynne
9632	-11.249996	▁ജോ
9633	-11.250236	▁chil
9634	-11.250421	▁फै
9635	-11.250762	▁johnson
9636	-11.250794	▁hint
9637	-11.250875	jal
9638	-11.251171	▁ജീവ
9639	-11.251303	▁ultimately
9640	-11.251316	తూ
9641	-11.251324	▁bhakt
9642	-11.251383	▁naku
9643	-11.251744	bir
9644	-11.252140	عب
9645	-11.252550	▁distance
9646	-11.252594	▁banda
9647	-11.252654	▁distract
9648	-11.253401	▁viva
9649	-11.253457	▁soch
9650	-11.253501	lukku
9651	-11.253908	ില്ലേ
9652	-11.254191	▁edi
9653	-11.254374	اع
9654	-11.254377	▁shape
9655	-11.254494	ഷി
9656	-11.254587	щ
9657	-11.254923	▁freely
9658	-11.255095	▁closely
9659	-11.255121	▁hoax
9660	-11.255147	▁footnote
9661	-11.255170	dog
9662	-11.255526	▁weekend
9663	-11.255624	▁ತಿನ್ನ
9664	-11.255636	▁എല്ലാം
9665	-11.255861	▁mathram
9666	-11.255916	▁ಇನ್ನು
9667	-11.256828	▁yahi
9668	-11.257027	phan
9669	-11.257383	нә
9670	-11.257663	💫
9671	-11.257671	▁sthree
9672	-11.257733	ibility
9673	-11.257948	اف
9674	-11.257954	▁yengka
9675	-11.258265	iamo
9676	-11.258413	▁देते
9677	-11.258430	▁gall
9678	-11.258638	▁proved
9679	-11.259554	▁जाओ
9680	-11.259687	▁दिख
9681	-11.259787	yokke
9682	-11.260012	മോ
9683	-11.260067	ానికి
9684	-11.260249	👅
9685	-11.260291	😇
9686	-11.260794	బ్బ
9687	-11.260983	▁fixing
9688	-11.261361	gest
9689	-11.261476	recht
9690	-11.262291	amma
9691	-11.262335	ур
9692	-11.262570	▁పుకు
9693	-11.262735	▁avana
9694	-11.262752	mann
9695	-11.262771	▁syn
9696	-11.262828	inter
9697	-11.262833	▁பெரிய
9698	-11.262834	▁cabinet
9699	-11.262834	😈
9700	-11.262836	▁உண்மை
9701	-11.263008	▁submission
9702	-11.263742	fund
9703	-11.263889	▁chap
9704	-11.264535	ற்றி
9705	-11.264936	ngaa
9706	-11.264974	▁opened
9707	-11.265009	last
9708	-11.265285	▁ಜೀವ
9709	-11.265288	▁wird
9710	-11.265424	▁indigenous
9711	-11.265520	▁fell
9712	-11.265526	super
9713	-11.265570	break
9714	-11.265645	▁device
9715	-11.265768	▁compete
9716	-11.265803	ബ്
9717	-11.266249	▁ಬಂದು
9718	-11.266311	களா
9719	-11.266369	active
9720	-11.266695	▁vague
9721	-11.267174	ву
9722	-11.268009	ंदा
9723	-11.268022	▁promoting
9724	-11.268086	▁client
9725	-11.268225	▁ഇങ്ങ
9726	-11.268413	▁unclear
9727	-11.268437	▁പറയുന്ന
9728	-11.268498	▁testing
9729	-11.268604	▁kukka
9730	-11.268740	▁conform
9731	-11.269129	▁complaining
9732	-11.269246	▁outrage
9733	-11.269590	beka
9734	-11.269991	▁endless
9735	-11.270161	▁justified
9736	-11.270292	▁govt
9737	-11.270624	▁మాట్లాడ
9738	-11.270626	▁chapp
9739	-11.270629	▁wheel
9740	-11.270661	▁promised
9741	-11.270746	▁पढ़
9742	-11.271046	▁sul
9743	-11.271558	உ
9744	-11.271692	▁greatly
9745	-11.272025	▁चूत
9746	-11.272486	ಳ್ಳ
9747	-11.272795	▁poadu
9748	-11.273065	endi
9749	-11.273248	▁behalf
9750	-11.273284	▁warm
9751	-11.273373	▁chicken
9752	-11.273575	താണ്
9753	-11.273662	యూ
9754	-11.273915	▁bola
9755	-11.273955	vallu
9756	-11.273993	▁आपका
9757	-11.274222	▁rare
9758	-11.274287	“
9759	-11.274431	▁सू
9760	-11.274473	▁caste
9761	-11.274942	avagi
9762	-11.274979	కె
9763	-11.275077	െങ്കിലും
9764	-11.275599	▁ಹೆಣ್ಣ
9765	-11.275856	▁hockey
9766	-11.275857	▁agencies
9767	-11.275860	▁irukkink
9768	-11.276153	runnu
9769	-11.276176	▁mask
9770	-11.276535	▁ironic
9771	-11.276780	▁போது
9772	-11.276801	▁loyal
9773	-11.276856	సుకు
9774	-11.276926	ರಲ್ಲ
9775	-11.276964	▁neutrality
9776	-11.277807	scribe
9777	-11.277925	▁ninge
9778	-11.278479	▁बीजेपी
9779	-11.278556	ழ்
9780	-11.278586	▁അടി
9781	-11.278786	ді
9782	-11.278815	▁cheppu
9783	-11.278864	▁burden
9784	-11.278946	▁kannada
9785	-11.279104	▁threaten
9786	-11.279289	case
9787	-11.279346	magan
9788	-11.279366	▁quiet
9789	-11.279482	يب
9790	-11.280028	▁focused
9791	-11.280528	dana
9792	-11.280853	kuntunna
9793	-11.280918	وي
9794	-11.280996	▁invite
9795	-11.281108	ሎ
9796	-11.281110	▁cheeyandi
9797	-11.281110	▁collaborati
9798	-11.281111	▁abusive
9799	-11.281111	▁holiday
9800	-11.281396	ஜி
9801	-11.281727	▁tourist
9802	-11.281755	▁precisely
9803	-11.281755	▁suddenly
9804	-11.281797	▁chand
9805	-11.281921	▁الن
9806	-11.282274	ತೊ
9807	-11.282290	▁producer
9808	-11.282357	padu
9809	-11.282664	▁slap
9810	-11.282763	▁dp
9811	-11.282928	mass
9812	-11.283742	ち
9813	-11.283749	▁describing
9814	-11.283749	▁पूरा
9815	-11.283749	▁இன்னும்
9816	-11.284266	dilla
9817	-11.284336	▁solar
9818	-11.284339	▁pie
9819	-11.284584	ullavar
9820	-11.284607	▁ആരാ
9821	-11.284620	▁portal
9822	-11.284839	▁bah
9823	-11.284919	▁ಯಾಕ
9824	-11.285073	stone
9825	-11.285078	ింది
9826	-11.285105	ൂടെ
9827	-11.285685	▁este
9828	-11.285878	uttade
9829	-11.286121	▁remaining
9830	-11.286339	▁जाये
9831	-11.286362	▁puli
9832	-11.286394	ጎ
9833	-11.286395	ዛ
9834	-11.286401	▁schedule
9835	-11.286429	▁threatened
9836	-11.286442	ሆነ
9837	-11.286570	▁את
9838	-11.287240	▁అంట
9839	-11.287416	▁charter
9840	-11.287501	▁tande
9841	-11.287848	▁expressed
9842	-11.287881	normal
9843	-11.288343	public
9844	-11.288474	minded
9845	-11.288595	ப்போ
9846	-11.289041	还
9847	-11.289046	sensitive
9848	-11.289046	▁occupation
9849	-11.289046	▁ಇಂಥ
9850	-11.289062	▁चीन
9851	-11.289288	aur
9852	-11.289581	▁shiva
9853	-11.289680	▁ಒಂದ
9854	-11.290105	▁stats
9855	-11.290120	▁иде
9856	-11.290218	▁thoo
9857	-11.290621	चो
9858	-11.290702	nnilla
9859	-11.291087	వ్వ
9860	-11.291706	unacceptable
9861	-11.292467	▁riot
9862	-11.292571	▁opp
9863	-11.292600	▁ganda
9864	-11.292621	وق
9865	-11.292959	avannu
9866	-11.293329	😤😤
9867	-11.293817	hard
9868	-11.294110	▁demon
9869	-11.294125	▁visa
9870	-11.294373	▁florida
9871	-11.294373	▁नंबर
9872	-11.294374	▁ಸ್ವಲ್ಪ
9873	-11.294374	お
9874	-11.294375	▁quarter
9875	-11.294375	🤸
9876	-11.294381	▁ರಂಡಿ
9877	-11.294382	▁जनता
9878	-11.294438	▁भेज
9879	-11.294489	рә
9880	-11.294634	▁answered
9881	-11.294675	lisi
9882	-11.295750	rikka
9883	-11.295820	▁ಅಂತಾ
9884	-11.296107	▁officially
9885	-11.296668	meter
9886	-11.297047	ቤ
9887	-11.297077	▁casual
9888	-11.297093	டைய
9889	-11.297248	▁liberty
9890	-11.297309	▁बड़े
9891	-11.297388	▁seeking
9892	-11.298252	😒
9893	-11.298527	▁scan
9894	-11.298773	ప్పు
9895	-11.299060	മാണ്
9896	-11.299443	ಸೇ
9897	-11.299689	article
9898	-11.299697	🖕
9899	-11.299727	▁पोस्ट
9900	-11.299882	▁flying
9901	-11.299891	▁enikku
9902	-11.300377	ngkal
9903	-11.300501	▁coupled
9904	-11.300591	హా
9905	-11.300664	▁passage
9906	-11.300922	▁jarur
9907	-11.301023	ेस
9908	-11.301070	▁emo
9909	-11.301208	пер
9910	-11.301575	▁harder
9911	-11.301873	ന്നാ
9912	-11.301959	▁ದೇಶದ
9913	-11.302179	ദ്
9914	-11.302285	ಪರ್
9915	-11.302411	「
9916	-11.302416	▁illustrate
9917	-11.302416	▁ಸೂಳೇ
9918	-11.302416	▁പ്ലീസ്
9919	-11.302419	▁encounter
9920	-11.302427	▁knock
9921	-11.302453	▁तेरा
9922	-11.302550	▁बह
9923	-11.302680	▁വെടി
9924	-11.302690	▁kidding
9925	-11.302933	സ്റ്റ്
9926	-11.303061	section
9927	-11.303073	▁followers
9928	-11.303077	ಸಾ
9929	-11.303211	▁export
9930	-11.303370	▁कप
9931	-11.304061	▁anche
9932	-11.304350	ആ
9933	-11.304564	ukunta
9934	-11.304694	▁mida
9935	-11.304742	▁retarded
9936	-11.304829	கிறேன்
9937	-11.305111	😴
9938	-11.305113	▁audience
9939	-11.305133	▁உட
9940	-11.305153	▁enththa
9941	-11.305234	▁చీ
9942	-11.305270	ಂದ್ರೆ
9943	-11.305405	▁premier
9944	-11.305485	алар
9945	-11.305504	сі
9946	-11.305569	ൊന്നും
9947	-11.305861	unda
9948	-11.306376	బో
9949	-11.306469	▁sonna
9950	-11.306595	~
9951	-11.307115	▁relation
9952	-11.307425	trans
9953	-11.307444	▁jate
9954	-11.307520	యో
9955	-11.307811	ッ
9956	-11.307822	▁possess
9957	-11.307863	▁இங்க
9958	-11.308326	▁गिर
9959	-11.308739	larification
9960	-11.308811	▁tutti
9961	-11.309897	▁enthaa
9962	-11.310015	vandalism
9963	-11.310407	pil
9964	-11.310525	▁dedicated
9965	-11.310696	🌾
9966	-11.310732	tile
9967	-11.310774	▁buddy
9968	-11.310925	▁मौ
9969	-11.311033	▁resist
9970	-11.311142	onym
9971	-11.311431	etti
9972	-11.311852	▁thappu
9973	-11.311931	▁साली
9974	-11.311969	டும்
9975	-11.312048	rukka
9976	-11.312229	pending
9977	-11.312428	يم
9978	-11.312448	യു
9979	-11.312867	▁ஆக
9980	-11.312923	▁لل
9981	-11.313153	▁boat
9982	-11.313199	▁respected
9983	-11.313241	▁convicted
9984	-11.313573	after
9985	-11.313638	▁vechu
9986	-11.313707	▁ఇది
9987	-11.313711	кла
9988	-11.314161	▁fred
9989	-11.314209	кү
9990	-11.314260	▁maine
9991	-11.314412	▁bbc
9992	-11.315161	▁signal
9993	-11.315176	മു
9994	-11.315325	اق
9995	-11.315969	▁descend
9996	-11.316088	ommunication
9997	-11.316100	▁withdraw
9998	-11.316135	▁الش
9999	-11.316971	▁kashta
10000	-11.317236	▁vandhu
10001	-11.317418	אי
10002	-11.317434	▁देने
10003	-11.317585	اك
10004	-11.317618	▁kottu
10005	-11.317627	መን
10006	-11.317745	ട്ടോ
10007	-11.317841	▁ఏమ
10008	-11.317915	കാർ
10009	-11.317958	నె
10010	-11.318048	▁hodi
10011	-11.318414	protect
10012	-11.318571	దో
10013	-11.318686	日
10014	-11.318698	राष्ट्र
10015	-11.318698	▁ಅತ್ಯಾಚಾರ
10016	-11.318775	కొడక
10017	-11.318810	▁enu
10018	-11.318828	▁उनके
10019	-11.319111	▁muthe
10020	-11.320037	▁bright
10021	-11.320054	▁harass
10022	-11.320395	▁nait
10023	-11.320561	▁enduku
10024	-11.321017	<
10025	-11.321363	▁hiding
10026	-11.321385	▁parann
10027	-11.321435	レ
10028	-11.321438	▁ಜಾಸ್ತಿ
10029	-11.321448	▁preethi
10030	-11.321562	▁ನಂಬರ್
10031	-11.321757	ന്നോ
10032	-11.322017	🤣😂
10033	-11.322165	▁jaag
10034	-11.322331	▁பார்த்து
10035	-11.322337	ుకుంటా
10036	-11.322635	▁mixed
10037	-11.323015	قل
10038	-11.323066	▁ದೇವ
10039	-11.323661	▁settle
10040	-11.324143	vru
10041	-11.324184	ഐ
10042	-11.324185	▁ಡಗಾರ್
10043	-11.324188	▁amazon
10044	-11.324196	▁heavily
10045	-11.324198	▁migrant
10046	-11.324220	▁வாழ்த்துகள்
10047	-11.324288	▁ചെറ്റ
10048	-11.324833	person
10049	-11.324882	▁ಇವನ
10050	-11.325314	▁ತಪ್ಪು
10051	-11.325868	ደር
10052	-11.326472	ого
10053	-11.326476	attil
10054	-11.326676	lanu
10055	-11.326744	ddy
10056	-11.326940	«
10057	-11.326941	▁ಬಟ್ಟೆ
10058	-11.326942	intervention
10059	-11.326943	▁పుకూ
10060	-11.326943	▁കഴിഞ്ഞ
10061	-11.326964	😃😃
10062	-11.326980	▁njan
10063	-11.326987	▁remote
10064	-11.327015	👡
10065	-11.327068	▁ነው።
10066	-11.327323	ሰው
10067	-11.327508	▁fewer
10068	-11.327689	▁discovered
10069	-11.327690	▁pathu
10070	-11.327700	▁बै
10071	-11.327833	asses
10072	-11.327934	кі
10073	-11.328198	ounce
10074	-11.328294	▁eating
10075	-11.328374	حب
10076	-11.328482	▁बो
10077	-11.328519	сә
10078	-11.328673	▁eppo
10079	-11.328712	▁mediation
10080	-11.328732	poyi
10081	-11.329055	▁sabhi
10082	-11.329071	▁சொல்ற
10083	-11.329072	fire
10084	-11.329095	kash
10085	-11.329683	ዲ
10086	-11.329702	🤕
10087	-11.329857	▁sanders
10088	-11.329956	▁stephen
10089	-11.330155	▁authorities
10090	-11.330534	▁jr
10091	-11.330595	ாமல்
10092	-11.330853	ulation
10093	-11.330939	▁meaningful
10094	-11.331164	kalai
10095	-11.331359	സ്റ്റ
10096	-11.331441	▁avva
10097	-11.332237	▁convince
10098	-11.332420	▁secondly
10099	-11.332470	ቻ
10100	-11.332473	▁mothjer
10101	-11.332478	▁troops
10102	-11.332479	▁replied
10103	-11.332780	र्थ
10104	-11.332848	▁arabia
10105	-11.332882	▁ಮತ್ತು
10106	-11.332960	▁guddha
10107	-11.334180	▁katte
10108	-11.334266	आर
10109	-11.334618	▁அப்ப
10110	-11.334711	▁ಮಾಡ್ತಿ
10111	-11.334785	▁pseudo
10112	-11.334917	▁செல்ல
10113	-11.334949	▁introduced
10114	-11.335353	▁brad
10115	-11.335831	സ്സ്
10116	-11.336032	▁ninakku
10117	-11.336262	mine
10118	-11.336487	▁regional
10119	-11.336937	شي
10120	-11.337014	ін
10121	-11.337206	▁pitch
10122	-11.337657	देव
10123	-11.337757	عد
10124	-11.337760	▁entertain
10125	-11.338036	▁physics
10126	-11.338036	▁ಹೀಗೆ
10127	-11.338109	$$
10128	-11.338217	േലും
10129	-11.338242	▁ಕಷ್ಟ
10130	-11.338313	द्ध
10131	-11.338401	▁ಹುಚ್ಚ
10132	-11.338651	▁ಅದೇ
10133	-11.338666	▁brit
10134	-11.338840	ುವುದ
10135	-11.338857	▁parish
10136	-11.338883	▁njangal
10137	-11.338955	▁pointless
10138	-11.339213	▁chechi
10139	-11.339485	▁calm
10140	-11.339576	▁barely
10141	-11.339612	▁yaen
10142	-11.340560	ам
10143	-11.340829	ሄ
10144	-11.340830	▁joseph
10145	-11.340833	▁heritage
10146	-11.340833	▁sadhanam
10147	-11.340848	uous
10148	-11.340915	▁जाएगा
10149	-11.340931	▁ምን
10150	-11.340955	שה
10151	-11.340958	💟
10152	-11.340970	▁birthday
10153	-11.341049	christian
10154	-11.341158	▁publisher
10155	-11.341193	▁nope
10156	-11.341345	ಮೀ
10157	-11.341565	▁unknown
10158	-11.341799	atory
10159	-11.342031	▁appadi
10160	-11.342304	▁സമ
10161	-11.342734	▁samu
10162	-11.342764	▁ചേ
10163	-11.343059	▁retain
10164	-11.343068	vata
10165	-11.343275	▁cook
10166	-11.343349	▁cheyth
10167	-11.343631	▁तुझे
10168	-11.343749	▁fruit
10169	-11.343890	▁കൂ
10170	-11.343912	▁comedy
10171	-11.344041	▁journalism
10172	-11.344435	ಧಿ
10173	-11.345087	▁strip
10174	-11.345579	▁della
10175	-11.345676	▁kabhi
10176	-11.345745	பை
10177	-11.346071	▁ജന
10178	-11.346433	那
10179	-11.346433	😱
10180	-11.346440	▁regret
10181	-11.346495	▁macedonian
10182	-11.346868	▁highlight
10183	-11.347064	పై
10184	-11.347077	▁humor
10185	-11.347285	ധി
10186	-11.347537	▁ಬರ್
10187	-11.347542	▁illaatha
10188	-11.347601	யர்
10189	-11.347612	▁realized
10190	-11.347636	▁lifetime
10191	-11.348020	த்துக்கு
10192	-11.348159	ధి
10193	-11.348272	ائ
10194	-11.348526	sexual
10195	-11.348649	▁fiction
10196	-11.348668	▁erase
10197	-11.348764	▁declared
10198	-11.349154	▁gandu
10199	-11.349196	▁yell
10200	-11.349210	ുമ്പോ
10201	-11.349257	▁borrow
10202	-11.349257	▁buffoon
10203	-11.349257	▁provincial
10204	-11.349257	▁मुस्लिम
10205	-11.349429	▁omg
10206	-11.349483	▁reward
10207	-11.349507	▁കാര്യം
10208	-11.349704	గో
10209	-11.349759	▁الق
10210	-11.349995	ാർ
10211	-11.350011	ಲೋ
10212	-11.350179	▁joy
10213	-11.350374	தில்
10214	-11.350542	▁challenged
10215	-11.350954	مو
10216	-11.350997	▁consist
10217	-11.351046	▁vj
10218	-11.351444	▁illahi
10219	-11.351567	రికి
10220	-11.352080	▁ಮನುಷ್ಯ
10221	-11.352081	▁holocaust
10222	-11.352082	▁coffee
10223	-11.352083	▁mccain
10224	-11.352109	భార్య
10225	-11.352112	💢
10226	-11.352177	▁distort
10227	-11.352342	▁lame
10228	-11.352364	▁ballot
10229	-11.352573	▁படி
10230	-11.352634	informed
10231	-11.353291	▁ಬೀ
10232	-11.353355	▁bail
10233	-11.354192	ಂಚ
10234	-11.354703	क़
10235	-11.354914	▁receiving
10236	-11.354914	▁तुम्हारे
10237	-11.354915	▁disorder
10238	-11.354926	▁hidden
10239	-11.354964	▁heaven
10240	-11.355073	ग्
10241	-11.355135	▁confront
10242	-11.355401	▁driven
10243	-11.355680	ግም
10244	-11.356230	▁hage
10245	-11.356341	▁rarely
10246	-11.356457	▁mont
10247	-11.356668	▁vadu
10248	-11.357236	▁mosa
10249	-11.357580	▁bothered
10250	-11.357738	本
10251	-11.357743	他
10252	-11.357752	也
10253	-11.357755	🙌
10254	-11.357756	▁வணக்கம்
10255	-11.357757	▁பெரு
10256	-11.357807	💮
10257	-11.357809	abilities
10258	-11.357937	נו
10259	-11.357958	▁whining
10260	-11.358176	▁jimbo
10261	-11.358342	▁chaat
10262	-11.358519	😝😝
10263	-11.358750	tori
10264	-11.358808	▁combined
10265	-11.358994	▁आया
10266	-11.359853	టా
10267	-11.359951	▁fyi
10268	-11.360281	▁engineering
10269	-11.360466	▁affected
10270	-11.360582	🤍
10271	-11.360600	得
10272	-11.360604	▁മുത്തേ
10273	-11.360605	▁sourcing
10274	-11.360694	▁oppress
10275	-11.360760	▁चोर
10276	-11.360880	▁തള്ള
10277	-11.360956	▁capture
10278	-11.361355	▁പര
10279	-11.361451	npov
10280	-11.361516	posing
10281	-11.361621	▁йо
10282	-11.361874	▁saali
10283	-11.362187	▁thumb
10284	-11.362362	▁technically
10285	-11.362590	▁champion
10286	-11.362660	こと
10287	-11.363087	▁ಸ್ವ
10288	-11.363438	😛
10289	-11.363461	👎
10290	-11.363461	▁ಅದಕ್ಕೆ
10291	-11.363578	ある
10292	-11.363581	▁connected
10293	-11.363661	▁sheep
10294	-11.363908	▁लिख
10295	-11.363940	vante
10296	-11.364555	ның
10297	-11.364731	мый
10298	-11.365124	वाद
10299	-11.365580	▁vagina
10300	-11.365908	യത്
10301	-11.365933	▁feb
10302	-11.366269	again
10303	-11.366286	▁अस
10304	-11.366326	▁collapse
10305	-11.366326	外
10306	-11.366327	▁worship
10307	-11.366422	▁naenu
10308	-11.366449	▁torture
10309	-11.366605	craft
10310	-11.366946	▁punishment
10311	-11.367061	శ్
10312	-11.367307	world
10313	-11.367310	▁settlement
10314	-11.367414	▁taste
10315	-11.367657	▁illness
10316	-11.367777	▁dikhaa
10317	-11.367906	يت
10318	-11.368348	في
10319	-11.368619	وب
10320	-11.369099	▁ஓக்க
10321	-11.369194	吧
10322	-11.369200	ዴ
10323	-11.369206	▁greece
10324	-11.369209	▁implies
10325	-11.369215	▁floor
10326	-11.369295	🌲
10327	-11.369506	▁வாய்
10328	-11.369513	▁preferred
10329	-11.369991	idare
10330	-11.370088	▁straw
10331	-11.370111	▁gap
10332	-11.370134	▁ammay
10333	-11.370152	▁dumm
10334	-11.370368	certain
10335	-11.370450	ಿರುವ
10336	-11.370864	حد
10337	-11.370921	iyon
10338	-11.371580	▁crew
10339	-11.371615	ellaam
10340	-11.371615	ಾಯಿ
10341	-11.372009	▁voi
10342	-11.372075	リ
10343	-11.372084	▁feminist
10344	-11.372084	▁vanakkam
10345	-11.372101	కుటుంబ
10346	-11.372108	そう
10347	-11.372117	▁പിടിക്കാൻ
10348	-11.372207	▁தேவை
10349	-11.372239	▁बेटी
10350	-11.372289	▁operating
10351	-11.372412	▁insight
10352	-11.372444	also
10353	-11.373415	▁மிக
10354	-11.373519	▁picked
10355	-11.373589	اه
10356	-11.374472	ച്
10357	-11.374785	▁maklu
10358	-11.374866	ണോ
10359	-11.374972	▁अच्छे
10360	-11.374972	▁पार्टी
10361	-11.374972	▁ತಂದೆ
10362	-11.375000	▁ఎక్కడ
10363	-11.375077	▁ഓരോ
10364	-11.375091	▁हिंदू
10365	-11.375284	▁കാണാൻ
10366	-11.375543	idx
10367	-11.375964	▁माता
10368	-11.376059	▁gandhi
10369	-11.376156	▁entre
10370	-11.376316	ടീ
10371	-11.376727	ೇನು
10372	-11.377008	▁commonly
10373	-11.377036	▁demonstrat
10374	-11.377188	▁humanity
10375	-11.377408	ಲೀ
10376	-11.377651	▁junk
10377	-11.377871	▁तुम्हारी
10378	-11.377871	▁ಹಿಂದೂ
10379	-11.377879	▁employment
10380	-11.377924	▁ಶಿಕ್ಷೆ
10381	-11.378103	▁breed
10382	-11.378249	▁khush
10383	-11.378290	▁бел
10384	-11.378388	शि
10385	-11.378419	moo
10386	-11.378463	▁cease
10387	-11.378489	▁harry
10388	-11.378501	▁andrew
10389	-11.378845	▁gdp
10390	-11.379224	▁pound
10391	-11.379394	▁kosam
10392	-11.379412	▁ಇಲ್ಲಾ
10393	-11.379655	▁yuvan
10394	-11.379834	▁crying
10395	-11.380142	ల్లో
10396	-11.380164	▁yaav
10397	-11.380390	aththil
10398	-11.380597	▁मुसलमान
10399	-11.380629	▁motion
10400	-11.380783	▁junior
10401	-11.380785	▁tumhare
10402	-11.380995	yuva
10403	-11.381063	▁extend
10404	-11.381370	yaanu
10405	-11.381670	rigu
10406	-11.381752	றா
10407	-11.381801	▁الت
10408	-11.381823	▁लव
10409	-11.381871	ée
10410	-11.382168	▁बनाने
10411	-11.382312	ranga
10412	-11.382555	▁खान
10413	-11.383018	▁haters
10414	-11.383020	த்தின்
10415	-11.383168	▁transit
10416	-11.383693	▁എങ്ങനെ
10417	-11.383694	▁victory
10418	-11.383695	▁variety
10419	-11.383707	▁annoying
10420	-11.383709	▁über
10421	-11.383768	▁प्रदेश
10422	-11.383905	▁chiri
10423	-11.383947	▁rapist
10424	-11.384775	द्द
10425	-11.384789	▁slip
10426	-11.384858	▁kooda
10427	-11.384896	▁vella
10428	-11.385138	▁nalli
10429	-11.385149	▁tap
10430	-11.385172	▁mukku
10431	-11.385192	களின்
10432	-11.385797	▁audit
10433	-11.385840	▁നോക്കി
10434	-11.385948	▁bow
10435	-11.386212	▁midha
10436	-11.386593	🍁
10437	-11.386617	independence
10438	-11.386628	▁vatican
10439	-11.386774	సీ
10440	-11.386948	▁kindly
10441	-11.387100	▁நெ
10442	-11.387226	rannu
10443	-11.387349	appu
10444	-11.387490	▁bandi
10445	-11.387492	▁randu
10446	-11.387652	▁prose
10447	-11.388041	ದಿಂದ
10448	-11.388090	▁yaake
10449	-11.388473	▁kisi
10450	-11.388856	ಲಿಲ್ಲ
10451	-11.388951	▁illegally
10452	-11.389016	▁ನೋಡ್
10453	-11.389443	▁returned
10454	-11.389549	▁rubbish
10455	-11.389549	▁struggle
10456	-11.389549	▁सामने
10457	-11.389550	▁motivation
10458	-11.389860	▁போங்க
10459	-11.389872	▁clark
10460	-11.389981	▁कहते
10461	-11.390031	▁trending
10462	-11.390392	▁மாட்ட
10463	-11.390740	▁offend
10464	-11.391315	ろ
10465	-11.391499	▁bali
10466	-11.391990	لة
10467	-11.392197	▁parking
10468	-11.392327	although
10469	-11.392465	中
10470	-11.392685	endra
10471	-11.392714	▁sunday
10472	-11.392860	ят
10473	-11.393115	▁kadha
10474	-11.393410	▁geo
10475	-11.393521	▁നേര
10476	-11.393832	مة
10477	-11.394272	liberal
10478	-11.394899	▁പറ
10479	-11.395440	universities
10480	-11.395441	▁बच्चे
10481	-11.395486	▁ግን
10482	-11.395510	▁sincerely
10483	-11.395598	▁supposedly
10484	-11.395689	▁ഫാൻ
10485	-11.395835	▁bite
10486	-11.395862	▁collective
10487	-11.395889	रिया
10488	-11.395904	▁invited
10489	-11.395909	▁jaathi
10490	-11.396637	▁replacement
10491	-11.397186	▁srushtilo
10492	-11.397996	▁gho
10493	-11.398085	▁recorded
10494	-11.398266	гу
10495	-11.398280	▁ನಿಮ
10496	-11.398379	😥
10497	-11.398394	知
10498	-11.398399	ዉ
10499	-11.398399	▁इतनी
10500	-11.398399	▁മലയാള
10501	-11.398416	▁harris
10502	-11.398496	▁pilot
10503	-11.398752	▁cb
10504	-11.399307	▁classes
10505	-11.400186	▁upper
10506	-11.400356	▁earned
10507	-11.400481	డానికి
10508	-11.400949	▁alex
10509	-11.400963	▁effectively
10510	-11.401366	▁aggressive
10511	-11.401367	▁lunatic
10512	-11.401381	▁brazil
10513	-11.401381	😢😢
10514	-11.401426	▁plea
10515	-11.401643	▁devil
10516	-11.401669	▁बड़ी
10517	-11.401838	ieren
10518	-11.401944	warrior
10519	-11.402340	▁від
10520	-11.402814	▁entra
10521	-11.403010	▁ಊರ
10522	-11.403088	తులు
10523	-11.403337	▁puntai
10524	-11.403424	لم
10525	-11.403877	ል።
10526	-11.404251	▁regularly
10527	-11.404325	👏
10528	-11.404343	▁ठीक
10529	-11.404344	👀
10530	-11.404392	▁చేశా
10531	-11.404431	▁surface
10532	-11.404496	▁баш
10533	-11.404591	एस
10534	-11.404824	▁wik
10535	-11.404872	▁കൂട്ട
10536	-11.405107	▁equality
10537	-11.405272	▁pukulo
10538	-11.405391	▁vacation
10539	-11.406445	▁stan
10540	-11.406605	வரை
10541	-11.406722	▁offering
10542	-11.406781	istan
10543	-11.406900	▁తన
10544	-11.407013	▁stamp
10545	-11.407076	known
10546	-11.407115	▁എന്തിനാ
10547	-11.407200	స్త
10548	-11.407321	被
10549	-11.407325	ク
10550	-11.407328	▁diversity
10551	-11.407328	▁maintenance
10552	-11.407331	▁എവിടെ
10553	-11.407337	▁wanker
10554	-11.407346	⚔️
10555	-11.407393	▁भारतीय
10556	-11.407568	▁scope
10557	-11.407659	▁assess
10558	-11.407886	▁meaningless
10559	-11.408399	▁moreover
10560	-11.408422	help
10561	-11.408442	లను
10562	-11.408894	▁msm
10563	-11.408907	ಚಾರ
10564	-11.408979	▁garu
10565	-11.409520	فر
10566	-11.409534	▁వాడు
10567	-11.409595	ги
10568	-11.409685	▁saree
10569	-11.410269	▁ಆದ
10570	-11.410300	వడం
10571	-11.410312	民
10572	-11.410319	見
10573	-11.410351	ዚህ
10574	-11.410387	▁trigger
10575	-11.410390	வில்
10576	-11.410427	🌸🌸
10577	-11.410440	🎇
10578	-11.410524	▁അവന്റെ
10579	-11.410547	🐦
10580	-11.410613	▁essay
10581	-11.410679	▁valley
10582	-11.410713	▁मजा
10583	-11.410991	ിട്ടുണ്ട്
10584	-11.410996	lish
10585	-11.411033	▁grown
10586	-11.411420	▁sooner
10587	-11.411942	colo
10588	-11.412171	प्प
10589	-11.412381	▁kammi
10590	-11.412551	cular
10591	-11.412560	wide
10592	-11.412775	ियां
10593	-11.413325	अल्लाह
10594	-11.413325	▁enakkku
10595	-11.413359	👞
10596	-11.413385	ಡಾ
10597	-11.413472	▁ottawa
10598	-11.413514	ళ్లు
10599	-11.413541	▁చూసి
10600	-11.413831	▁roj
10601	-11.414016	ный
10602	-11.414194	▁mathiri
10603	-11.414314	▁രണ്ട
10604	-11.414476	ಎಂ
10605	-11.414502	▁chelli
10606	-11.414673	ат
10607	-11.415979	بع
10608	-11.416230	ют
10609	-11.416336	▁ఫ్రెండ్
10610	-11.416337	distribution
10611	-11.416337	▁restaurant
10612	-11.416337	▁दलित
10613	-11.416348	😥😥
10614	-11.416348	▁லவ்
10615	-11.416357	🍎
10616	-11.416390	▁ಲವ್
10617	-11.416406	▁commun
10618	-11.416595	▁convinced
10619	-11.416677	scrimination
10620	-11.416770	കെ
10621	-11.416862	▁bash
10622	-11.417031	cken
10623	-11.417230	▁venda
10624	-11.417327	prop
10625	-11.417332	భా
10626	-11.417522	ど
10627	-11.417562	▁bullying
10628	-11.417720	ಕೊಂಡ್
10629	-11.417744	וד
10630	-11.418088	▁essential
10631	-11.418826	▁denga
10632	-11.418862	ಚ್ಚಿ
10633	-11.418993	▁harsh
10634	-11.419146	kalam
10635	-11.419321	ಲ್ವ
10636	-11.419355	ノ
10637	-11.419355	意
10638	-11.419358	▁prejudice
10639	-11.419358	▁temporary
10640	-11.419358	▁ಮದುವೆ
10641	-11.419359	▁enemies
10642	-11.419359	▁exclude
10643	-11.419362	🤡
10644	-11.419363	韓国
10645	-11.419367	▁पूछ
10646	-11.419396	▁shanthi
10647	-11.419591	▁vachu
10648	-11.419817	▁మె
10649	-11.419819	▁சோ
10650	-11.419933	கிறது
10651	-11.420031	▁አለ
10652	-11.420339	▁காட்டு
10653	-11.420572	ಲ್ವಾ
10654	-11.420602	▁patent
10655	-11.420606	▁loan
10656	-11.420851	▁kalla
10657	-11.421062	ലൈ
10658	-11.421492	▁prize
10659	-11.421906	▁ceo
10660	-11.421926	▁engineer
10661	-11.422067	വൻ
10662	-11.422151	▁khushi
10663	-11.422153	▁naanam
10664	-11.422375	ê
10665	-11.422389	▁నెంబర్
10666	-11.422465	▁realise
10667	-11.422539	▁premium
10668	-11.422681	▁suffering
10669	-11.422707	▁poison
10670	-11.422740	▁ಅದನ್ನ
10671	-11.422869	▁tight
10672	-11.423143	▁marked
10673	-11.423265	त्य
10674	-11.423359	▁लाख
10675	-11.423515	▁radi
10676	-11.423903	ின்
10677	-11.424054	▁utterly
10678	-11.424108	▁drag
10679	-11.424133	▁வச்சி
10680	-11.424147	фо
10681	-11.424341	▁nato
10682	-11.424764	▁பண்ணு
10683	-11.425087	र्ड
10684	-11.425179	water
10685	-11.425200	▁champ
10686	-11.425427	▁adequate
10687	-11.425427	▁அனைத்து
10688	-11.425427	▁ಬಿಜೆಪಿ
10689	-11.425431	▁लाइक
10690	-11.425432	▁labour
10691	-11.425516	▁ellaru
10692	-11.425605	▁ashamed
10693	-11.425621	▁stink
10694	-11.425632	▁வரும்
10695	-11.425751	requests
10696	-11.425765	▁mahi
10697	-11.425961	▁naive
10698	-11.425995	▁appaa
10699	-11.426001	டே
10700	-11.426041	ಯಾಗ
10701	-11.426078	▁secular
10702	-11.426161	лэр
10703	-11.426209	జి
10704	-11.426601	attam
10705	-11.426756	▁serb
10706	-11.426824	வன
10707	-11.426839	▁sariyaa
10708	-11.427009	పె
10709	-11.427177	▁പട
10710	-11.428124	ಯಿಂದ
10711	-11.428145	▁faster
10712	-11.428464	▁வாழ்
10713	-11.428477	▁ukraine
10714	-11.428478	▁инде
10715	-11.428563	▁ça
10716	-11.428660	black
10717	-11.429135	▁ಅವರಿಗೆ
10718	-11.429262	▁सै
10719	-11.429474	▁grew
10720	-11.429517	సం
10721	-11.429830	▁churches
10722	-11.430125	▁chill
10723	-11.430160	▁glass
10724	-11.430237	▁ಯಾಕ್
10725	-11.430700	▁picking
10726	-11.430721	▁raho
10727	-11.430723	▁openly
10728	-11.431131	▁ಸೊ
10729	-11.431306	▁peaceful
10730	-11.431405	▁praise
10731	-11.431527	家
10732	-11.431535	ቹ
10733	-11.431536	🤢
10734	-11.431540	ಫ್
10735	-11.431566	▁sakte
10736	-11.431569	▁पैदा
10737	-11.431573	▁stalking
10738	-11.431763	▁pavam
10739	-11.431804	chche
10740	-11.432036	▁poland
10741	-11.432769	▁வாங்க
10742	-11.432811	▁pair
10743	-11.432964	▁flip
10744	-11.433025	▁sharing
10745	-11.433127	▁mood
10746	-11.433290	▁salary
10747	-11.433363	سا
10748	-11.433461	▁riti
10749	-11.433907	▁formula
10750	-11.434256	▁assumed
10751	-11.434602	▁குழந்தை
10752	-11.434625	▁rifle
10753	-11.434632	ങ്ങളുടെ
10754	-11.434683	يش
10755	-11.434710	💗💗
10756	-11.434750	▁ഇല്ലാത്ത
10757	-11.435037	▁anthem
10758	-11.435084	▁disruption
10759	-11.435197	ങ്
10760	-11.435372	▁destroying
10761	-11.435375	ገር
10762	-11.435435	▁చెప్పు
10763	-11.435458	अप
10764	-11.435493	▁tries
10765	-11.435509	▁puttana
10766	-11.435728	▁കട
10767	-11.435843	aytu
10768	-11.435886	▁pulled
10769	-11.436439	▁announced
10770	-11.436579	ണേ
10771	-11.436773	▁scot
10772	-11.436953	misrepresent
10773	-11.437009	▁होना
10774	-11.437223	▁modd
10775	-11.437358	▁skill
10776	-11.437591	ayirunn
10777	-11.437679	▁जिंदगी
10778	-11.437679	▁സ്നേഹ
10779	-11.437900	▁ಅಲ್ವಾ
10780	-11.437918	തും
10781	-11.437927	בל
10782	-11.437957	ന്ത്
10783	-11.437992	▁mock
10784	-11.438108	▁ರೀತಿ
10785	-11.438173	▁అన్ని
10786	-11.438198	▁retard
10787	-11.438564	בר
10788	-11.438766	▁siva
10789	-11.438819	▁boom
10790	-11.439053	lov
10791	-11.439185	▁thrown
10792	-11.439210	مس
10793	-11.439374	వ్వు
10794	-11.439474	▁thru
10795	-11.439507	ితే
10796	-11.439901	कल
10797	-11.439924	▁prima
10798	-11.440310	open
10799	-11.440527	בו
10800	-11.440822	▁மக்கள்
10801	-11.440840	😎😎
10802	-11.440842	▁statue
10803	-11.440871	change
10804	-11.440871	▁baseball
10805	-11.440991	▁vandalise
10806	-11.441414	iert
10807	-11.441579	▁மீ
10808	-11.442280	vanta
10809	-11.442496	▁irukum
10810	-11.442575	▁stance
10811	-11.443176	miss
10812	-11.443213	▁disrupt
10813	-11.443863	▁subsidize
10814	-11.443870	▁misundersta
10815	-11.444005	▁tick
10816	-11.444035	▁louis
10817	-11.444083	▁petrol
10818	-11.444586	▁അതു
10819	-11.444599	▁மக்கள
10820	-11.444942	▁nigga
10821	-11.445130	യുള്ള
10822	-11.445131	▁represented
10823	-11.445587	uttare
10824	-11.445634	▁mono
10825	-11.445637	కం
10826	-11.446093	そ
10827	-11.446169	▁avanre
10828	-11.446340	▁vachchi
10829	-11.446541	ம்பி
10830	-11.446644	ሆ
10831	-11.446692	▁ഇതു
10832	-11.446935	gira
10833	-11.446967	▁celebrate
10834	-11.446967	▁prominent
10835	-11.446967	▁ಡಿಲೀಟ್
10836	-11.446967	思
10837	-11.446972	▁massacre
10838	-11.447005	▁opposing
10839	-11.447118	ెంట్
10840	-11.447209	👉
10841	-11.447604	▁arrested
10842	-11.447690	قد
10843	-11.448179	ರಿಸಿ
10844	-11.448577	▁phoon
10845	-11.448668	plica
10846	-11.449340	▁समय
10847	-11.449669	▁ಮಾಡ್ತಾ
10848	-11.449730	▁otta
10849	-11.450082	▁centuries
10850	-11.450082	▁ಮುಂಡೆ
10851	-11.450089	▁closing
10852	-11.450098	▁inflation
10853	-11.450108	💝
10854	-11.450109	▁പിടിച്ച
10855	-11.450224	▁potentially
10856	-11.450252	▁lynch
10857	-11.450476	▁joined
10858	-11.450520	▁ಬದುಕ
10859	-11.450602	raja
10860	-11.450998	force
10861	-11.451235	ிங்க
10862	-11.451484	णा
10863	-11.452224	▁makkale
10864	-11.452315	▁veti
10865	-11.453201	せ
10866	-11.453205	カ
10867	-11.453208	▁ordinary
10868	-11.453208	🤘
10869	-11.453209	▁सिंह
10870	-11.453210	▁stretch
10871	-11.453244	сын
10872	-11.453316	▁preserve
10873	-11.453325	▁കിട്ടിയ
10874	-11.453644	consider
10875	-11.453976	▁felon
10876	-11.454168	fold
10877	-11.454455	пі
10878	-11.454584	ೊಬ್ಬ
10879	-11.454654	तो
10880	-11.454778	ом
10881	-11.454823	ಂಟ್
10882	-11.455530	dari
10883	-11.455848	engil
10884	-11.456157	▁rig
10885	-11.456343	▁advisor
10886	-11.456343	▁libertarian
10887	-11.456355	▁huduga
10888	-11.456359	😪😪
10889	-11.456394	▁мене
10890	-11.456597	▁missile
10891	-11.456602	▁डर
10892	-11.456862	·
10893	-11.456875	😏😏
10894	-11.457222	▁dying
10895	-11.457612	▁देता
10896	-11.457669	▁ಒಳ್ಳೆ
10897	-11.458584	▁campus
10898	-11.458611	chittu
10899	-11.459044	▁trou
10900	-11.459486	ラ
10901	-11.459554	▁escape
10902	-11.459697	पुर
10903	-11.459739	▁മോനെ
10904	-11.459974	▁நம்ம
10905	-11.460044	अर
10906	-11.460758	▁kandu
10907	-11.460772	▁drinking
10908	-11.460774	▁avec
10909	-11.460959	▁सेना
10910	-11.461068	▁сам
10911	-11.461224	▁deeply
10912	-11.461600	▁drain
10913	-11.462220	▁sulle
10914	-11.462393	kkoo
10915	-11.462638	真
10916	-11.462642	ኩ
10917	-11.462642	▁औलाद
10918	-11.462642	▁ഇപ്പൊ
10919	-11.462643	▁worried
10920	-11.462646	▁കാണിക്ക
10921	-11.462785	▁లేదా
10922	-11.462869	ண்டை
10923	-11.462930	▁forgotten
10924	-11.463037	▁secretary
10925	-11.463491	▁वही
10926	-11.463736	kanum
10927	-11.463839	▁मू
10928	-11.463851	▁reasonably
10929	-11.463894	▁ಕೆಲ
10930	-11.463942	▁எடுத்து
10931	-11.463997	మై
10932	-11.464167	▁उप
10933	-11.464241	▁marine
10934	-11.464577	ತರ
10935	-11.464684	▁रहो
10936	-11.464710	صر
10937	-11.464755	▁kadhu
10938	-11.464827	יה
10939	-11.464834	ుతున్న
10940	-11.465212	र्क
10941	-11.465454	▁atheist
10942	-11.465463	▁kaise
10943	-11.465560	▁இருந்து
10944	-11.465723	▁janma
10945	-11.465759	лек
10946	-11.465779	▁አስ
10947	-11.465806	▁subsidies
10948	-11.465806	▁தங்கச்சி
10949	-11.465833	▁చెల్లి
10950	-11.465901	▁tayi
10951	-11.466105	zel
10952	-11.466188	▁daniel
10953	-11.466373	▁grasp
10954	-11.466565	▁contrast
10955	-11.466633	first
10956	-11.466712	▁armenian
10957	-11.467479	▁rome
10958	-11.467649	▁ಬಾಸ್
10959	-11.467753	▁cake
10960	-11.467987	▁pub
10961	-11.467996	▁younger
10962	-11.468130	▁libel
10963	-11.468611	ор
10964	-11.468904	▁eduthu
10965	-11.468981	▁fantasy
10966	-11.468981	▁hurricane
10967	-11.468995	▁achchhe
10968	-11.469018	▁అందంగా
10969	-11.469207	ൻ്റെ
10970	-11.469342	▁relate
10971	-11.469461	▁bigotry
10972	-11.469926	disagreement
10973	-11.470525	ത്തിന്
10974	-11.470536	▁investigate
10975	-11.470604	▁nanage
10976	-11.471663	▁patrol
10977	-11.471677	ಜೆ
10978	-11.471990	▁shah
10979	-11.472165	▁correspond
10980	-11.472165	▁distinguish
10981	-11.472165	▁wizard
10982	-11.472166	▁कितने
10983	-11.472168	▁सुपर
10984	-11.472169	▁शादी
10985	-11.472323	▁solely
10986	-11.472337	kkanan
10987	-11.472392	▁creative
10988	-11.472491	▁ಇದ್ರೆ
10989	-11.472872	▁immigrant
10990	-11.473074	▁obligation
10991	-11.473158	neutral
10992	-11.473505	write
10993	-11.474328	يس
10994	-11.474473	tunnaru
10995	-11.474824	ком
10996	-11.474999	స్తు
10997	-11.475104	▁vandalized
10998	-11.475280	▁bankrupt
10999	-11.475333	ocracy
11000	-11.475360	▁vazhttukkal
11001	-11.475360	▁ఘోస్ట్
11002	-11.475360	▁സ്വന്തം
11003	-11.475372	▁;-)
11004	-11.475377	▁ಮಕ್ಳು
11005	-11.475465	ско
11006	-11.475486	▁blaming
11007	-11.475635	▁బొ
11008	-11.475652	▁ഉണ്ടോ
11009	-11.475677	▁worldwide
11010	-11.476001	حا
11011	-11.476488	дэ
11012	-11.476638	ulating
11013	-11.477007	▁samaj
11014	-11.477525	▁samp
11015	-11.477554	кай
11016	-11.477851	plicit
11017	-11.478034	fic
11018	-11.478155	ணை
11019	-11.478219	▁keine
11020	-11.478565	▁relevance
11021	-11.478565	▁temperature
11022	-11.478569	abahudu
11023	-11.478580	▁sentiment
11024	-11.478596	▁निकाल
11025	-11.478665	▁paavam
11026	-11.478956	வில்லை
11027	-11.478983	▁silent
11028	-11.479138	▁oder
11029	-11.479156	प्र
11030	-11.479244	▁ബോ
11031	-11.479590	▁alright
11032	-11.480260	▁licensed
11033	-11.480424	tech
11034	-11.480454	▁syrian
11035	-11.480735	▁slim
11036	-11.480815	స్తుంది
11037	-11.480976	▁भोस
11038	-11.481088	lilla
11039	-11.481159	yalla
11040	-11.481191	дь
11041	-11.481222	▁fait
11042	-11.481610	▁ethra
11043	-11.481781	▁doctrine
11044	-11.481781	▁sacrifice
11045	-11.481781	▁ऊपर
11046	-11.481781	★
11047	-11.481804	▁బాగు
11048	-11.482420	▁ethnicity
11049	-11.482468	▁ముందు
11050	-11.482689	▁maadida
11051	-11.483102	▁ಕೆಟ್ಟ
11052	-11.483210	ತಾರೆ
11053	-11.483566	▁outright
11054	-11.483932	▁lisa
11055	-11.483966	بن
11056	-11.484167	▁matches
11057	-11.484178	know
11058	-11.484373	▁distinct
11059	-11.484496	▁uncle
11060	-11.484587	▁pushed
11061	-11.484630	▁kodukka
11062	-11.484677	تو
11063	-11.484741	▁whine
11064	-11.484857	▁మరి
11065	-11.484949	▁helid
11066	-11.484954	די
11067	-11.485006	▁ప్లీజ్
11068	-11.485007	▁billionaire
11069	-11.485066	▁hyper
11070	-11.485074	▁кеше
11071	-11.485575	ಯೇ
11072	-11.485607	▁kaanie
11073	-11.485669	മാർ
11074	-11.485859	▁പേര
11075	-11.486135	ئ
11076	-11.486352	дер
11077	-11.486852	▁ranking
11078	-11.487109	file
11079	-11.487417	▁jha
11080	-11.487724	▁అయ్య
11081	-11.488242	▁ఒరేయ్
11082	-11.488243	ò
11083	-11.488243	▁brilliant
11084	-11.488243	▁इंसान
11085	-11.488262	▁shelter
11086	-11.488263	▁ముక్కు
11087	-11.488280	▁retire
11088	-11.488292	lloo
11089	-11.488355	▁bubble
11090	-11.488362	▁reagan
11091	-11.488363	🏻‍♂️
11092	-11.488425	▁makkalige
11093	-11.488457	▁ಯಾವುದ
11094	-11.488487	▁നടക്ക
11095	-11.488585	▁electricity
11096	-11.488937	▁boddu
11097	-11.488946	▁monster
11098	-11.489209	▁thik
11099	-11.489284	تف
11100	-11.489390	vani
11101	-11.490077	▁chip
11102	-11.490167	▁spew
11103	-11.490230	nnittu
11104	-11.490231	▁cert
11105	-11.490308	दे
11106	-11.490447	▁trivial
11107	-11.491462	ಮು
11108	-11.491489	₹
11109	-11.491621	▁வெறி
11110	-11.491740	▁clause
11111	-11.491743	▁clueless
11112	-11.491768	ദ്ധ
11113	-11.491930	でも
11114	-11.492081	ശ്ര
11115	-11.492097	▁sarah
11116	-11.492197	▁आगे
11117	-11.492451	▁nijamo
11118	-11.492564	▁albanian
11119	-11.492744	▁मैंने
11120	-11.493006	▁golden
11121	-11.493219	من
11122	-11.493569	▁skul
11123	-11.493635	petta
11124	-11.493684	മ്പി
11125	-11.493836	▁pakshe
11126	-11.493851	وج
11127	-11.493851	▁rico
11128	-11.493904	▁ಆಡ
11129	-11.494005	▁చిన్న
11130	-11.494147	▁madida
11131	-11.494661	▁वाह
11132	-11.494742	为
11133	-11.494742	同
11134	-11.494746	▁മനുഷ്യ
11135	-11.494747	ച്ഛ
11136	-11.494747	▁incredibly
11137	-11.494747	▁newsletter
11138	-11.494748	▁conviction
11139	-11.494750	▁museum
11140	-11.494753	▁thoda
11141	-11.494819	▁più
11142	-11.494857	▁ख़
11143	-11.494885	▁advanced
11144	-11.494942	👌👌🌹🌹
11145	-11.495046	▁approve
11146	-11.495059	sockpuppetry
11147	-11.495080	▁parayunna
11148	-11.495193	▁baagaa
11149	-11.495211	▁merde
11150	-11.495213	▁തുട
11151	-11.495460	enkilum
11152	-11.495527	▁ഒന്ന
11153	-11.495784	▁hong
11154	-11.495826	▁opera
11155	-11.495913	ट्ट
11156	-11.495914	notable
11157	-11.496170	ున్నా
11158	-11.496378	ചി
11159	-11.496412	official
11160	-11.496764	▁கெ
11161	-11.496804	imagin
11162	-11.497051	lä
11163	-11.497300	▁compli
11164	-11.497341	▁കണ്ടു
11165	-11.497550	▁என
11166	-11.497774	▁എന്നാ
11167	-11.498014	ಭಿಮಾನ
11168	-11.498015	▁எருமை
11169	-11.498017	▁newcomers
11170	-11.498367	▁quoting
11171	-11.498566	▁caption
11172	-11.498951	టే
11173	-11.499103	▁encouraged
11174	-11.499156	اج
11175	-11.499411	nkala
11176	-11.499450	▁burning
11177	-11.500054	مك
11178	-11.500631	questionable
11179	-11.501203	िस
11180	-11.501282	▁bone
11181	-11.501293	▁divorce
11182	-11.501293	▁गांधी
11183	-11.501293	▁पूरी
11184	-11.501295	ኢ
11185	-11.501296	semitism
11186	-11.501307	▁repair
11187	-11.501326	▁അവർ
11188	-11.501377	▁ಕೊಡಿ
11189	-11.501384	▁friday
11190	-11.501394	▁ಕತ್ತೆ
11191	-11.501510	▁ఏమి
11192	-11.501561	ಾದರೂ
11193	-11.501603	▁assets
11194	-11.501639	▁watchlist
11195	-11.501796	ிருக்க
11196	-11.501913	▁edge
11197	-11.501996	▁ಮೈ
11198	-11.502032	oruthar
11199	-11.502166	▁cleanup
11200	-11.502637	▁விடு
11201	-11.502791	▁namm
11202	-11.502883	▁പോല
11203	-11.503218	unnathu
11204	-11.503264	hahahaha
11205	-11.503325	additionally
11206	-11.503509	▁भो
11207	-11.503935	حت
11208	-11.504125	ትን
11209	-11.504423	common
11210	-11.504555	వం
11211	-11.504583	▁gfdl
11212	-11.504600	▁complicated
11213	-11.504619	▁vikram
11214	-11.504909	▁எடுக்க
11215	-11.504928	▁dikh
11216	-11.505065	▁benki
11217	-11.505089	ದಿಯ
11218	-11.505322	▁குடும்ப
11219	-11.505798	سم
11220	-11.505918	▁behave
11221	-11.505958	രുടെ
11222	-11.506215	▁nijamoo
11223	-11.506647	▁tumhe
11224	-11.506919	since
11225	-11.506942	▁appointed
11226	-11.507013	▁tunni
11227	-11.507140	irabeku
11228	-11.507854	没
11229	-11.507884	▁smoking
11230	-11.507885	▁നായിന്റെ
11231	-11.507890	▁വേണം
11232	-11.507914	▁కోసం
11233	-11.507933	▁dry
11234	-11.507935	▁हमारी
11235	-11.508108	▁subjective
11236	-11.508370	▁examine
11237	-11.508592	സ്ഥ
11238	-11.508681	▁reviewer
11239	-11.509096	לו
11240	-11.509336	जू
11241	-11.511143	▁ನಲ್ಲಿ
11242	-11.511191	者
11243	-11.511194	ሴ
11244	-11.511194	▁ನನಗೆ
11245	-11.511195	ృ
11246	-11.511197	▁census
11247	-11.511251	त्त
11248	-11.511288	▁spiritual
11249	-11.511300	yinda
11250	-11.511322	▁treason
11251	-11.511342	▁subscribe
11252	-11.511348	▁naayinte
11253	-11.511426	▁legend
11254	-11.511436	▁organized
11255	-11.511758	മായ
11256	-11.512694	▁അല്ലേ
11257	-11.512928	onian
11258	-11.513161	▁mohan
11259	-11.513638	▁parayan
11260	-11.513728	▁cheaper
11261	-11.513829	ज़ा
11262	-11.513844	▁paranj
11263	-11.513979	▁fighter
11264	-11.514010	ರಲ್ಲಿ
11265	-11.514155	▁pottu
11266	-11.514256	😂😂🤣🤣
11267	-11.514268	▁cheytha
11268	-11.514313	▁eff
11269	-11.514345	▁ಎಷ್ಟ
11270	-11.514517	▁niajamo
11271	-11.514517	▁srustilo
11272	-11.514518	▁passenger
11273	-11.514518	▁reputable
11274	-11.514525	▁cardinal
11275	-11.514609	▁வெளி
11276	-11.514691	▁ಹೆಸರು
11277	-11.514719	qué
11278	-11.514792	▁मस्त
11279	-11.514828	▁الأ
11280	-11.514870	italia
11281	-11.516096	▁height
11282	-11.516211	▁bishop
11283	-11.516425	▁navy
11284	-11.516433	high
11285	-11.516579	▁pakk
11286	-11.516975	ario
11287	-11.516975	▁alert
11288	-11.517348	thunna
11289	-11.517847	み
11290	-11.517850	ፊ
11291	-11.517850	▁technique
11292	-11.517850	▁मीडिया
11293	-11.517851	ጫ
11294	-11.517851	▁fossil
11295	-11.517853	▁varala
11296	-11.517864	▁babies
11297	-11.517888	▁kapde
11298	-11.517924	▁cosa
11299	-11.518028	▁சொன்ன
11300	-11.518147	தற்கு
11301	-11.518385	▁കൈ
11302	-11.518470	يف
11303	-11.519313	ಯನ್ನು
11304	-11.519629	▁डि
11305	-11.519664	▁തല
11306	-11.520247	▁குடி
11307	-11.520278	▁ಪರ
11308	-11.520458	▁stalin
11309	-11.520670	▁pennin
11310	-11.520690	title
11311	-11.521194	ّ
11312	-11.521194	ॺ
11313	-11.521194	🤓
11314	-11.521195	▁involving
11315	-11.521289	claim
11316	-11.521297	▁wtf
11317	-11.521436	▁לה
11318	-11.521527	▁typically
11319	-11.521642	▁ಹೇಳ್
11320	-11.521724	▁unreliable
11321	-11.521728	▁swamp
11322	-11.521914	▁pile
11323	-11.522014	▁irunta
11324	-11.522063	ட்டும்
11325	-11.522795	▁karati
11326	-11.522835	▁muthal
11327	-11.522969	▁chesi
11328	-11.523074	🤦🤦
11329	-11.523341	بد
11330	-11.523750	metric
11331	-11.524035	கள
11332	-11.524547	行
11333	-11.524550	▁applicable
11334	-11.524550	▁சூப்பரா
11335	-11.524550	▁బొడ్డు
11336	-11.524550	▁ಬೆಂಕಿ
11337	-11.524619	▁yellow
11338	-11.524655	▁arrange
11339	-11.524768	▁ಮಕ್ಕಳಿಗೆ
11340	-11.524771	▁submitted
11341	-11.524951	▁occ
11342	-11.525135	cover
11343	-11.525238	kolli
11344	-11.525284	ப்பட
11345	-11.526839	ongressional
11346	-11.526901	▁vaazh
11347	-11.527022	▁இருந்த
11348	-11.527111	бә
11349	-11.527252	▁nationality
11350	-11.527354	▁పట్ట
11351	-11.527561	вер
11352	-11.527585	foot
11353	-11.527917	▁compassion
11354	-11.527917	▁ನಾಚಿಕೆ
11355	-11.527920	▁reduction
11356	-11.527921	▁उठा
11357	-11.527945	▁മനസ്സ
11358	-11.527950	▁werden
11359	-11.528042	▁informative
11360	-11.528085	▁देंगे
11361	-11.528112	▁transform
11362	-11.528232	ஜா
11363	-11.528282	▁introduce
11364	-11.528333	▁jackson
11365	-11.528355	▁tees
11366	-11.528572	рга
11367	-11.528769	▁telus
11368	-11.529329	▁infant
11369	-11.529831	exist
11370	-11.529865	ukunna
11371	-11.529899	▁scientist
11372	-11.530016	هل
11373	-11.530211	ый
11374	-11.530360	▁चीज
11375	-11.530566	▁manass
11376	-11.530630	▁pence
11377	-11.531089	▁مش
11378	-11.531301	▁amteyy
11379	-11.531316	▁guitar
11380	-11.531318	中国
11381	-11.531323	▁пизд
11382	-11.531324	▁carried
11383	-11.531324	▁invasion
11384	-11.531441	▁monkey
11385	-11.531532	▁utar
11386	-11.531558	▁നാണം
11387	-11.531561	▁kitna
11388	-11.531630	▁jyada
11389	-11.531708	▁धो
11390	-11.531824	▁தமிழ
11391	-11.531913	▁porca
11392	-11.532393	▁hunting
11393	-11.532600	▁sarkara
11394	-11.532922	टो
11395	-11.533257	▁hateful
11396	-11.533267	▁الد
11397	-11.533344	▁patha
11398	-11.533557	▁chutiya
11399	-11.533719	ల్లు
11400	-11.534071	إ
11401	-11.534244	protected
11402	-11.534683	🐕
11403	-11.534685	▁excessive
11404	-11.534685	▁நம்பர்
11405	-11.534706	▁portray
11406	-11.534708	だろう
11407	-11.534883	▁pania
11408	-11.534896	▁entity
11409	-11.534918	▁pronounce
11410	-11.535059	▁సో
11411	-11.535462	▁hesaru
11412	-11.535518	png
11413	-11.535535	▁gudda
11414	-11.535620	मो
11415	-11.535900	▁banning
11416	-11.535913	about
11417	-11.536144	▁screwed
11418	-11.536201	▁manassil
11419	-11.536356	▁drass
11420	-11.536366	ದ್ಯ
11421	-11.536437	▁औरत
11422	-11.537147	▁giant
11423	-11.537149	ያን
11424	-11.537396	▁yenthaa
11425	-11.537502	▁பண்ணுங்க
11426	-11.537580	ఎ
11427	-11.537587	ಆ
11428	-11.537587	▁vice
11429	-11.537663	profit
11430	-11.537934	▁നന്നായി
11431	-11.538082	北
11432	-11.538085	バ
11433	-11.538087	🤫
11434	-11.538110	▁pundaiya
11435	-11.538182	▁whatsapp
11436	-11.538223	▁romney
11437	-11.538382	▁കുറെ
11438	-11.538434	▁mutual
11439	-11.539042	▁luc
11440	-11.539092	▁இப்ப
11441	-11.539237	రిగి
11442	-11.539660	▁surprising
11443	-11.540103	నో
11444	-11.540687	ര്യ
11445	-11.540732	▁വരുന്ന
11446	-11.541101	history
11447	-11.541102	▁slowly
11448	-11.541267	▁ചില
11449	-11.541500	▁confidence
11450	-11.541500	▁hilarious
11451	-11.541500	▁recognition
11452	-11.541500	▁saadhanam
11453	-11.541500	▁ಧರ್ಮ
11454	-11.541502	▁legacy
11455	-11.541641	కర్
11456	-11.541674	▁बेटा
11457	-11.541699	ደረ
11458	-11.541929	▁ಗೊತ್ತು
11459	-11.542160	▁कहां
11460	-11.542238	▁இனி
11461	-11.542270	▁pipe
11462	-11.542577	पन
11463	-11.542621	creation
11464	-11.543119	いる
11465	-11.543343	▁ಮಾತು
11466	-11.543476	▁ಒಳ್ಳೆಯ
11467	-11.543536	▁हाल
11468	-11.543810	▁plate
11469	-11.543818	▁strict
11470	-11.544143	▁solved
11471	-11.544222	nnen
11472	-11.544583	▁passes
11473	-11.544925	ዱ
11474	-11.544925	▁इसलिए
11475	-11.544926	▁कितना
11476	-11.544958	maina
11477	-11.545057	▁eric
11478	-11.545135	▁ಒಂದೇ
11479	-11.545169	▁bhej
11480	-11.545203	▁pyaar
11481	-11.545214	▁kazhapp
11482	-11.545959	ಟಾ
11483	-11.546270	وان
11484	-11.546297	▁ഇല്ലേ
11485	-11.546553	▁loving
11486	-11.546628	▁promotional
11487	-11.546839	▁തെറ്റ
11488	-11.547121	▁കളയ
11489	-11.547203	▁flawed
11490	-11.547817	▁cheyyan
11491	-11.548043	▁mokka
11492	-11.548075	ಾಗಿದೆ
11493	-11.548361	▁participant
11494	-11.548370	▁uniform
11495	-11.548375	ör
11496	-11.548383	▁pedophile
11497	-11.548405	🕊️🕊️
11498	-11.548407	💦
11499	-11.548426	▁ultra
11500	-11.548558	▁kanni
11501	-11.548861	▁ఇంక
11502	-11.549017	▁जात
11503	-11.549793	▁मिला
11504	-11.549859	క్స్
11505	-11.550769	▁mula
11506	-11.550786	▁ammayi
11507	-11.551160	ವನು
11508	-11.551165	पे
11509	-11.551428	▁oct
11510	-11.551788	🙊
11511	-11.551803	到
11512	-11.551807	何
11513	-11.551808	✉
11514	-11.551809	▁ಪ್ಲೀಸ್
11515	-11.551809	▁ഡ്രസ്സ്
11516	-11.551811	▁సాంగ్
11517	-11.551813	▁ಹೆಚ್ಚ
11518	-11.551857	▁gaandu
11519	-11.552088	▁vanthu
11520	-11.552253	▁download
11521	-11.552326	▁ಮಾಡೋದು
11522	-11.552382	▁italy
11523	-11.552518	▁venan
11524	-11.552697	pudu
11525	-11.552958	▁romba
11526	-11.553266	▁ያለ
11527	-11.554161	isation
11528	-11.554338	▁entru
11529	-11.554438	दान
11530	-11.554482	▁magne
11531	-11.555032	print
11532	-11.555269	▁principal
11533	-11.555269	▁scenario
11534	-11.555273	🥳🥳
11535	-11.555281	▁rcb
11536	-11.555409	▁stolen
11537	-11.555618	▁kyonki
11538	-11.555700	vaada
11539	-11.555814	▁बचा
11540	-11.556089	ത്തിന്റെ
11541	-11.556119	ಿನಲ್ಲಿ
11542	-11.556213	చే
11543	-11.556268	▁mundhu
11544	-11.556387	يق
11545	-11.556559	ರೊ
11546	-11.556676	party
11547	-11.556706	▁lobby
11548	-11.556878	▁నువ్
11549	-11.557339	▁ಯಾವ್
11550	-11.557364	▁preach
11551	-11.557651	▁ಅಮ್ಮನ
11552	-11.558063	▁காதல
11553	-11.558187	ಬು
11554	-11.558311	ыр
11555	-11.558641	ç
11556	-11.558722	😕
11557	-11.558737	当
11558	-11.558742	▁दोनों
11559	-11.558743	▁ancestor
11560	-11.558745	▁telugu
11561	-11.558747	▁loafer
11562	-11.558825	muslim
11563	-11.559098	ుతుంది
11564	-11.559361	▁உங்கள
11565	-11.559365	▁madhya
11566	-11.559395	су
11567	-11.559545	▁moderate
11568	-11.559655	▁பல
11569	-11.560318	ಯುವ
11570	-11.560447	▁baduk
11571	-11.560451	ஷ்
11572	-11.560753	ിട്ടും
11573	-11.561048	▁እያ
11574	-11.561113	лэ
11575	-11.561173	▁pretending
11576	-11.561687	▁படு
11577	-11.561845	▁haram
11578	-11.561926	▁extended
11579	-11.562025	መስ
11580	-11.562057	▁usake
11581	-11.562226	؟
11582	-11.562226	▁sponsor
11583	-11.562226	▁അവിടെ
11584	-11.562231	▁anubhav
11585	-11.562232	▁चुनाव
11586	-11.562304	▁konjam
11587	-11.562428	▁пере
11588	-11.562464	voir
11589	-11.562599	matlad
11590	-11.562626	▁सारे
11591	-11.562744	▁chodi
11592	-11.563180	ുന്നില്ല
11593	-11.563392	▁perceived
11594	-11.563393	फी
11595	-11.563426	▁broadcast
11596	-11.563469	ದ್ದೆ
11597	-11.564631	▁losses
11598	-11.564876	▁spr
11599	-11.564920	قي
11600	-11.565015	▁கல
11601	-11.565062	▁tape
11602	-11.565170	▁spite
11603	-11.565722	▁ലാലേട്ട
11604	-11.565726	👿
11605	-11.565743	▁teenage
11606	-11.565830	ணு
11607	-11.565920	▁vela
11608	-11.565949	ूंगा
11609	-11.566017	▁creep
11610	-11.566063	▁index
11611	-11.566211	▁வச்சு
11612	-11.566476	ருப்ப
11613	-11.566514	▁jaati
11614	-11.566653	▁тр
11615	-11.566849	▁construct
11616	-11.567023	ಧಾ
11617	-11.567105	▁everyday
11618	-11.567159	▁srushtiloo
11619	-11.567343	▁personality
11620	-11.567550	▁crum
11621	-11.567640	found
11622	-11.567649	лык
11623	-11.567678	▁አል
11624	-11.567966	▁வன்னியர்
11625	-11.568232	amgaa
11626	-11.568918	ண்ணு
11627	-11.568955	fight
11628	-11.569057	▁audio
11629	-11.569226	🏽
11630	-11.569227	🤒
11631	-11.569285	▁perum
11632	-11.569643	▁laid
11633	-11.569685	group
11634	-11.569897	▁шо
11635	-11.570080	▁ಹೊಡಿ
11636	-11.570107	▁porque
11637	-11.570301	▁സെ
11638	-11.570379	ית
11639	-11.570492	stead
11640	-11.571367	▁cuba
11641	-11.571603	▁||
11642	-11.571976	▁singer
11643	-11.572222	യാൽ
11644	-11.572490	व्य
11645	-11.572493	bharya
11646	-11.572658	ணா
11647	-11.572752	▁जैसी
11648	-11.572752	▁मंदिर
11649	-11.572767	▁disabled
11650	-11.572768	▁मौत
11651	-11.572788	▁ಥು
11652	-11.572804	▁fabric
11653	-11.572860	▁employed
11654	-11.573121	▁लगती
11655	-11.573242	▁sexist
11656	-11.573261	donald
11657	-11.573339	▁theriyum
11658	-11.574589	▁madoke
11659	-11.575243	▁பாத்து
11660	-11.575272	इन
11661	-11.575604	▁kooti
11662	-11.575665	▁ಹಣ
11663	-11.575809	▁todos
11664	-11.576124	▁stable
11665	-11.576216	macedonia
11666	-11.576251	▁हिंद
11667	-11.576283	下
11668	-11.576283	�
11669	-11.576286	▁өчен
11670	-11.576310	▁bodies
11671	-11.576319	▁kaarte
11672	-11.576324	😅😅
11673	-11.576365	▁coup
11674	-11.576447	▁ello
11675	-11.576485	▁ለማ
11676	-11.576562	ூர்
11677	-11.576975	▁interaction
11678	-11.577062	▁ஆனா
11679	-11.577081	▁depending
11680	-11.577135	▁под
11681	-11.577243	▁മൈര
11682	-11.577436	▁witch
11683	-11.577676	▁ചിരി
11684	-11.577742	election
11685	-11.577743	▁consent
11686	-11.578100	पाल
11687	-11.578162	зи
11688	-11.578308	▁कार्य
11689	-11.578360	ദ്ര
11690	-11.578791	▁ಅಂದ
11691	-11.578810	ல்லா
11692	-11.579281	▁mutta
11693	-11.579531	▁cooper
11694	-11.579679	▁ezhu
11695	-11.579696	▁kallu
11696	-11.579796	wick
11697	-11.579813	💪
11698	-11.579832	▁equipment
11699	-11.579832	▁transgender
11700	-11.579867	▁nafta
11701	-11.579870	fix
11702	-11.579884	▁மூஞ்சி
11703	-11.579894	▁pacific
11704	-11.579952	▁deflect
11705	-11.580054	▁nominate
11706	-11.580297	▁ಕೇಳಿ
11707	-11.580774	ടും
11708	-11.580914	▁dutch
11709	-11.580936	▁குடு
11710	-11.581034	▁proving
11711	-11.581139	▁വന്നു
11712	-11.581151	▁ನೋಡು
11713	-11.581159	▁meantime
11714	-11.581583	▁kutty
11715	-11.582110	▁elder
11716	-11.582122	▁immediate
11717	-11.582188	ദ്യ
11718	-11.582310	▁lately
11719	-11.582685	presentation
11720	-11.582708	र्द
11721	-11.583154	▁മാത്ര
11722	-11.583386	对
11723	-11.583389	ɪ
11724	-11.583391	ॗ
11725	-11.583391	▁muhammad
11726	-11.583393	▁yenduku
11727	-11.583445	▁laedhu
11728	-11.583529	▁educational
11729	-11.583562	▁ఏంటి
11730	-11.583563	ల్లి
11731	-11.583705	▁सच
11732	-11.583870	▁classified
11733	-11.583895	▁நீங்கள்
11734	-11.584070	▁formatting
11735	-11.584165	▁sistar
11736	-11.584232	▁пидор
11737	-11.584327	▁chinn
11738	-11.584332	▁ledhu
11739	-11.584484	▁educate
11740	-11.584644	social
11741	-11.584870	▁robot
11742	-11.584972	phobic
11743	-11.585023	هي
11744	-11.585659	धी
11745	-11.585977	▁புண்டைய
11746	-11.586301	छा
11747	-11.586491	▁करवा
11748	-11.586814	▁tala
11749	-11.586944	😐
11750	-11.586962	▁disregard
11751	-11.586962	▁ಲೋಫರ್
11752	-11.587119	▁ಇನ್ನೂ
11753	-11.587413	лары
11754	-11.587443	brook
11755	-11.587614	▁chuppara
11756	-11.587758	▁அடுத்த
11757	-11.587820	ண்ணி
11758	-11.587956	▁barrel
11759	-11.588024	▁selected
11760	-11.588106	▁revealed
11761	-11.588412	▁manasu
11762	-11.588668	▁ದೇವರ
11763	-11.588687	▁spain
11764	-11.588998	▁பாடு
11765	-11.589072	▁socialism
11766	-11.590438	overwhelming
11767	-11.590547	َ
11768	-11.590547	▁dynamic
11769	-11.590547	▁kashmir
11770	-11.590547	▁scholarly
11771	-11.590547	▁uneducated
11772	-11.590547	▁viswasam
11773	-11.590548	▁taliban
11774	-11.590569	▁negro
11775	-11.590694	▁उसकी
11776	-11.590708	▁yenikku
11777	-11.590737	▁അവൾ
11778	-11.590846	▁ತಲೆ
11779	-11.590851	▁criminalwar
11780	-11.590904	▁accountable
11781	-11.591051	▁medal
11782	-11.591222	▁raid
11783	-11.591630	▁modlu
11784	-11.591905	▁comple
11785	-11.591956	varannu
11786	-11.592199	determin
11787	-11.592268	ற்
11788	-11.592737	حي
11789	-11.592863	jja
11790	-11.593745	றீங்க
11791	-11.593892	▁കാര്യ
11792	-11.594135	道
11793	-11.594143	ዓ
11794	-11.594144	ቦ
11795	-11.594144	▁emergency
11796	-11.594146	🦋
11797	-11.594168	▁nixon
11798	-11.594226	▁dubious
11799	-11.594351	▁ಹೇಗೆ
11800	-11.594395	▁vomit
11801	-11.594568	▁చెయ్య
11802	-11.594873	▁करेंगे
11803	-11.595073	▁priority
11804	-11.595514	▁namba
11805	-11.595631	▁fourth
11806	-11.595869	▁ethical
11807	-11.595891	▁देखा
11808	-11.596393	పీ
11809	-11.596881	consistently
11810	-11.597737	औ
11811	-11.597754	ಛ
11812	-11.597754	▁broncos
11813	-11.597754	▁combination
11814	-11.597754	▁ಅರ್ಥ
11815	-11.597756	▁trillion
11816	-11.597769	▁تونس
11817	-11.597776	🥺🥺
11818	-11.597778	▁georgia
11819	-11.597843	▁ಬಡವರ
11820	-11.597858	▁sulemagane
11821	-11.597876	☘️
11822	-11.597921	▁pursue
11823	-11.598256	engilum
11824	-11.598382	▁ಇಂತಹ
11825	-11.598581	▁nayak
11826	-11.598658	టం
11827	-11.598779	reference
11828	-11.598826	▁ಸಹ
11829	-11.599601	▁valar
11830	-11.600502	▁ಕಲಿ
11831	-11.600880	▁പോവ
11832	-11.600904	ल्ला
11833	-11.600912	క్కు
11834	-11.601109	▁chuck
11835	-11.601218	☺
11836	-11.601374	死
11837	-11.601377	▁caldwell
11838	-11.601377	▁మోడ్డ
11839	-11.601377	▁ರೈತರ
11840	-11.601405	▁portland
11841	-11.601411	▁problematic
11842	-11.601423	▁എടുക്ക
11843	-11.601669	▁permitted
11844	-11.601729	▁settled
11845	-11.601859	▁ಬ್ಯಾ
11846	-11.601994	▁sustain
11847	-11.602334	றேன்
11848	-11.602449	inalli
11849	-11.602606	దం
11850	-11.602778	▁paata
11851	-11.602834	ಕರ್
11852	-11.602938	dunga
11853	-11.603006	▁shaadi
11854	-11.603502	unnaaru
11855	-11.603776	▁kuttikal
11856	-11.603898	type
11857	-11.603927	יש
11858	-11.604650	или
11859	-11.604903	தம்
11860	-11.604909	▁भाग
11861	-11.604943	▁harassing
11862	-11.604994	😳
11863	-11.605003	­­
11864	-11.605013	▁exhibit
11865	-11.605013	▁जगह
11866	-11.605014	▁believing
11867	-11.605034	▁ತೋರಿಸ
11868	-11.605048	☹️
11869	-11.605104	▁ನಿಂಗೆ
11870	-11.605202	▁ಆಗುತ್ತೆ
11871	-11.605249	נה
11872	-11.605433	▁ಮಾಡೋಕೆ
11873	-11.605661	▁declare
11874	-11.605827	▁detect
11875	-11.605874	மும்
11876	-11.605936	advert
11877	-11.606133	ுடன்
11878	-11.606342	▁samma
11879	-11.606451	ರಾಮ
11880	-11.606462	welcome
11881	-11.606483	ற்று
11882	-11.606699	▁satan
11883	-11.606869	▁shout
11884	-11.607249	ियो
11885	-11.607471	ుకుంటు
11886	-11.607504	▁dengu
11887	-11.607524	▁देखो
11888	-11.607614	▁steel
11889	-11.607685	islam
11890	-11.607946	れて
11891	-11.608062	phobia
11892	-11.608159	▁ഒന്നു
11893	-11.608663	▁discourage
11894	-11.608663	▁सेक्सी
11895	-11.608663	▁ఫోన్
11896	-11.608664	▁ஹாய்
11897	-11.608666	▁hispanic
11898	-11.608668	▁merkel
11899	-11.608824	🍒
11900	-11.608835	▁captain
11901	-11.609105	▁వీడియోస్
11902	-11.609363	▁बिना
11903	-11.609394	▁clan
11904	-11.609402	▁पै
11905	-11.609723	وس
11906	-11.610000	▁darn
11907	-11.610546	▁dice
11908	-11.610614	ंडा
11909	-11.610618	front
11910	-11.610797	▁hired
11911	-11.611009	championship
11912	-11.611125	▁கால
11913	-11.611167	▁scary
11914	-11.611210	kkunnathu
11915	-11.611388	▁nuke
11916	-11.611568	▁شو
11917	-11.611583	▁grace
11918	-11.611599	▁ನಂಬ
11919	-11.612085	▁span
11920	-11.612142	▁exam
11921	-11.612323	マ
11922	-11.612325	コ
11923	-11.612326	▁perception
11924	-11.612327	▁whilst
11925	-11.612328	▁अधिक
11926	-11.612329	▁pellhi
11927	-11.612346	▁indication
11928	-11.612494	רו
11929	-11.612764	allah
11930	-11.612817	قول
11931	-11.612968	▁നിന്ന്
11932	-11.613308	blp
11933	-11.613627	▁വെച്ച
11934	-11.614018	maybe
11935	-11.614040	ಎ
11936	-11.614352	body
11937	-11.614473	▁வைக்க
11938	-11.614558	▁ಕಾಮ
11939	-11.614837	だから
11940	-11.614920	semitic
11941	-11.614950	తున్న
11942	-11.615539	▁rebel
11943	-11.616000	啊
11944	-11.616002	▁கமெண்ட்
11945	-11.616004	skeptic
11946	-11.616012	▁confess
11947	-11.616224	▁ಎಂದು
11948	-11.616252	ntentionally
11949	-11.616303	▁actively
11950	-11.616323	сен
11951	-11.616335	ски
11952	-11.616432	▁arivu
11953	-11.616452	த்தான்
11954	-11.616520	ಕಲ್
11955	-11.616616	▁தல
11956	-11.616821	▁ಮಾಡುವ
11957	-11.616857	ವ್ವ
11958	-11.616880	▁మాట
11959	-11.617287	▁ಹಾಗ
11960	-11.617389	▁theatre
11961	-11.617789	▁communicate
11962	-11.618525	▁uttar
11963	-11.618638	ому
11964	-11.619358	▁kyun
11965	-11.619689	全
11966	-11.619692	ዜ
11967	-11.619692	▁imperial
11968	-11.619692	年
11969	-11.619695	▁manipulate
11970	-11.619699	▁digital
11971	-11.619714	▁முதல்
11972	-11.619839	▁ಸಾಂಗ್
11973	-11.620275	ുവാ
11974	-11.620540	റെ
11975	-11.620745	स्था
11976	-11.620932	▁paaru
11977	-11.621090	のか
11978	-11.621401	▁அதை
11979	-11.621585	especially
11980	-11.621746	களே
11981	-11.622173	▁लगे
11982	-11.623231	اخ
11983	-11.623265	прав
11984	-11.623375	😩
11985	-11.623396	▁gospel
11986	-11.623396	▁इंडिया
11987	-11.623396	▁ಸಿನಿಮಾ
11988	-11.623396	▁വീട്ടിൽ
11989	-11.623396	🏆
11990	-11.623398	▁lecture
11991	-11.623403	▁grateful
11992	-11.623409	వ్యాపార
11993	-11.623414	▁slander
11994	-11.623459	▁invented
11995	-11.623464	ಾದ್ರೂ
11996	-11.623505	▁prompt
11997	-11.623518	▁rollback
11998	-11.623605	▁investors
11999	-11.623769	ரீ
12000	-11.624032	▁resident
12001	-11.624080	▁brutal
12002	-11.624239	▁scout
12003	-11.624373	▁sample
12004	-11.624661	▁poadi
12005	-11.624776	ग्र
12006	-11.624856	ച്ചോ
12007	-11.625444	▁الف
12008	-11.625885	గం
12009	-11.626737	▁appoint
12010	-11.626785	▁murderer
12011	-11.627113	jurisdiction
12012	-11.627115	▁initiative
12013	-11.627115	▁perché
12014	-11.627115	▁ಶ್ರೀ
12015	-11.627133	▁zyada
12016	-11.627186	▁खेल
12017	-11.627203	よう
12018	-11.627230	黑人
12019	-11.627252	▁क्यू
12020	-11.627278	🍏
12021	-11.627322	▁stood
12022	-11.627463	▁പറയാൻ
12023	-11.627798	▁parayaan
12024	-11.627803	▁അവൻ
12025	-11.627837	▁confuse
12026	-11.628154	▁போடி
12027	-11.628430	طر
12028	-11.628568	▁തേ
12029	-11.628604	▁dnc
12030	-11.628609	கன்
12031	-11.628620	ば
12032	-11.629395	▁hunter
12033	-11.629420	school
12034	-11.629482	▁golf
12035	-11.629675	▁मांग
12036	-11.629684	خر
12037	-11.629724	▁ಹುಟ್ಟಿದ
12038	-11.630041	ник
12039	-11.630845	▁arasiyal
12040	-11.630845	▁motivated
12041	-11.630845	▁protocol
12042	-11.630845	▁specifies
12043	-11.630845	▁भाजपा
12044	-11.630845	▁കമന്റ്
12045	-11.630847	▁मतलब
12046	-11.630847	▁ഹായ്
12047	-11.630851	▁ஜெ
12048	-11.630854	▁जीवन
12049	-11.630856	unemployment
12050	-11.630919	▁janmakke
12051	-11.630944	▁crown
12052	-11.631093	▁தேவி
12053	-11.631100	▁minorities
12054	-11.631148	ってる
12055	-11.631329	▁secure
12056	-11.631607	ಯ್ಯ
12057	-11.631628	▁rumor
12058	-11.631837	▁alot
12059	-11.632056	▁offender
12060	-11.632082	▁sink
12061	-11.632350	▁passion
12062	-11.632473	னால்
12063	-11.632710	▁trace
12064	-11.632821	▁cruel
12065	-11.632864	▁phase
12066	-11.633123	😌😌
12067	-11.633165	political
12068	-11.633167	great
12069	-11.633523	child
12070	-11.634556	😖
12071	-11.634584	最
12072	-11.634588	前
12073	-11.634590	▁legislative
12074	-11.634590	▁veedeyo
12075	-11.634590	🏌
12076	-11.634595	▁കാരണം
12077	-11.634620	▁బాగున్నా
12078	-11.634621	▁demographic
12079	-11.634664	illallo
12080	-11.634768	▁ಸರಿಯಾಗಿ
12081	-11.634925	▁kyon
12082	-11.634976	▁phri
12083	-11.634994	▁temple
12084	-11.635573	▁kaadhu
12085	-11.635761	енә
12086	-11.635767	حق
12087	-11.635843	▁comfort
12088	-11.636269	なら
12089	-11.636373	▁ചെയ്യുന്ന
12090	-11.636946	million
12091	-11.636946	ಂದ್ರ
12092	-11.637615	ற்க
12093	-11.637651	▁kaarana
12094	-11.637678	टि
12095	-11.637786	ره
12096	-11.638347	去
12097	-11.638350	ᴇ
12098	-11.638360	▁dialect
12099	-11.638388	▁visible
12100	-11.638434	▁ಜನ್ಮಕ್ಕೆ
12101	-11.638598	▁kaanii
12102	-11.638774	▁ചെയ്യാൻ
12103	-11.638813	▁போன
12104	-11.639772	▁palli
12105	-11.640033	▁fals
12106	-11.640171	legal
12107	-11.640334	▁pahan
12108	-11.640682	▁ወደ
12109	-11.640808	дан
12110	-11.641045	except
12111	-11.641248	だけ
12112	-11.641479	▁está
12113	-11.641507	sustainable
12114	-11.642105	🤨
12115	-11.642120	vestigations
12116	-11.642123	ಘ
12117	-11.642123	▁jyotishyam
12118	-11.642123	▁കേരള
12119	-11.642125	▁ரெண்டு
12120	-11.642206	▁bahu
12121	-11.642237	▁veettil
12122	-11.642411	▁membership
12123	-11.642417	kkilla
12124	-11.642691	▁ಸಮ
12125	-11.642709	▁kaanaan
12126	-11.642817	▁phek
12127	-11.642931	ннар
12128	-11.642949	text
12129	-11.643067	▁janara
12130	-11.643147	▁घो
12131	-11.643180	▁refugee
12132	-11.643314	ஞ்சு
12133	-11.643528	▁unrelated
12134	-11.643901	▁khol
12135	-11.644701	ఇ
12136	-11.644941	▁ఇవ్వ
12137	-11.644974	оч
12138	-11.645010	▁የም
12139	-11.645297	▁schon
12140	-11.645521	тя
12141	-11.645909	想
12142	-11.645911	▁ఎవరు
12143	-11.645915	▁equation
12144	-11.645925	▁comparing
12145	-11.645943	▁उतार
12146	-11.646039	▁ഉണ്ടാവ
12147	-11.646042	れる
12148	-11.646061	▁kutumba
12149	-11.646098	🌽
12150	-11.646145	▁മൈരേ
12151	-11.646218	▁kitne
12152	-11.646237	▁expectation
12153	-11.646513	▁நேர
12154	-11.646708	▁లేని
12155	-11.646713	▁qb
12156	-11.646923	▁toilet
12157	-11.647316	▁delhi
12158	-11.647425	aththai
12159	-11.647820	▁steven
12160	-11.647825	▁దెంగి
12161	-11.647872	▁పాట
12162	-11.648489	ండు
12163	-11.648901	▁kevin
12164	-11.649027	▁rental
12165	-11.649636	▁aadru
12166	-11.649706	别
12167	-11.649710	东
12168	-11.649714	occupied
12169	-11.649714	▁cannabis
12170	-11.649714	▁counsel
12171	-11.649714	▁retweet
12172	-11.649714	▁आदमी
12173	-11.649714	▁शेयर
12174	-11.649714	▁ಸುಳ್ಳೇ
12175	-11.649714	▁അപ്പൊ
12176	-11.649714	▁ആദ്യം
12177	-11.649716	▁alternate
12178	-11.649766	▁yenthu
12179	-11.649957	▁conscience
12180	-11.650021	▁ഇരിക്ക
12181	-11.650111	▁serial
12182	-11.650166	▁garden
12183	-11.650209	вно
12184	-11.650226	▁ಕಡೆ
12185	-11.650866	േട്ടൻ
12186	-11.651846	charge
12187	-11.651934	▁guilt
12188	-11.651958	▁על
12189	-11.652105	▁ചു
12190	-11.652646	▁eshtu
12191	-11.653370	▁під
12192	-11.653530	▁arrogance
12193	-11.653530	▁यहां
12194	-11.653530	▁జ్యోతిష్యం
12195	-11.653530	▁నైస్
12196	-11.653530	▁നമ്മുടെ
12197	-11.653531	▁bizarre
12198	-11.653531	▁recruit
12199	-11.653539	▁silver
12200	-11.653555	▁እንዲ
12201	-11.653574	🏼‍♀️
12202	-11.653624	▁engaging
12203	-11.653706	▁ಜಾತಿ
12204	-11.653951	▁चौ
12205	-11.654045	▁మంది
12206	-11.654090	▁drill
12207	-11.654098	▁அடிக்க
12208	-11.654125	▁बनाया
12209	-11.654252	▁knight
12210	-11.654329	ಕ್ಕೂ
12211	-11.654767	happy
12212	-11.654858	track
12213	-11.655034	പിള്ള
12214	-11.655633	▁jaau
12215	-11.655970	ayega
12216	-11.656225	▁yaara
12217	-11.657101	▁కన్న
12218	-11.657355	正
12219	-11.657361	▁snowflake
12220	-11.657362	¿
12221	-11.657416	💃💃
12222	-11.657532	▁jimmy
12223	-11.657633	▁ಯಾವಾಗ
12224	-11.657928	▁பசங்க
12225	-11.658067	▁lifestyle
12226	-11.658394	ድር
12227	-11.658681	▁yup
12228	-11.659176	دين
12229	-11.659305	ాన్ని
12230	-11.659505	టై
12231	-11.659687	ഞ
12232	-11.659792	ಬೆ
12233	-11.659815	▁haaki
12234	-11.660017	▁ijjat
12235	-11.660654	▁பேரு
12236	-11.660766	க்கோ
12237	-11.661095	жу
12238	-11.661208	▁अनु
12239	-11.661221	▁puerto
12240	-11.661233	ఆరోగ్య
12241	-11.661248	▁cyber
12242	-11.661250	▁ಗೊತ್ತಿಲ್ಲ
12243	-11.661261	▁ಬಿಡಿ
12244	-11.661635	thukkal
12245	-11.661768	ல்லை
12246	-11.662042	▁ബാ
12247	-11.662059	مه
12248	-11.662385	nico
12249	-11.662614	のは
12250	-11.662651	▁stopping
12251	-11.662770	эр
12252	-11.662775	మైన
12253	-11.662999	▁ಹುಟ್ಟ
12254	-11.663047	▁jury
12255	-11.663080	▁ఎవడ
12256	-11.663132	▁кил
12257	-11.663144	▁खोल
12258	-11.663423	زي
12259	-11.664317	▁wipe
12260	-11.664886	▁rally
12261	-11.664921	بو
12262	-11.665069	▁facilitate
12263	-11.665069	▁recognise
12264	-11.665069	▁surrounding
12265	-11.665069	▁ಸುಳ್ಳು
12266	-11.665071	▁medicare
12267	-11.665071	▁duplicate
12268	-11.665099	🏃‍♀️
12269	-11.665166	就是
12270	-11.665230	▁ಇವಳ
12271	-11.665364	▁entina
12272	-11.665387	▁ಪಕ್ಷ
12273	-11.665416	▁studio
12274	-11.665432	varude
12275	-11.665535	▁esht
12276	-11.665580	flex
12277	-11.665689	▁छु
12278	-11.665725	án
12279	-11.665811	שי
12280	-11.665933	▁associate
12281	-11.666241	▁mentality
12282	-11.666455	▁foul
12283	-11.666949	▁bisi
12284	-11.666988	▁वोट
12285	-11.667341	وه
12286	-11.667638	▁bagaa
12287	-11.668372	border
12288	-11.668549	league
12289	-11.668927	­
12290	-11.668941	学
12291	-11.668944	▁ukrainian
12292	-11.668944	▁मादरचोद
12293	-11.668952	⃣
12294	-11.668978	భర్తల
12295	-11.669006	▁bosnia
12296	-11.669086	▁versus
12297	-11.669099	▁placing
12298	-11.669108	▁ప్రతి
12299	-11.669159	▁vivaaha
12300	-11.669318	▁ആരും
12301	-11.669506	▁ದೇವರು
12302	-11.669565	▁lion
12303	-11.669916	▁fame
12304	-11.669940	▁proportion
12305	-11.670545	▁ولا
12306	-11.670559	▁serbian
12307	-11.671065	▁plis
12308	-11.671173	umbol
12309	-11.671358	ographic
12310	-11.671497	மையா
12311	-11.672056	thaanu
12312	-11.672283	ров
12313	-11.672835	▁prosecutor
12314	-11.672835	▁कमेंट
12315	-11.672835	▁ಪೋಸ್ಟ್
12316	-11.672835	▁അലവലാതി
12317	-11.672836	▁വലിയ
12318	-11.672907	▁വിളിക്ക
12319	-11.673004	▁ಇಲ್ವಾ
12320	-11.673139	▁defence
12321	-11.673198	▁ಆಗಿದೆ
12322	-11.673357	▁breach
12323	-11.673453	▁அடைய
12324	-11.673531	▁الج
12325	-11.673559	▁rewritten
12326	-11.673717	それ
12327	-11.673930	ഷൻ
12328	-11.674148	▁சார்
12329	-11.674310	च्च
12330	-11.674599	▁boring
12331	-11.675080	▁initially
12332	-11.675087	▁exploit
12333	-11.675142	▁உயிர
12334	-11.675173	▁പുറ
12335	-11.675265	ుతా
12336	-11.675647	▁ಏನೋ
12337	-11.675917	▁sullu
12338	-11.676237	arkal
12339	-11.676252	▁ಬೇಗ
12340	-11.676538	▁karyam
12341	-11.676718	special
12342	-11.676733	主
12343	-11.676738	タ
12344	-11.676740	▁பாடல்
12345	-11.676742	incompetence
12346	-11.676742	▁పేరు
12347	-11.676742	🥱
12348	-11.676743	▁attached
12349	-11.676768	▁laeek
12350	-11.676779	▁ನರ
12351	-11.676865	ಯಾಗಿ
12352	-11.676875	▁ದುಡ್ಡು
12353	-11.676886	▁seattle
12354	-11.676991	▁aarun
12355	-11.677228	▁jihad
12356	-11.677378	▁pengal
12357	-11.677390	▁அவங்க
12358	-11.677866	▁duddu
12359	-11.677965	▁brian
12360	-11.678001	▁ಎನ್
12361	-11.678370	lbr
12362	-11.678825	ಕರು
12363	-11.678960	▁mavane
12364	-11.678976	▁protesters
12365	-11.678978	тво
12366	-11.679029	▁madar
12367	-11.679175	▁subsequent
12368	-11.679621	ుకునే
12369	-11.679631	▁babu
12370	-11.680210	vasth
12371	-11.680245	ripp
12372	-11.680586	▁naice
12373	-11.680647	😞
12374	-11.680662	理
12375	-11.680663	▁delusional
12376	-11.680663	▁fascism
12377	-11.680663	▁honolulu
12378	-11.680663	▁हत्या
12379	-11.680663	▁எதிர்
12380	-11.680664	▁obscure
12381	-11.680664	▁sensible
12382	-11.680665	▁pleasure
12383	-11.680682	😋
12384	-11.680719	▁electronic
12385	-11.680785	▁visual
12386	-11.680833	▁ఇంత
12387	-11.680834	▁maadodu
12388	-11.680857	▁ಇತರ
12389	-11.680868	▁manatil
12390	-11.681014	ulous
12391	-11.681172	ovandalovand
12392	-11.681850	سب
12393	-11.682007	▁lunch
12394	-11.682021	consistency
12395	-11.682042	▁fictional
12396	-11.682258	righteous
12397	-11.683226	▁ತಪ್ಪ
12398	-11.684598	感
12399	-11.684601	ः
12400	-11.684601	▁implication
12401	-11.684603	▁athlete
12402	-11.684603	▁naachike
12403	-11.684626	▁நண்ப
12404	-11.684699	▁ഇതൊക്കെ
12405	-11.684889	▁ஆனால்
12406	-11.684938	▁ivva
12407	-11.685020	▁करोड़
12408	-11.685104	▁dinner
12409	-11.685202	ገባ
12410	-11.685340	▁بس
12411	-11.686259	це
12412	-11.686285	▁kaanum
12413	-11.686668	▁pannittu
12414	-11.686742	கிற
12415	-11.686760	▁ಪ್ರತಿ
12416	-11.686844	או
12417	-11.686850	▁madtira
12418	-11.687121	▁kantu
12419	-11.687693	▁जाना
12420	-11.687927	▁kabhie
12421	-11.688099	▁vazhi
12422	-11.688227	егез
12423	-11.688303	▁तोड़
12424	-11.688549	無
12425	-11.688553	▁ಕಮೆಂಟ್
12426	-11.688554	▁tragedy
12427	-11.688554	▁वजह
12428	-11.688557	▁ಕಾರಣ
12429	-11.688561	▁incentive
12430	-11.688565	▁attributed
12431	-11.688578	▁relating
12432	-11.688583	▁भूल
12433	-11.688584	▁exceed
12434	-11.688586	🙃
12435	-11.688668	ಬಾರದು
12436	-11.688734	▁எதுக்கு
12437	-11.688797	🔸
12438	-11.689202	ರಿಂದ
12439	-11.689320	grün
12440	-11.689690	▁ആക്കി
12441	-11.689925	кә
12442	-11.689993	▁பிடிக்க
12443	-11.690103	▁aanenn
12444	-11.690176	▁stree
12445	-11.690427	▁कमा
12446	-11.690634	▁lowest
12447	-11.691083	ന്ദ
12448	-11.691359	▁guest
12449	-11.691481	▁വിട
12450	-11.691857	िश
12451	-11.692081	▁అను
12452	-11.692513	ഠ
12453	-11.692521	▁deplorable
12454	-11.692521	▁facilities
12455	-11.692521	▁maximum
12456	-11.692521	▁ricchione
12457	-11.692521	▁viidiyoe
12458	-11.692521	▁வீட்டு
12459	-11.692521	▁ಅನ್ಸುತ್ತೆ
12460	-11.692522	▁judging
12461	-11.692522	▁తెలియ
12462	-11.692524	▁wisdom
12463	-11.692528	▁sweep
12464	-11.692533	▁explore
12465	-11.692544	▁default
12466	-11.692575	👁️
12467	-11.692579	▁nammude
12468	-11.692670	▁കൊല്ലണം
12469	-11.692676	uttidda
12470	-11.692938	▁ಹೊರ
12471	-11.693036	гән
12472	-11.693349	ట్లు
12473	-11.694036	▁profession
12474	-11.694341	▁roof
12475	-11.694670	த்தம்
12476	-11.695137	நி
12477	-11.695271	സ്സ
12478	-11.695394	▁gadda
12479	-11.695497	▁sunni
12480	-11.696506	▁मंत्री
12481	-11.696506	▁முடியாது
12482	-11.696507	▁enlighten
12483	-11.696509	▁refusing
12484	-11.696513	▁गरीब
12485	-11.696535	▁കൊള്ളാം
12486	-11.696593	▁தெரியும்
12487	-11.696597	تم
12488	-11.696689	ɴ
12489	-11.696881	▁expertise
12490	-11.697059	▁இல்லையா
12491	-11.697073	▁instant
12492	-11.697175	▁इसके
12493	-11.697499	▁replaceable
12494	-11.697559	editor
12495	-11.697767	▁అనే
12496	-11.697795	▁mush
12497	-11.698251	▁hammer
12498	-11.698257	▁முண்ட
12499	-11.698744	▁antifa
12500	-11.698863	חי
12501	-11.699572	▁ಆಗಲ್ಲ
12502	-11.699832	கெட்ட
12503	-11.700018	▁virgin
12504	-11.700251	▁लाल
12505	-11.700449	▁తప్పు
12506	-11.700463	▁font
12507	-11.700488	🤙
12508	-11.700501	じ
12509	-11.700502	チ
12510	-11.700504	😹
12511	-11.700505	▁discipline
12512	-11.700505	▁saturday
12513	-11.700505	▁yourselves
12514	-11.700505	▁उन्हें
12515	-11.700505	▁அருமையான
12516	-11.700505	▁ಮೊದ್ಲು
12517	-11.700516	▁പേടി
12518	-11.700549	▁deemed
12519	-11.700625	▁servant
12520	-11.701059	ría
12521	-11.701074	رك
12522	-11.701557	▁കണ്ട്
12523	-11.701762	▁adhere
12524	-11.702166	ять
12525	-11.702249	▁ಸತ್ತ
12526	-11.702350	▁rising
12527	-11.702533	ಚೆ
12528	-11.702536	ukuni
12529	-11.702639	▁sarkaara
12530	-11.702678	പോലെ
12531	-11.703085	ಕ್ಸ್
12532	-11.703356	▁permanently
12533	-11.703404	▁flaw
12534	-11.703609	▁mé
12535	-11.704437	🍫
12536	-11.704515	用
12537	-11.704521	▁redundant
12538	-11.704521	▁पूरे
12539	-11.704521	▁मैडम
12540	-11.704521	▁நடிப்பு
12541	-11.704529	▁reducing
12542	-11.704539	▁సార్
12543	-11.704566	ತ್ತೆ
12544	-11.704569	▁பயலே
12545	-11.704723	▁але
12546	-11.704728	▁ippudu
12547	-11.704783	▁proposing
12548	-11.704898	▁taayi
12549	-11.704971	▁प्रति
12550	-11.705288	▁ಮಾಡಬೇಕು
12551	-11.705434	በረ
12552	-11.705753	green
12553	-11.705770	▁typo
12554	-11.705905	▁pardon
12555	-11.706189	▁corona
12556	-11.706496	▁poala
12557	-11.707013	படுத்த
12558	-11.707353	బా
12559	-11.707546	▁கட
12560	-11.707646	кар
12561	-11.708551	吗
12562	-11.708551	过
12563	-11.708554	▁routine
12564	-11.708562	▁lesbian
12565	-11.708562	▁प्लीज
12566	-11.708653	▁scripture
12567	-11.708694	▁திரை
12568	-11.708776	▁ansutte
12569	-11.708879	demonstrated
12570	-11.708959	▁blm
12571	-11.709502	ין
12572	-11.709973	▁பேர
12573	-11.710385	▁yadav
12574	-11.710981	▁इसे
12575	-11.711016	யின்
12576	-11.711231	▁నాన్న
12577	-11.711577	avaagi
12578	-11.712201	galuku
12579	-11.712454	ಿರೋದು
12580	-11.712599	和
12581	-11.712603	▁unbiased
12582	-11.712603	🐖
12583	-11.712608	▁शेर
12584	-11.712610	▁wwii
12585	-11.712612	▁swear
12586	-11.712650	▁segment
12587	-11.712696	nevertheless
12588	-11.712703	▁retail
12589	-11.712704	▁bogus
12590	-11.712852	▁properties
12591	-11.712878	▁bowl
12592	-11.713022	▁चाहे
12593	-11.713189	▁persist
12594	-11.713278	ஆ
12595	-11.713367	▁തന്ത
12596	-11.713870	▁hinduu
12597	-11.714148	▁लेना
12598	-11.714158	▁खुल
12599	-11.714622	▁kalikkan
12600	-11.714835	▁outrageous
12601	-11.714974	▁disappoint
12602	-11.715322	▁theater
12603	-11.715909	▁ചെയ്തു
12604	-11.716538	க்காக
12605	-11.716587	▁ಜನ್ಮ
12606	-11.716667	कश्मीर
12607	-11.716667	▁वालों
12608	-11.716859	▁rabbi
12609	-11.716978	mmunications
12610	-11.717063	▁fack
12611	-11.717111	▁ಇದೇ
12612	-11.717165	▁പെണ്ണ്
12613	-11.717226	▁sharp
12614	-11.717306	▁குட்டி
12615	-11.717371	▁ಕೊಡ್
12616	-11.717428	పోతా
12617	-11.717466	complete
12618	-11.717557	▁sneha
12619	-11.717565	കളുടെ
12620	-11.718179	▁strictly
12621	-11.718417	▁janata
12622	-11.718736	▁banner
12623	-11.718955	▁ಕಟ್
12624	-11.719008	▁ಎಲ್ಲಿ
12625	-11.719068	▁premise
12626	-11.719110	ukuntu
12627	-11.719175	జ్జ
12628	-11.719832	kkunnath
12629	-11.719941	יר
12630	-11.720039	▁aagall
12631	-11.720591	▁అవు
12632	-11.720652	లకి
12633	-11.720725	▁അത്ര
12634	-11.720747	という
12635	-11.720748	ロ
12636	-11.720749	▁affirm
12637	-11.720749	▁discredit
12638	-11.720749	▁medicaid
12639	-11.720749	▁बेशर्म
12640	-11.720749	▁ಹೊಟ್ಟೆ
12641	-11.720751	▁referencing
12642	-11.720752	▁mueller
12643	-11.720759	▁genius
12644	-11.720768	▁merging
12645	-11.720776	▁जल्द
12646	-11.720779	▁filter
12647	-11.720813	▁చంప
12648	-11.720873	▁typing
12649	-11.720876	▁படத்தை
12650	-11.720877	▁ಬೆಳೆ
12651	-11.720960	▁choosing
12652	-11.720993	▁clinic
12653	-11.721077	subst
12654	-11.721149	▁karanan
12655	-11.721568	▁paksh
12656	-11.721809	▁पाकिस्तानी
12657	-11.721964	▁manushyan
12658	-11.722123	avasa
12659	-11.722219	▁போற
12660	-11.722355	▁flash
12661	-11.722622	اط
12662	-11.723374	חו
12663	-11.723471	▁veediyoo
12664	-11.723510	▁arabic
12665	-11.723563	ಂಪ
12666	-11.723722	▁padatha
12667	-11.723979	ದ್ಧ
12668	-11.724347	▁lagh
12669	-11.724848	pportunities
12670	-11.724848	▁incredible
12671	-11.724848	▁negotiate
12672	-11.724848	▁दूसरे
12673	-11.724848	▁அறிவு
12674	-11.724848	▁ఆంటీ
12675	-11.724849	▁unusual
12676	-11.724853	▁மனித
12677	-11.724865	▁continually
12678	-11.724865	▁хоч
12679	-11.724869	💘💘
12680	-11.724901	▁prosper
12681	-11.725085	▁వస్తా
12682	-11.725100	▁presume
12683	-11.725141	▁shopping
12684	-11.725220	▁selective
12685	-11.726133	▁logging
12686	-11.726180	▁trivia
12687	-11.726838	synth
12688	-11.727844	▁കൊന്ന
12689	-11.728492	ыгыз
12690	-11.728963	▁scholarship
12691	-11.728963	▁வேண்டாம்
12692	-11.728964	ጃ
12693	-11.728976	▁likewise
12694	-11.729012	▁dvd
12695	-11.729028	▁అయితే
12696	-11.729066	പ്പെട്ട
12697	-11.729098	▁emerge
12698	-11.729200	صل
12699	-11.729353	▁आहे
12700	-11.729365	▁коли
12701	-11.729394	ayalun
12702	-11.729752	▁flame
12703	-11.729776	▁देती
12704	-11.730096	▁വില
12705	-11.730103	▁thoroughly
12706	-11.730189	adinda
12707	-11.730353	▁disney
12708	-11.730360	▁കേട്ട
12709	-11.730968	▁mentor
12710	-11.731098	▁ಸಾಕು
12711	-11.731515	ங்களுக்கு
12712	-11.731853	ного
12713	-11.732055	member
12714	-11.732272	▁ಹೇಳು
12715	-11.732397	▁pazha
12716	-11.732840	▁vunna
12717	-11.733078	🤮
12718	-11.733095	▁negotiation
12719	-11.733095	▁ആയിരിക്കും
12720	-11.733095	▁ജീവിത
12721	-11.733115	▁squad
12722	-11.733134	ುವುದಿಲ್ಲ
12723	-11.733210	▁ముండా
12724	-11.733400	▁monday
12725	-11.733654	tunnav
12726	-11.733784	▁dictate
12727	-11.733958	▁chamber
12728	-11.734380	writing
12729	-11.734529	مل
12730	-11.734884	▁flop
12731	-11.735458	▁இப்போ
12732	-11.735648	▁apartment
12733	-11.735922	വർക്ക്
12734	-11.735994	▁bump
12735	-11.736435	music
12736	-11.736968	በር
12737	-11.737233	ኑ
12738	-11.737245	embarrassing
12739	-11.737245	ʀ
12740	-11.737245	▁instrument
12741	-11.737245	▁olympic
12742	-11.737245	▁सकती
12743	-11.737245	▁നമ്മൾ
12744	-11.737247	▁hebrew
12745	-11.737324	▁जवान
12746	-11.737370	▁scotland
12747	-11.737522	▁हरामी
12748	-11.737544	▁fiery
12749	-11.737843	delete
12750	-11.738314	▁countless
12751	-11.738471	civilization
12752	-11.738514	നോട്
12753	-11.738745	quote
12754	-11.739035	john
12755	-11.739058	ಿದ್ದೀರ
12756	-11.740092	▁நம
12757	-11.741306	▁kunn
12758	-11.741405	反
12759	-11.741410	▁vashikaran
12760	-11.741412	▁collusion
12761	-11.741412	法
12762	-11.741425	.☎️
12763	-11.741447	▁emissions
12764	-11.741494	▁చెత్త
12765	-11.741531	▁ಆಮೇಲೆ
12766	-11.741564	▁ಲೈಕ್
12767	-11.741570	☺️
12768	-11.741597	च्छ
12769	-11.741610	▁persistent
12770	-11.741759	▁juneau
12771	-11.742190	▁trading
12772	-11.742286	గొ
12773	-11.742297	▁electro
12774	-11.742442	▁தீ
12775	-11.742708	▁gente
12776	-11.743525	ний
12777	-11.743530	israel
12778	-11.743655	▁commitment
12779	-11.743823	▁sumne
12780	-11.745595	̄
12781	-11.745596	ᴅ
12782	-11.745597	▁ಚಿತ್ರ
12783	-11.745597	▁ഇറങ്ങി
12784	-11.745603	🥴🥴
12785	-11.745650	▁rescue
12786	-11.745737	▁தம்பி
12787	-11.745873	▁nadippu
12788	-11.746059	وع
12789	-11.746519	▁priya
12790	-11.746716	దేశ
12791	-11.747237	قا
12792	-11.747397	שו
12793	-11.748291	▁ಕಿತ್ತ
12794	-11.748949	▁കെട്ടി
12795	-11.749381	▁kaalam
12796	-11.749781	🥴
12797	-11.749797	ጡ
12798	-11.749797	▁embrace
12799	-11.749798	ዮ
12800	-11.749798	▁creature
12801	-11.749800	▁చూపించ
12802	-11.749801	▁moderator
12803	-11.749811	▁chronic
12804	-11.749894	▁ഉണ്ടാക്ക
12805	-11.750093	▁laaw
12806	-11.750227	▁invalid
12807	-11.750253	しい
12808	-11.750316	▁ஊர்
12809	-11.750761	▁የማ
12810	-11.751035	▁hamare
12811	-11.751291	லோ
12812	-11.751598	english
12813	-11.751618	support
12814	-11.751742	കൊണ്ട്
12815	-11.751903	الي
12816	-11.752599	ಡ್ಡಿ
12817	-11.752801	ларны
12818	-11.752872	ിരിക്കുന്ന
12819	-11.753315	▁achievement
12820	-11.753706	▁politic
12821	-11.753873	സാ
12822	-11.754016	▁fulfill
12823	-11.754016	▁कहीं
12824	-11.754016	▁ಆದ್ರೂ
12825	-11.754016	▁സപ്പോർട്ട്
12826	-11.754016	🍬
12827	-11.754032	▁രക്ഷ
12828	-11.754083	▁wildlife
12829	-11.754134	▁పోస్ట్
12830	-11.754166	▁ఇప్పుడు
12831	-11.754194	▁weasel
12832	-11.754359	▁precedent
12833	-11.754556	▁பேர்
12834	-11.754564	▁harrass
12835	-11.754819	▁emotion
12836	-11.754927	▁laughable
12837	-11.755062	▁сп
12838	-11.755171	▁exclusively
12839	-11.755208	▁kollaam
12840	-11.755260	▁graphic
12841	-11.755313	▁clock
12842	-11.755856	െടുത്ത
12843	-11.756110	mouth
12844	-11.756883	ಂಜ
12845	-11.757808	rü
12846	-11.758095	🤦‍♂
12847	-11.758246	▁raju
12848	-11.758253	▁पसंद
12849	-11.758253	▁ರಾಜಕೀಯ
12850	-11.758255	▁mechanism
12851	-11.758257	▁బతుకు
12852	-11.758261	▁krishna
12853	-11.758262	▁sweden
12854	-11.758268	▁tolerance
12855	-11.758558	▁turks
12856	-11.758711	ththiya
12857	-11.758792	▁provision
12858	-11.758912	▁ಪಕ್ಕ
12859	-11.759186	▁paisa
12860	-11.759320	▁amongst
12861	-11.760031	▁эш
12862	-11.760057	▁ስለ
12863	-11.760201	▁discrimina
12864	-11.760235	ண்ட்
12865	-11.760292	category
12866	-11.760669	interest
12867	-11.760796	्रि
12868	-11.760892	▁ನಮ
12869	-11.761016	▁snap
12870	-11.761163	akshi
12871	-11.761539	plain
12872	-11.761605	▁raksh
12873	-11.761818	▁kontu
12874	-11.762508	▁fantastic
12875	-11.762508	▁greetings
12876	-11.762509	ቲ
12877	-11.762510	▁penalty
12878	-11.762515	▁immature
12879	-11.762541	▁assembly
12880	-11.762573	▁batuku
12881	-11.762691	▁resistance
12882	-11.762724	▁bagunna
12883	-11.762865	▁concert
12884	-11.762913	▁edward
12885	-11.763194	▁refute
12886	-11.763347	▁darling
12887	-11.763606	▁dawn
12888	-11.763811	issue
12889	-11.763825	▁wound
12890	-11.764034	▁charity
12891	-11.765337	وك
12892	-11.765505	▁phul
12893	-11.765705	👌🏻
12894	-11.765747	だよ
12895	-11.766781	🥵
12896	-11.766782	時
12897	-11.766783	▁kennedy
12898	-11.766783	▁virtue
12899	-11.766783	▁மோகன்
12900	-11.766783	▁വെറുതെ
12901	-11.766850	▁boston
12902	-11.766885	▁बाहर
12903	-11.766940	▁उनकी
12904	-11.766955	▁ideological
12905	-11.766970	▁cuando
12906	-11.767330	vyapara
12907	-11.767415	▁ಬಿಸಿ
12908	-11.767447	യ്ക്ക്
12909	-11.767485	▁വരും
12910	-11.768134	▁सह
12911	-11.768615	ణ్
12912	-11.769025	▁mainland
12913	-11.769338	ння
12914	-11.769789	▁serbia
12915	-11.769825	▁epic
12916	-11.769840	وز
12917	-11.769992	झा
12918	-11.771056	👊
12919	-11.771073	ጁ
12920	-11.771074	▁congrats
12921	-11.771074	▁contempt
12922	-11.771074	▁परिवार
12923	-11.771075	▁invitation
12924	-11.771080	▁taiwan
12925	-11.771092	▁monument
12926	-11.771093	▁absence
12927	-11.771103	▁summarize
12928	-11.771151	▁bsdk
12929	-11.771263	▁బాధ
12930	-11.771270	▁रूप
12931	-11.771351	▁చేసే
12932	-11.771418	స్తూ
12933	-11.771436	不是
12934	-11.771637	▁வாங்கி
12935	-11.771793	▁drum
12936	-11.772619	▁rakha
12937	-11.773252	നായി
12938	-11.773627	▁കട്ട
12939	-11.773661	аны
12940	-11.773828	▁കാണിച്ച
12941	-11.773844	▁അപ്പോ
12942	-11.773858	▁बीच
12943	-11.775189	rá
12944	-11.775306	▁हिन्द
12945	-11.775374	🌄
12946	-11.775384	contemporary
12947	-11.775384	▁alavalati
12948	-11.775384	▁इतने
12949	-11.775388	°
12950	-11.775388	▁manifest
12951	-11.775393	▁cartoon
12952	-11.775393	▁kahbi
12953	-11.775403	▁பிறந்த
12954	-11.775404	▁കഴിയ
12955	-11.775421	ырга
12956	-11.775679	▁എന്നിട്ട്
12957	-11.775689	▁വെച്ച്
12958	-11.776299	▁kudumba
12959	-11.776812	ందుకు
12960	-11.777049	▁chestunna
12961	-11.777808	ಕೊಳ್ಳಿ
12962	-11.778023	முறை
12963	-11.779177	▁ಸಾಯಿ
12964	-11.779466	▁മോൻ
12965	-11.779651	शु
12966	-11.779714	▁murkowski
12967	-11.779714	▁replacing
12968	-11.779714	▁வெற்றியடைய
12969	-11.779714	▁బాబు
12970	-11.779801	▁dhanush
12971	-11.779838	▁ಎಲ್ಲರೂ
12972	-11.779874	▁hostile
12973	-11.779916	🎻
12974	-11.779926	🍓
12975	-11.780319	▁എന്തോ
12976	-11.780320	▁ಇವಾಗ
12977	-11.780444	▁போயி
12978	-11.780665	▁bannon
12979	-11.780708	▁qualificati
12980	-11.781380	▁disgust
12981	-11.782206	اش
12982	-11.782325	increasingly
12983	-11.782555	ഭി
12984	-11.782572	ಳ್ಳಿ
12985	-11.782611	▁aatma
12986	-11.782846	weight
12987	-11.783589	▁இதை
12988	-11.783985	त्व
12989	-11.784060	▁गद्दार
12990	-11.784061	mainpagebg
12991	-11.784061	प्रधानमंत्री
12992	-11.784061	▁privacy
12993	-11.784063	▁oxford
12994	-11.784071	▁addiction
12995	-11.784097	▁ఎవరి
12996	-11.784104	▁വിളിച്ച
12997	-11.784128	▁ಸೂಳೆಮಗನೇ
12998	-11.784202	▁తొ
12999	-11.784408	▁adapt
13000	-11.784431	▁ಕುಡಿ
13001	-11.784457	▁cooperation
13002	-11.784969	avanige
13003	-11.784985	▁கொண்டு
13004	-11.785050	▁depict
13005	-11.785441	கூட
13006	-11.785460	ಕೊಳ
13007	-11.785499	ብር
13008	-11.785777	ன்னி
13009	-11.785835	▁expose
13010	-11.785912	▁variation
13011	-11.785999	▁realistic
13012	-11.786428	▁இவன்
13013	-11.786788	▁yellaa
13014	-11.786888	ഒ
13015	-11.786906	ఆ
13016	-11.786976	رح
13017	-11.787214	كا
13018	-11.787216	▁ಕಂಡ
13019	-11.787424	▁ಭಯ
13020	-11.787604	warring
13021	-11.787746	ற்ப
13022	-11.787842	▁അടിക്ക
13023	-11.788241	unblock
13024	-11.788425	定
13025	-11.788428	▁notrhbys
13026	-11.788429	▁దగ్గర
13027	-11.788442	▁pwoli
13028	-11.788482	▁dodoan
13029	-11.788506	▁കുറച്ചു
13030	-11.788549	▁leani
13031	-11.788562	💙💙
13032	-11.788563	▁convey
13033	-11.788612	▁kangres
13034	-11.789149	▁resent
13035	-11.789364	▁transition
13036	-11.789399	▁ಅದರ
13037	-11.789415	щи
13038	-11.790111	▁huttida
13039	-11.790691	್ತೀಯ
13040	-11.790749	▁roger
13041	-11.790871	▁яз
13042	-11.791285	ಮೇಲೆ
13043	-11.791285	▁పెట్టు
13044	-11.792802	▁शिव
13045	-11.792809	作
13046	-11.792814	mbarrassment
13047	-11.792814	outhbanof
13048	-11.792815	▁ಶಾಂತಿ
13049	-11.792823	▁derived
13050	-11.792828	▁victoria
13051	-11.792832	▁courtesy
13052	-11.792841	▁prosecute
13053	-11.792890	▁ಹೌದ
13054	-11.792972	kommen
13055	-11.793004	▁dropping
13056	-11.793044	▁உலக
13057	-11.793054	▁പേര്
13058	-11.793060	▁அழகான
13059	-11.793309	▁തൊ
13060	-11.794017	▁popularity
13061	-11.794369	है
13062	-11.794801	tt‌
13063	-11.794993	▁ಹಾಕ್
13064	-11.795112	▁olleya
13065	-11.795224	arinda
13066	-11.796075	▁кара
13067	-11.796399	▁खो
13068	-11.796448	sorry
13069	-11.796500	▁weigh
13070	-11.797136	▁എനിക്ക
13071	-11.797219	һ
13072	-11.797220	▁bathroom
13073	-11.797224	bury
13074	-11.797225	compensation
13075	-11.797235	▁menschen
13076	-11.797236	▁minimal
13077	-11.797246	🙏🏻🙏🏻
13078	-11.797251	ስት
13079	-11.797266	▁नजर
13080	-11.797290	▁பெற்ற
13081	-11.797294	▁mosque
13082	-11.797336	▁जाएगी
13083	-11.797383	▁modified
13084	-11.797383	▁ఎలాంటి
13085	-11.797447	▁பண்ணிட்டு
13086	-11.797482	▁monarch
13087	-11.797586	▁swamy
13088	-11.797836	▁yeshtu
13089	-11.798066	stupid
13090	-11.798512	▁franc
13091	-11.798802	וב
13092	-11.799114	▁எது
13093	-11.799816	▁lobbyist
13094	-11.800268	▁ஆண்
13095	-11.801106	termination
13096	-11.801644	▁linguistic
13097	-11.801646	▁sociopath
13098	-11.801848	▁patience
13099	-11.801874	кого
13100	-11.801984	▁തള്ളേ
13101	-11.802334	▁soldier
13102	-11.802524	▁செய்த
13103	-11.802630	▁barutte
13104	-11.802648	▁prashn
13105	-11.803221	▁തോ
13106	-11.803487	rebbe
13107	-11.803844	▁bread
13108	-11.804164	ುತ್ತಿರ
13109	-11.804259	ፈል
13110	-11.804700	מא
13111	-11.805309	▁aussi
13112	-11.805417	insert
13113	-11.805660	▁korona
13114	-11.805759	confirmation
13115	-11.806086	メ
13116	-11.806088	ሜ
13117	-11.806088	▁திரைப்படம்
13118	-11.806088	▁వివాహ
13119	-11.806088	🤦‍♂🤦‍♂🤦‍♂
13120	-11.806089	▁destructive
13121	-11.806089	▁sullivan
13122	-11.806090	▁होंगे
13123	-11.806092	▁malicious
13124	-11.806094	😫
13125	-11.806121	▁ఇక్కడ
13126	-11.806130	▁తెలుసు
13127	-11.806152	▁jealous
13128	-11.806156	▁राज्य
13129	-11.806199	▁accordance
13130	-11.806242	▁अभि
13131	-11.806252	▁ஏன்டா
13132	-11.806626	hahahahahaha
13133	-11.806991	гыз
13134	-11.807038	▁advertise
13135	-11.807613	▁romania
13136	-11.807928	▁selection
13137	-11.808581	science
13138	-11.809993	షా
13139	-11.810553	azerbaijan
13140	-11.810553	▁ಬುದ್ದಿ
13141	-11.810554	▁राधे
13142	-11.810572	▁kadime
13143	-11.810594	▁scumbag
13144	-11.810618	▁identical
13145	-11.810618	▁просто
13146	-11.810721	▁బయట
13147	-11.810836	▁protestant
13148	-11.810926	isabeku
13149	-11.811242	correct
13150	-11.811575	▁ለመ
13151	-11.811682	▁patron
13152	-11.811728	▁करेगा
13153	-11.811903	▁ಬಾಯಿ
13154	-11.812387	جم
13155	-11.812900	▁തോന്നുന്നു
13156	-11.812962	▁ಇರುವ
13157	-11.813067	▁பார்த்த
13158	-11.813555	▁там
13159	-11.814113	course
13160	-11.815015	⭐
13161	-11.815028	🤝
13162	-11.815037	▁altogether
13163	-11.815037	▁facility
13164	-11.815037	▁licensing
13165	-11.815037	▁जैसा
13166	-11.815037	▁అసలు
13167	-11.815037	😲
13168	-11.815039	▁surgery
13169	-11.815040	▁stadium
13170	-11.815062	عرف
13171	-11.815097	▁тебе
13172	-11.815136	▁puede
13173	-11.815287	▁kollanam
13174	-11.815335	▁azhagaana
13175	-11.815347	▁లాగా
13176	-11.815473	▁mcc
13177	-11.815662	▁descent
13178	-11.815825	تا
13179	-11.816243	▁പോസ്റ്റ
13180	-11.816841	▁ಇಂದ
13181	-11.817731	ശു
13182	-11.817885	▁yavud
13183	-11.818245	രാജ
13184	-11.818667	▁educa
13185	-11.818971	▁நாள்
13186	-11.818995	▁இனிய
13187	-11.819379	👌👌👍👍
13188	-11.819537	▁வாழ்த்து
13189	-11.819541	▁സ്ത്രീ
13190	-11.819542	▁columbia
13191	-11.819542	▁substitute
13192	-11.819542	▁बांग्लादेश
13193	-11.819542	▁డాన్స్
13194	-11.819548	biographical
13195	-11.819618	▁చేస్తే
13196	-11.819688	ంటా
13197	-11.819873	▁ஒன்னு
13198	-11.819876	▁communism
13199	-11.820595	▁लेते
13200	-11.820711	▁kittiya
13201	-11.820777	▁maatta
13202	-11.820842	▁malay
13203	-11.820870	iddaare
13204	-11.821139	▁alarm
13205	-11.821532	▁बेच
13206	-11.822269	फो
13207	-11.822644	ಿದ್ದರೆ
13208	-11.822773	▁ஆடு
13209	-11.823137	አንድ
13210	-11.823216	ിപ്പിച്ച
13211	-11.823240	▁عا
13212	-11.823290	▁ഇതിന
13213	-11.823611	little
13214	-11.823782	▁சமுதாய
13215	-11.823894	ుకున్న
13216	-11.824063	❗
13217	-11.824066	▁कितनी
13218	-11.824066	▁மூதேவி
13219	-11.824068	ዶ
13220	-11.824069	▁matthew
13221	-11.824120	▁prophet
13222	-11.824146	rigoo
13223	-11.824196	▁ഞങ്ങൾ
13224	-11.824284	kutunba
13225	-11.824667	جل
13226	-11.824736	▁puppetry
13227	-11.825188	▁പരി
13228	-11.825212	▁അവളെ
13229	-11.825421	▁appointment
13230	-11.826348	▁sarkaar
13231	-11.826352	ында
13232	-11.827783	▁rotto
13233	-11.827800	▁కోర
13234	-11.828103	▁chuppar
13235	-11.828192	published
13236	-11.828397	▁ಗೊತ್ತಾಗ
13237	-11.828500	▁हराम
13238	-11.828612	▁analogy
13239	-11.828613	▁compound
13240	-11.828639	▁समाज
13241	-11.828728	▁ಮಗು
13242	-11.828763	▁coordinate
13243	-11.828802	▁അല്ലാതെ
13244	-11.829174	▁railway
13245	-11.829283	▁competent
13246	-11.829388	▁தப்பு
13247	-11.829412	▁ഇന്ന്
13248	-11.829473	▁bulgarian
13249	-11.830622	▁misuse
13250	-11.830860	ntertainment
13251	-11.831228	▁കാണുന്ന
13252	-11.831680	▁mammo
13253	-11.832045	▁nurse
13254	-11.832244	ிருந்த
13255	-11.832889	ஒ
13256	-11.832897	author
13257	-11.833178	▁slaughter
13258	-11.833179	▁கொஞ்சம்
13259	-11.833179	▁twenty
13260	-11.833179	▁ఛీ
13261	-11.833180	▁jersey
13262	-11.833182	▁उत्तर
13263	-11.833190	▁smear
13264	-11.833202	▁cousin
13265	-11.833215	▁smack
13266	-11.833267	▁nickname
13267	-11.833346	▁sapport
13268	-11.833521	▁የአ
13269	-11.833875	шә
13270	-11.834163	▁cookie
13271	-11.834195	▁इसका
13272	-11.834595	▁అందరి
13273	-11.834598	▁contentious
13274	-11.834644	▁முக
13275	-11.834902	чно
13276	-11.835286	▁दूर
13277	-11.835655	▁பாட்டு
13278	-11.835771	▁കെട്ട
13279	-11.836314	வனுக்கு
13280	-11.836335	ൻറെ
13281	-11.836608	றாங்க
13282	-11.836770	▁thorough
13283	-11.837291	ቶች
13284	-11.837668	ज्ञ
13285	-11.837765	回
13286	-11.837766	ఘ
13287	-11.837766	ᴍ
13288	-11.837766	▁studied
13289	-11.837766	🤐
13290	-11.837803	▁மிகவும்
13291	-11.837841	✍️
13292	-11.837867	💥💥
13293	-11.837880	▁colonial
13294	-11.837897	▁pervert
13295	-11.837945	▁மாவட்டம்
13296	-11.837955	👦
13297	-11.837969	▁उसको
13298	-11.837970	▁conformance
13299	-11.838056	▁ತಮ್ಮ
13300	-11.838156	▁അണ്ടി
13301	-11.838189	విద్య
13302	-11.838214	▁புடிச்ச
13303	-11.838275	▁chellam
13304	-11.838563	కండి
13305	-11.839025	▁దాన
13306	-11.839043	ದವರು
13307	-11.839312	▁pongal
13308	-11.839984	ತಾನೆ
13309	-11.840356	ದಿಯಾ
13310	-11.840633	▁ಕಳ್ಳ
13311	-11.841174	▁ഉണ്ടായ
13312	-11.841198	▁മൈ
13313	-11.842016	acknowledged
13314	-11.842159	கொள்
13315	-11.842319	ஸ
13316	-11.842362	所
13317	-11.842367	手
13318	-11.842368	hanibal
13319	-11.842374	ኣ
13320	-11.842374	▁sympathy
13321	-11.842374	▁द्वारा
13322	-11.842375	気
13323	-11.842378	▁irrational
13324	-11.842383	🍫🍫
13325	-11.842384	▁cloud
13326	-11.842403	▁ಗಾಂಡು
13327	-11.842431	ப்போம்
13328	-11.842434	💓💓
13329	-11.842473	🚶🚶
13330	-11.842583	▁clever
13331	-11.842728	▁ഇപ്പോൾ
13332	-11.842853	▁kamant
13333	-11.842981	▁इसकी
13334	-11.843134	▁vanththu
13335	-11.843553	▁तीन
13336	-11.844364	▁oopar
13337	-11.845111	zioni
13338	-11.845278	▁ഇവനെ
13339	-11.845363	ల్లా
13340	-11.845834	▁oblig
13341	-11.846042	स्थ
13342	-11.846222	written
13343	-11.846407	෴
13344	-11.846496	treat
13345	-11.846521	▁இட
13346	-11.846958	じゃ
13347	-11.846970	🌴
13348	-11.847003	▁inferior
13349	-11.847003	▁testimony
13350	-11.847003	▁स्कूल
13351	-11.847003	▁ஓகே
13352	-11.847004	▁impressed
13353	-11.847005	▁సుల్లి
13354	-11.847006	▁viideo
13355	-11.847019	▁ጋር
13356	-11.847159	▁spamming
13357	-11.847173	😔😔
13358	-11.847203	ಸ್ಥ
13359	-11.847215	▁കേട്ടോ
13360	-11.847405	▁vocal
13361	-11.847965	🌹🌹👌👌
13362	-11.848100	▁ಬಂದಿ
13363	-11.848405	▁municipal
13364	-11.848413	▁उसी
13365	-11.848860	▁accord
13366	-11.848935	disappointed
13367	-11.848938	▁வெரி
13368	-11.848964	girl
13369	-11.849119	▁వల్ల
13370	-11.849262	▁ilanti
13371	-11.849314	▁kunti
13372	-11.850383	▁exclusive
13373	-11.850462	▁ഡാ
13374	-11.850556	▁बारे
13375	-11.850968	いい
13376	-11.851050	▁modify
13377	-11.851356	watch
13378	-11.851641	፡
13379	-11.851654	▁மற்றும்
13380	-11.851655	▁sethupathi
13381	-11.851662	▁marxist
13382	-11.851724	▁wreck
13383	-11.851724	▁для
13384	-11.851745	``
13385	-11.851796	▁ratio
13386	-11.851889	language
13387	-11.852317	▁ఏంది
13388	-11.852374	▁whale
13389	-11.852633	▁कई
13390	-11.852758	▁initiate
13391	-11.853872	philosoph
13392	-11.854555	ിട്ടില്ല
13393	-11.855459	▁rupay
13394	-11.855812	▁(~~)
13395	-11.856327	▁guidance
13396	-11.856327	▁physician
13397	-11.856327	▁पूर्व
13398	-11.856327	▁हमारा
13399	-11.856327	▁பள்ளி
13400	-11.856327	▁மெண்டல்
13401	-11.856327	▁నన్ను
13402	-11.856327	▁ಮರ್ಯಾದೆ
13403	-11.856327	▁സ്റ്റോറി
13404	-11.856329	▁recession
13405	-11.856329	安
13406	-11.856330	▁decrease
13407	-11.856332	▁చాట్
13408	-11.856333	▁ഇഷ്ട്ട
13409	-11.856334	፡፡
13410	-11.856342	▁vyakti
13411	-11.856450	▁smug
13412	-11.856462	▁maryade
13413	-11.856487	▁arjun
13414	-11.856498	▁ಬರುತ್ತೆ
13415	-11.856565	▁snake
13416	-11.856646	{
13417	-11.856787	मारी
13418	-11.856861	▁ಮಾಡಿದ್ರೆ
13419	-11.857037	ዎ
13420	-11.857448	▁रखा
13421	-11.857549	▁philip
13422	-11.858169	▁verute
13423	-11.859033	morph
13424	-11.859670	dictatorship
13425	-11.861022	▁academy
13426	-11.861022	▁veggietales
13427	-11.861022	▁இரண்டு
13428	-11.861023	ጦ
13429	-11.861023	▁apologise
13430	-11.861023	▁terminology
13431	-11.861024	▁component
13432	-11.861025	కపోతే
13433	-11.861238	▁tribal
13434	-11.861323	▁bottle
13435	-11.861334	▁пре
13436	-11.861608	▁virginia
13437	-11.861751	uvudilla
13438	-11.861768	▁inept
13439	-11.862679	кән
13440	-11.862900	▁የሚያ
13441	-11.863630	به
13442	-11.865146	ucci
13443	-11.865509	▁mongol
13444	-11.865734	高
13445	-11.865738	ω
13446	-11.865738	👻
13447	-11.865739	▁competitive
13448	-11.865739	▁philippines
13449	-11.865739	▁इज्जत
13450	-11.865745	▁incapable
13451	-11.865754	▁parallel
13452	-11.865757	franchise
13453	-11.865921	▁discourse
13454	-11.866195	▁programme
13455	-11.866523	citation
13456	-11.866685	▁పుట్ట
13457	-11.866779	ചേട്ട
13458	-11.866837	▁ഇട്ട്
13459	-11.866896	द्र
13460	-11.867018	ಿಸುವ
13461	-11.867121	ദാ
13462	-11.867661	announcement
13463	-11.868724	▁rocket
13464	-11.868901	▁characteriz
13465	-11.869555	جي
13466	-11.869791	▁பாப்பா
13467	-11.870192	പെട
13468	-11.870239	מש
13469	-11.870474	很
13470	-11.870479	ncyclopaedia
13471	-11.870479	▁imbecile
13472	-11.870479	▁ministry
13473	-11.870479	▁எத்தனை
13474	-11.870479	▁പക്ഷെ
13475	-11.870490	︎
13476	-11.870522	▁oversight
13477	-11.870543	▁verithanam
13478	-11.870547	▁residential
13479	-11.870584	▁alliance
13480	-11.870596	✌️
13481	-11.870607	▁ಅಪ್ಪು
13482	-11.870637	▁outlets
13483	-11.870787	▁hendati
13484	-11.870826	▁wieder
13485	-11.871070	▁personnel
13486	-11.871134	▁ಕೊಟ್ಟು
13487	-11.871192	▁சொன்னா
13488	-11.871710	discriminate
13489	-11.871853	▁undermine
13490	-11.871995	టో
13491	-11.872184	▁ചങ്ക
13492	-11.872749	चोद
13493	-11.873750	▁blast
13494	-11.873869	бер
13495	-11.874307	▁ड्र
13496	-11.875237	种
13497	-11.875240	ኪ
13498	-11.875240	▁ambassador
13499	-11.875240	▁despicable
13500	-11.875241	▁alexander
13501	-11.875245	▁ብቻ
13502	-11.875251	▁പഠിക്ക
13503	-11.875252	ष्ट
13504	-11.875259	▁prevail
13505	-11.875266	▁amateur
13506	-11.875271	▁honour
13507	-11.875762	spacing
13508	-11.875929	رم
13509	-11.875973	▁garib
13510	-11.876018	▁என்னடா
13511	-11.877633	▁மாட்டா
13512	-11.877753	sión
13513	-11.877892	incidentally
13514	-11.878944	▁చేసిన
13515	-11.879786	▁നടക്കുന്ന
13516	-11.879944	existent
13517	-11.880021	ジ
13518	-11.880022	テ
13519	-11.880024	明
13520	-11.880025	▁attribution
13521	-11.880025	▁declaration
13522	-11.880025	▁wrestling
13523	-11.880025	▁ആണെന്ന്
13524	-11.880025	▁አሁን
13525	-11.880026	ዩ
13526	-11.880036	☹️☹️
13527	-11.880038	▁proxy
13528	-11.880048	▁copyvio
13529	-11.880062	なく
13530	-11.880097	▁पैसा
13531	-11.880144	▁മാറി
13532	-11.880357	▁నమ్మ
13533	-11.880508	▁నిజంగా
13534	-11.880819	puppet
13535	-11.881173	▁തന്ന
13536	-11.881192	కుంటే
13537	-11.881207	▁ಅವನು
13538	-11.881509	stub
13539	-11.881585	ೊಂದ
13540	-11.881785	▁हां
13541	-11.881850	ద్ది
13542	-11.881905	▁சின்ன
13543	-11.882342	▁scrap
13544	-11.882622	▁ముండ
13545	-11.883877	лган
13546	-11.883878	dvertisement
13547	-11.884675	▁சொல்லுங்க
13548	-11.884710	▁ரசிக
13549	-11.884762	ന്മാര
13550	-11.884832	▁artificial
13551	-11.884832	▁industries
13552	-11.884832	▁गयी
13553	-11.884832	▁ಸುಮ್ನೆ
13554	-11.884833	▁ಹೆಂಡತಿ
13555	-11.884835	ʜ
13556	-11.884835	▁hominem
13557	-11.884836	▁montreal
13558	-11.884845	▁люблю
13559	-11.884860	▁seperate
13560	-11.884901	▁చేసుకో
13561	-11.884967	▁henry
13562	-11.884979	‿
13563	-11.885056	▁petition
13564	-11.885092	▁laiph
13565	-11.885207	▁వేసి
13566	-11.885247	▁household
13567	-11.885870	▁salmon
13568	-11.886395	faith
13569	-11.886468	ിരിക്ക
13570	-11.886747	natural
13571	-11.887383	ുണ്ടോ
13572	-11.887861	tamizh
13573	-11.889462	ിക്കുക
13574	-11.889663	🔱
13575	-11.889664	unbelievable
13576	-11.889664	▁coincidence
13577	-11.889664	▁extension
13578	-11.889664	▁statistical
13579	-11.889664	▁syndrome
13580	-11.889664	▁पीछे
13581	-11.889664	▁మధ్య
13582	-11.889664	▁ಮುಚ್ಕೊಂಡು
13583	-11.889664	▁ರಾಜ್ಯ
13584	-11.889665	▁शुरू
13585	-11.889666	▁judaism
13586	-11.889666	▁wilson
13587	-11.889668	▁செருப்பால
13588	-11.889681	▁retrieve
13589	-11.889684	▁тө
13590	-11.889699	👠
13591	-11.889748	▁girlfriend
13592	-11.889862	▁പോടാ
13593	-11.889905	▁பெண்கள்
13594	-11.889940	▁ಸುಳೆ
13595	-11.890172	▁biological
13596	-11.890203	▁लौ
13597	-11.890420	றான்
13598	-11.891063	▁questo
13599	-11.893285	▁grip
13600	-11.894076	▁ಆಟ
13601	-11.894512	然
13602	-11.894517	点
13603	-11.894518	▁territories
13604	-11.894518	▁पहुंच
13605	-11.894518	▁மவனே
13606	-11.894519	🔪
13607	-11.894526	▁bhaarata
13608	-11.894533	▁shannon
13609	-11.894535	▁payalae
13610	-11.894550	▁शुभ
13611	-11.894555	▁cpc
13612	-11.894567	▁अंदर
13613	-11.894587	▁சும்மா
13614	-11.894593	▁buried
13615	-11.894606	▁chennaagi
13616	-11.894640	▁jagah
13617	-11.894681	▁പൂറി
13618	-11.894758	▁பழ
13619	-11.894763	▁shankar
13620	-11.894858	▁उसका
13621	-11.894965	▁molest
13622	-11.895575	▁സൂ
13623	-11.896759	▁ಮೋಸ
13624	-11.897600	▁shameful
13625	-11.899283	லுக்கு
13626	-11.899385	😓
13627	-11.899387	力
13628	-11.899395	实
13629	-11.899396	incorporated
13630	-11.899396	▁suspicious
13631	-11.899396	▁ಆಯ್ತು
13632	-11.899396	▁ಕಡಿಮೆ
13633	-11.899397	▁depression
13634	-11.899397	▁entitlement
13635	-11.899400	✊
13636	-11.899404	unreasonable
13637	-11.899406	▁overseas
13638	-11.899414	▁дип
13639	-11.899414	▁வைத்து
13640	-11.899417	être
13641	-11.899464	▁deutschland
13642	-11.899486	▁fanatic
13643	-11.899540	▁roughly
13644	-11.899554	▁tongue
13645	-11.899611	ാനുള്ള
13646	-11.899652	▁profound
13647	-11.899703	▁சமுதாயம்
13648	-11.899740	▁ഇപ്പോ
13649	-11.899796	ుకున్నా
13650	-11.900148	indefinitely
13651	-11.900201	ತೀರಾ
13652	-11.900243	▁adminship
13653	-11.900955	original
13654	-11.901003	יא
13655	-11.901038	significant
13656	-11.901690	👌👍
13657	-11.901697	▁юк
13658	-11.902287	▁бит
13659	-11.902834	▁phast
13660	-11.904298	¡
13661	-11.904298	ዕ
13662	-11.904298	▁encouraging
13663	-11.904298	▁lincoln
13664	-11.904298	▁பொண்டாட்டி
13665	-11.904299	▁ancestry
13666	-11.904299	▁improper
13667	-11.904301	▁evolve
13668	-11.904303	▁infinite
13669	-11.904311	▁breast
13670	-11.904322	▁horror
13671	-11.904345	▁विश्व
13672	-11.904372	▁पैसे
13673	-11.904414	▁ఉన్నావ్
13674	-11.904416	▁தானே
13675	-11.904425	▁vandalising
13676	-11.904473	▁compliance
13677	-11.904512	▁suspend
13678	-11.904581	▁surname
13679	-11.904836	▁роз
13680	-11.904841	▁പ്രതി
13681	-11.905107	▁என்ற
13682	-11.905355	▁daddy
13683	-11.906104	current
13684	-11.906180	italic
13685	-11.906753	general
13686	-11.907000	control
13687	-11.907096	ుకుని
13688	-11.907478	▁prediction
13689	-11.908329	です
13690	-11.908370	▁രണ്ടു
13691	-11.908380	▁നമ്മള
13692	-11.908600	сыз
13693	-11.908669	▁പെൺകുട്ടി
13694	-11.909023	▁extract
13695	-11.909225	▁blockbuster
13696	-11.909225	▁throat
13697	-11.909225	▁நைஸ்
13698	-11.909225	▁ಸಿಸ್ಟರ್
13699	-11.909233	☺️☺️
13700	-11.909234	▁revelation
13701	-11.909246	▁ఎదవ
13702	-11.909258	👟
13703	-11.909283	▁lanje
13704	-11.909348	ாதீங்க
13705	-11.909494	👧
13706	-11.909559	ವರನ್ನು
13707	-11.909564	▁बाकी
13708	-11.909600	▁dengutha
13709	-11.909639	▁ಮಾಡ್ತಾರೆ
13710	-11.910356	sysop
13711	-11.910606	ക്കാർ
13712	-11.911171	president
13713	-11.911756	പെട്ട
13714	-11.911804	كي
13715	-11.911864	▁ജീവിക്ക
13716	-11.913268	▁sulemag
13717	-11.913289	ков
13718	-11.914174	ף
13719	-11.914174	፤
13720	-11.914174	▁ಕಾಂಗ್ರೆಸ್
13721	-11.914174	🤦‍♂️🤦‍♂️🤦‍♂️
13722	-11.914175	▁simpson
13723	-11.914175	▁समलैंगिक
13724	-11.914179	▁reliability
13725	-11.914182	今
13726	-11.914186	▁refresh
13727	-11.914186	🤨🤨
13728	-11.914189	▁hamaari
13729	-11.914193	▁untrue
13730	-11.914199	politik
13731	-11.914200	▁ነበር
13732	-11.914203	▁injury
13733	-11.914261	▁ilaanti
13734	-11.914289	▁grid
13735	-11.914300	▁hodibeku
13736	-11.914389	▁unaware
13737	-11.914448	aarogya
13738	-11.914616	▁salaries
13739	-11.914693	▁അവരെ
13740	-11.915102	architecture
13741	-11.915273	ுவோம்
13742	-11.915502	reliable
13743	-11.915921	▁crush
13744	-11.916285	పెళ్లి
13745	-11.917013	♥️♥️
13746	-11.917871	▁paiyan
13747	-11.917871	▁അടിച്ച
13748	-11.918756	pathological
13749	-11.919149	▁bracket
13750	-11.919149	▁enormous
13751	-11.919149	▁तुम्हारा
13752	-11.919150	▁సెక్స్
13753	-11.919150	▁ഇന്ത്യ
13754	-11.919152	▁തിരിച്ചു
13755	-11.919154	▁வாழ்க்கை
13756	-11.919180	💔💔
13757	-11.919186	▁அன்பு
13758	-11.919232	▁दर्द
13759	-11.919296	▁dissent
13760	-11.919466	▁അവനെ
13761	-11.919518	▁సొ
13762	-11.919745	▁ತನ್ನ
13763	-11.919989	historically
13764	-11.919991	▁பார்த்தா
13765	-11.921382	partisan
13766	-11.921397	vertical
13767	-11.921398	consensus
13768	-11.921404	{{
13769	-11.921853	occasionally
13770	-11.921946	▁शाह
13771	-11.921985	ందే
13772	-11.922498	successfully
13773	-11.922521	narcissistic
13774	-11.924118	ளும்
13775	-11.924145	视
13776	-11.924149	入
13777	-11.924150	querdenker
13778	-11.924150	ఛ
13779	-11.924150	▁erroneous
13780	-11.924150	▁qualifies
13781	-11.924150	▁विरोध
13782	-11.924157	▁мені
13783	-11.924167	▁ഉറപ്പ
13784	-11.924199	▁nominee
13785	-11.924204	एंगे
13786	-11.924264	▁carrier
13787	-11.924492	ಲೈ
13788	-11.924730	▁dependent
13789	-11.924879	▁superstar
13790	-11.925152	▁thonni
13791	-11.925638	▁ಯಾರ್
13792	-11.925657	ോണ്ട്
13793	-11.927504	▁kaalai
13794	-11.929013	ളുടെ
13795	-11.929168	持
13796	-11.929174	▁arbitrary
13797	-11.929174	▁inevitable
13798	-11.929174	▁madarachod
13799	-11.929174	▁ப்ரண்ட்ஸ்
13800	-11.929174	▁ఉంటుంది
13801	-11.929177	▁idiocy
13802	-11.929178	▁shikshe
13803	-11.929185	▁replies
13804	-11.929187	▁injured
13805	-11.929195	😛😛
13806	-11.929216	▁ಪ್ರಾಣ
13807	-11.929224	👄
13808	-11.929247	▁updating
13809	-11.929481	🌀
13810	-11.929670	▁prants
13811	-11.931196	▁neuro
13812	-11.931692	▁ಮುಂದ
13813	-11.932104	▁interfere
13814	-11.932744	▁चुप
13815	-11.933944	▁வந்தா
13816	-11.934217	小
13817	-11.934225	ı
13818	-11.934225	▁arumaiyaana
13819	-11.934225	▁neglect
13820	-11.934225	▁phenomenon
13821	-11.934225	▁transparent
13822	-11.934225	▁निचली
13823	-11.934225	▁ಶೇರ್
13824	-11.934227	▁kosovo
13825	-11.934231	▁नीचे
13826	-11.934257	▁goodbye
13827	-11.934260	▁kaaryam
13828	-11.934490	▁plural
13829	-11.934539	▁मुसलमानों
13830	-11.934541	▁ಹಾಗೂ
13831	-11.934584	سلام
13832	-11.934684	▁ಅವ್ನ
13833	-11.934735	▁ಇರೋದು
13834	-11.935336	xeno
13835	-11.935409	ഞങ്ങളെ
13836	-11.936568	akshan
13837	-11.937587	▁ಮುಚ್ಚ
13838	-11.938455	స్తున్న
13839	-11.939295	体
13840	-11.939301	ዙ
13841	-11.939301	ዬ
13842	-11.939301	▁basketball
13843	-11.939301	▁concrete
13844	-11.939301	▁frustration
13845	-11.939301	▁lyrics
13846	-11.939301	▁referendum
13847	-11.939301	☝
13848	-11.939305	😚😚
13849	-11.939309	uthoritarian
13850	-11.939330	▁kurachu
13851	-11.939341	centric
13852	-11.939364	▁बिहार
13853	-11.939519	accomplished
13854	-11.939554	▁జై
13855	-11.939627	▁provoca
13856	-11.939636	▁kalikkaan
13857	-11.939793	▁visitors
13858	-11.940061	ಗಿಂತ
13859	-11.940723	▁khel
13860	-11.941019	▁veediyo
13861	-11.941099	▁painful
13862	-11.941305	കളും
13863	-11.941363	▁பேசி
13864	-11.942071	reason
13865	-11.942183	british
13866	-11.942863	വരുടെ
13867	-11.943506	கிறோம்
13868	-11.943615	▁लिखा
13869	-11.944398	只
13870	-11.944404	ኦነግ
13871	-11.944404	▁spectrum
13872	-11.944404	▁खूबसूरत
13873	-11.944404	▁ആയിരുന്നു
13874	-11.944404	▁ഒരുപാട്
13875	-11.944404	▁ചെയ്യാമോ
13876	-11.944405	▁database
13877	-11.944406	▁బ్రో
13878	-11.944409	▁relief
13879	-11.944419	▁uluppu
13880	-11.944432	▁mierda
13881	-11.944545	▁teeth
13882	-11.944798	बंध
13883	-11.944874	▁package
13884	-11.945121	▁illaiyaa
13885	-11.945132	ிடம்
13886	-11.945744	▁harmful
13887	-11.946358	▁dragon
13888	-11.946696	▁automatic
13889	-11.947441	catholic
13890	-11.949199	▁ಚಿನ್ನ
13891	-11.949532	▁festival
13892	-11.949532	▁ತುಣ್ಣೆ
13893	-11.949532	▁കഴപ്പ്
13894	-11.949533	▁requiring
13895	-11.949536	▁diminish
13896	-11.949576	▁moodevi
13897	-11.949641	ന്മാർ
13898	-11.949651	▁אתה
13899	-11.949698	▁ನಮಗೆ
13900	-11.949811	▁മൈര്
13901	-11.950008	この
13902	-11.950485	▁neighbour
13903	-11.950844	▁തിന്ന
13904	-11.950870	invent
13905	-11.951124	▁दुख
13906	-11.951359	▁үз
13907	-11.952425	ስተ
13908	-11.952735	should
13909	-11.954684	天
13910	-11.954686	njaakodakaa
13911	-11.954686	▁frustrated
13912	-11.954686	▁ludicrous
13913	-11.954686	▁मामले
13914	-11.954686	▁గురించి
13915	-11.954686	😶
13916	-11.954689	▁खराब
13917	-11.954700	😐😐
13918	-11.954733	▁घुस
13919	-11.954747	▁ബാക്കി
13920	-11.955188	▁discount
13921	-11.955950	▁ಸೇರಿ
13922	-11.957017	▁authentic
13923	-11.957244	present
13924	-11.957309	▁insure
13925	-11.958090	ప్రేమ
13926	-11.958222	▁wtc
13927	-11.958300	جا
13928	-11.958542	▁chesuko
13929	-11.958596	ದೇಶ
13930	-11.958602	▁precise
13931	-11.958614	▁sudden
13932	-11.959867	rresponsible
13933	-11.959867	ِ
13934	-11.959867	▁evangelical
13935	-11.959867	▁morneau
13936	-11.959867	▁түгел
13937	-11.959867	▁ఇష్టం
13938	-11.959876	▁beauty
13939	-11.959883	✌️✌️
13940	-11.959893	▁matalab
13941	-11.959935	▁announce
13942	-11.959983	▁እንዳ
13943	-11.960007	غير
13944	-11.960145	▁ദു
13945	-11.960158	▁በአ
13946	-11.960217	ിംഗ്
13947	-11.960262	▁பையா
13948	-11.960376	▁புன்ட
13949	-11.960537	crystal
13950	-11.960537	▁ബെ
13951	-11.960573	▁इससे
13952	-11.960649	лый
13953	-11.960733	▁ಬೈ
13954	-11.960887	▁ದೇಶದಲ್ಲಿ
13955	-11.961208	▁comuni
13956	-11.962233	▁பன்ன
13957	-11.963062	▁bhaarya
13958	-11.963331	▁ஊரு
13959	-11.963757	▁ಸಿಗಲಿ
13960	-11.963760	▁somali
13961	-11.964450	▁ഏത്
13962	-11.965019	▁खिलाफ
13963	-11.965071	ド
13964	-11.965075	ミ
13965	-11.965076	▁elaborate
13966	-11.965076	▁même
13967	-11.965077	▁ఎక్కువ
13968	-11.965079	▁डांस
13969	-11.965080	▁दूध
13970	-11.965081	▁ಚಾಟ್
13971	-11.965086	▁scratch
13972	-11.965088	▁jordan
13973	-11.965103	▁generous
13974	-11.965110	ఆర్థిక
13975	-11.965113	▁यूपी
13976	-11.965141	▁país
13977	-11.965150	த்திற்கு
13978	-11.965163	▁seemingly
13979	-11.965167	▁aboriginal
13980	-11.965169	▁suburb
13981	-11.965302	▁subsection
13982	-11.965837	▁ardham
13983	-11.966021	ontroversial
13984	-11.967130	だろ
13985	-11.967546	▁deliberate
13986	-11.968478	▁అన్నా
13987	-11.968517	💜💜
13988	-11.968908	second
13989	-11.970311	registration
13990	-11.970311	ፉ
13991	-11.970311	▁strategic
13992	-11.970311	▁widespread
13993	-11.970311	▁राष्ट्रपति
13994	-11.970311	▁జగన్
13995	-11.970312	mathematical
13996	-11.970312	▁enterprise
13997	-11.970312	▁occupy
13998	-11.970315	🗡
13999	-11.970339	▁weezer
14000	-11.970353	▁అందరూ
14001	-11.970359	▁barack
14002	-11.970365	🇮🇳🇮🇳
14003	-11.970411	▁ಕೋಟಿ
14004	-11.970503	▁darwin
14005	-11.970541	▁मगर
14006	-11.970666	▁புள்ள
14007	-11.970756	▁चाहते
14008	-11.970842	▁உள்ளது
14009	-11.971162	▁snip
14010	-11.972021	▁narcissist
14011	-11.972666	interference
14012	-11.974557	▁convenient
14013	-11.975572	海
14014	-11.975574	💩
14015	-11.975574	ssassination
14016	-11.975574	ε
14017	-11.975574	▁pregnant
14018	-11.975575	▁जवाब
14019	-11.975576	🥾
14020	-11.975577	▁സുഖ
14021	-11.975578	▁caution
14022	-11.975578	▁clarity
14023	-11.975578	▁veandum
14024	-11.975584	▁suunni
14025	-11.975591	▁वेरी
14026	-11.975595	▁என்றால்
14027	-11.975626	▁unggala
14028	-11.975639	▁backwards
14029	-11.975734	▁dropdown
14030	-11.975822	▁നിൽക്ക
14031	-11.975970	▁nyaya
14032	-11.976841	▁isbn
14033	-11.978361	▁fond
14034	-11.979340	avarkal
14035	-11.980865	regulated
14036	-11.980865	ቂ
14037	-11.980865	▁judicial
14038	-11.980865	▁satellite
14039	-11.980865	▁व्यक्ति
14040	-11.980865	🍇
14041	-11.980866	样
14042	-11.980868	▁வேண்டிய
14043	-11.980869	▁harvard
14044	-11.980873	▁immoral
14045	-11.980888	▁snehi
14046	-11.980890	▁synonym
14047	-11.980924	▁gallery
14048	-11.980962	▁hijab
14049	-11.981723	▁tujh
14050	-11.981772	かな
14051	-11.985745	ഫി
14052	-11.986181	通
14053	-11.986185	▁consumption
14054	-11.986185	▁exhaust
14055	-11.986185	▁srrori
14056	-11.986185	▁yield
14057	-11.986185	▁బంగారం
14058	-11.986185	▁ತಗೊಂಡು
14059	-11.986185	▁ಮುಸ್ಲಿಂ
14060	-11.986185	少
14061	-11.986193	🎉🎉
14062	-11.986220	▁svalpa
14063	-11.986230	▁soccer
14064	-11.986323	▁bankruptcy
14065	-11.986458	▁parameter
14066	-11.986487	▁chappali
14067	-11.986567	▁vegas
14068	-11.986658	▁kurds
14069	-11.986930	▁பிடித்த
14070	-11.987616	partei
14071	-11.989100	ца
14072	-11.989249	చ్
14073	-11.990075	▁covid
14074	-11.991455	ም።
14075	-11.991532	▁breitbart
14076	-11.991532	▁ನೈಸ್
14077	-11.991538	▁miserable
14078	-11.991540	▁jetzt
14079	-11.991548	▁phrend
14080	-11.991548	💪💪
14081	-11.991557	▁rooju
14082	-11.991571	croatia
14083	-11.991600	🍄
14084	-11.991617	▁prospect
14085	-11.991666	▁तुम्हें
14086	-11.991709	▁लड़के
14087	-11.991720	▁plastic
14088	-11.991996	▁கிடைக்க
14089	-11.992065	▁ಕಚಡಾ
14090	-11.992104	▁aapkaa
14091	-11.992149	▁venue
14092	-11.992224	▁float
14093	-11.992602	▁compliment
14094	-11.992716	асы
14095	-11.992795	▁slope
14096	-11.993087	sychological
14097	-11.996283	racist
14098	-11.996804	▁നിനക്ക
14099	-11.996907	物
14100	-11.996907	🍆
14101	-11.996909	ፅ
14102	-11.996909	▁prostitute
14103	-11.996909	▁venezuela
14104	-11.996909	▁आंख
14105	-11.996909	▁थोड़ा
14106	-11.996909	▁ದಯವಿಟ್ಟು
14107	-11.996912	▁विडियो
14108	-11.996913	▁vaentum
14109	-11.996922	▁deciding
14110	-11.996922	😳😳
14111	-11.996927	💝💝
14112	-11.996931	▁oahu
14113	-11.996979	▁dignity
14114	-11.997352	▁bucket
14115	-11.998111	▁தவற
14116	-11.998996	▁confident
14117	-11.999255	▁pidich
14118	-11.999883	migrate
14119	-12.001253	מר
14120	-12.001488	పోయిన
14121	-12.002094	cream
14122	-12.002202	health
14123	-12.002213	▁ಊಟ
14124	-12.002310	😰
14125	-12.002311	心
14126	-12.002314	化
14127	-12.002315	pproximately
14128	-12.002315	▁recipient
14129	-12.002315	▁డబ్బు
14130	-12.002315	▁വീണ്ടും
14131	-12.002315	▁ውስጥ
14132	-12.002316	▁reception
14133	-12.002318	▁memories
14134	-12.002318	▁swalpa
14135	-12.002334	▁eagle
14136	-12.002347	▁crusade
14137	-12.002390	▁gibt
14138	-12.002410	▁wedding
14139	-12.002448	aarthika
14140	-12.002476	▁இல்லாத
14141	-12.002574	روح
14142	-12.004834	क्का
14143	-12.007492	▁அப்போ
14144	-12.007742	名
14145	-12.007742	西
14146	-12.007749	▁misguided
14147	-12.007749	▁आतंकवाद
14148	-12.007749	▁सुशांत
14149	-12.007749	▁ಚಪ್ಪಲಿ
14150	-12.007749	▁ഡാൻസ്
14151	-12.007750	▁monopoly
14152	-12.007751	ሕ
14153	-12.007751	▁sidewalk
14154	-12.007788	🏃🏃
14155	-12.007949	▁earnings
14156	-12.007971	ஜ்
14157	-12.007994	その
14158	-12.008324	▁बुरा
14159	-12.009005	▁pasanga
14160	-12.009279	▁ሁሉ
14161	-12.009301	kotutt
14162	-12.010390	▁అంటా
14163	-12.010855	▁blanc
14164	-12.012861	government
14165	-12.013183	▁бир
14166	-12.013206	话
14167	-12.013211	🎶
14168	-12.013212	話
14169	-12.013213	ι
14170	-12.013213	▁इस्लाम
14171	-12.013214	▁feminism
14172	-12.013214	▁pollution
14173	-12.013215	▁malayalam
14174	-12.013217	▁люди
14175	-12.013218	▁orientation
14176	-12.013218	▁unethical
14177	-12.013224	▁ಕೊಲೆ
14178	-12.013227	▁damaging
14179	-12.013578	vandal
14180	-12.013668	▁நடக்க
14181	-12.013716	▁drove
14182	-12.014250	▁ஐடி
14183	-12.014454	argent
14184	-12.015308	ከተ
14185	-12.015329	ായിരിക്കും
14186	-12.015534	これ
14187	-12.016882	▁sathyam
14188	-12.018511	perhaps
14189	-12.018706	🏾
14190	-12.018708	▁celebrity
14191	-12.018708	▁satisfied
14192	-12.018708	▁vulnerable
14193	-12.018708	▁అందుకే
14194	-12.018708	▁దేన్గుతా
14195	-12.018708	▁ಖುಷಿ
14196	-12.018708	▁ಸುದ್ದಿ
14197	-12.018708	🤥
14198	-12.018710	▁clothes
14199	-12.018712	▁केवल
14200	-12.018722	▁tayoli
14201	-12.018742	🎉
14202	-12.018768	ault
14203	-12.018785	▁പോടീ
14204	-12.018803	▁दूंगा
14205	-12.018804	▁entities
14206	-12.018818	▁revised
14207	-12.018851	▁generic
14208	-12.018953	▁അവരുടെ
14209	-12.018994	▁kitni
14210	-12.019199	▁spray
14211	-12.019362	▁जेल
14212	-12.019579	▁khila
14213	-12.019761	ಿಸಬೇಕು
14214	-12.020652	▁പിന്ന
14215	-12.021051	▁எடுத்த
14216	-12.021182	களும்
14217	-12.021529	investigated
14218	-12.022293	ില്ലല്ലോ
14219	-12.023172	ון
14220	-12.023880	▁pidikkan
14221	-12.024177	effective
14222	-12.024227	度
14223	-12.024229	自己
14224	-12.024233	ഘ
14225	-12.024233	▁adventure
14226	-12.024233	▁impartial
14227	-12.024233	▁ysjagan
14228	-12.024233	▁झूठ
14229	-12.024233	▁ಇದ್ದಾರೆ
14230	-12.024233	▁ഉളുപ്പ്
14231	-12.024233	▁നാണമില്ലേ
14232	-12.024237	▁bilkul
14233	-12.024239	▁pichhe
14234	-12.024243	▁आरोप
14235	-12.024255	▁सूअर
14236	-12.024314	🙋‍♂️
14237	-12.024385	ಮನಸ್ಸ
14238	-12.024834	▁daridr
14239	-12.026834	▁பாத்தா
14240	-12.028724	▁explicit
14241	-12.029782	シ
14242	-12.029786	合
14243	-12.029788	▁dynasty
14244	-12.029788	▁supremacy
14245	-12.029788	▁थोड़ी
14246	-12.029788	▁शिक्षा
14247	-12.029789	ronunciation
14248	-12.029789	▁wrestle
14249	-12.029789	▁రెండు
14250	-12.029790	▁symptom
14251	-12.029790	🌙
14252	-12.029800	▁pahele
14253	-12.029819	motherfucker
14254	-12.029821	▁అబ్బాయి
14255	-12.029837	▁வீர
14256	-12.029843	▁upcoming
14257	-12.029907	▁ఉండాలి
14258	-12.030078	▁ಇವ್ರ
14259	-12.030120	▁ഉമ്മ
14260	-12.030487	▁fortune
14261	-12.030520	specific
14262	-12.030990	عمل
14263	-12.031037	♥️♥️♥️
14264	-12.031321	uttaare
14265	-12.032290	respectfully
14266	-12.033724	だった
14267	-12.034723	▁кит
14268	-12.035209	▁എഴുത
14269	-12.035218	✌
14270	-12.035238	म्ब
14271	-12.035371	🍰
14272	-12.035375	circumcision
14273	-12.035375	constituents
14274	-12.035375	▁certificate
14275	-12.035375	▁currency
14276	-12.035375	▁elizabeth
14277	-12.035375	▁suspicion
14278	-12.035375	▁औकात
14279	-12.035375	▁लड़कियों
14280	-12.035375	▁ఇంట్లో
14281	-12.035375	▁మార్నింగ్
14282	-12.035375	▁ಪಾಕಿಸ್ತಾನ
14283	-12.035375	▁ശവം
14284	-12.035376	▁பாவம்
14285	-12.035377	ፀ
14286	-12.035377	ᴏ
14287	-12.035377	▁thrill
14288	-12.035378	▁producing
14289	-12.035378	▁injustice
14290	-12.035382	▁जन्म
14291	-12.035384	manipulation
14292	-12.035384	▁calculate
14293	-12.035390	ሆኑ
14294	-12.035447	▁കുഞ്ഞി
14295	-12.035489	▁aadhare
14296	-12.035502	▁pidikkaan
14297	-12.035587	▁niyaman
14298	-12.035645	▁വഴി
14299	-12.035706	▁repub
14300	-12.035775	▁புரிய
14301	-12.035836	▁వై
14302	-12.035892	▁accent
14303	-12.036128	▁continent
14304	-12.036411	▁சாப்பிட
14305	-12.038662	intentional
14306	-12.039033	▁interact
14307	-12.039549	▁తప్ప
14308	-12.039608	▁ஊம்பு
14309	-12.040982	═
14310	-12.040982	▁afghan
14311	-12.040989	起
14312	-12.040990	ム
14313	-12.040993	▁affiliation
14314	-12.040993	▁indicating
14315	-12.040993	▁sarcasm
14316	-12.040993	▁राहुल
14317	-12.040993	▁हिंदुस्तान
14318	-12.040993	▁ಕಾನೂನು
14319	-12.040993	▁കൂടുതൽ
14320	-12.040993	▁മക്കളെ
14321	-12.040994	శుభాకాంక్షలు
14322	-12.040994	▁divisive
14323	-12.040994	▁nonetheless
14324	-12.040994	▁ವಿಷಯ
14325	-12.040996	▁unfounded
14326	-12.040999	▁irunththu
14327	-12.040999	▁unstable
14328	-12.041005	▁implied
14329	-12.041007	▁orphaned
14330	-12.041019	▁punjab
14331	-12.041101	▁pharma
14332	-12.041144	▁കൊള്ള
14333	-12.041158	▁kansas
14334	-12.041265	▁therapy
14335	-12.041275	▁दिए
14336	-12.042186	▁வாழ
14337	-12.043722	▁prepare
14338	-12.044353	れば
14339	-12.044513	▁ಹೊಡೆದ
14340	-12.045747	▁ತಿಕ
14341	-12.046080	▁പോകുന്ന
14342	-12.046640	τ
14343	-12.046641	🐒
14344	-12.046642	पूर्ण
14345	-12.046642	▁grandfather
14346	-12.046642	▁memorial
14347	-12.046642	▁विकास
14348	-12.046642	▁அம்மு
14349	-12.046642	▁சூர்யா
14350	-12.046642	▁ಗೌರವ
14351	-12.046644	▁worries
14352	-12.046659	▁sacred
14353	-12.046662	▁pudaka
14354	-12.046677	▁renaming
14355	-12.046768	▁ആണല്ലോ
14356	-12.046839	▁पकड़
14357	-12.046954	▁kalej
14358	-12.047037	▁गये
14359	-12.047115	?!?!
14360	-12.047243	canadian
14361	-12.050008	фі
14362	-12.051511	▁ഉണ്ടാക
14363	-12.052088	▁boost
14364	-12.052140	▁क्यो
14365	-12.052322	間
14366	-12.052323	ʟ
14367	-12.052324	آ
14368	-12.052324	▁defensive
14369	-12.052324	▁नाइस
14370	-12.052324	▁அசிங்க
14371	-12.052324	▁పెడతా
14372	-12.052325	​
14373	-12.052326	▁critique
14374	-12.052327	▁swantham
14375	-12.052329	▁reckless
14376	-12.052330	▁ಚಿಕ್ಕ
14377	-12.052339	▁elitist
14378	-12.052341	▁czech
14379	-12.052355	uthoritative
14380	-12.052379	▁climb
14381	-12.052392	▁medium
14382	-12.052407	▁sneak
14383	-12.052488	▁ಚೆನ್ನಾಗಿದೆ
14384	-12.052547	▁ಹಾಳು
14385	-12.052642	▁fraction
14386	-12.052791	ለሁ
14387	-12.053150	రోజు
14388	-12.053161	deletion
14389	-12.054232	▁urapp
14390	-12.055296	ుతున్నారు
14391	-12.056395	▁athava
14392	-12.056474	▁കഴുത
14393	-12.057242	ందో
14394	-12.057586	▁చెయ్
14395	-12.058027	🥳
14396	-12.058032	非
14397	-12.058033	内
14398	-12.058034	代
14399	-12.058039	▁athletic
14400	-12.058039	▁ethiopia
14401	-12.058039	▁sacrament
14402	-12.058042	▁cheyyaamo
14403	-12.058043	▁reinstate
14404	-12.058052	▁enhance
14405	-12.058090	▁kharab
14406	-12.058110	▁dialog
14407	-12.058110	▁минем
14408	-12.058118	▁absent
14409	-12.058818	▁thookki
14410	-12.058846	▁dennis
14411	-12.060078	వద్దు
14412	-12.060877	▁misogynist
14413	-12.063180	▁ചെയ
14414	-12.063557	▁ಮೊದಲ
14415	-12.063602	▁கொள்ள
14416	-12.063750	✖
14417	-12.063786	▁advocating
14418	-12.063786	▁struggling
14419	-12.063786	▁మెంటల్
14420	-12.063786	▁ಬುದ್ಧಿ
14421	-12.063786	▁അങ്ങ്
14422	-12.063786	▁ദൈവ
14423	-12.063791	▁integrate
14424	-12.063794	▁irunththa
14425	-12.063803	prescription
14426	-12.064016	▁estimated
14427	-12.064467	▁தெரியாத
14428	-12.067727	blue
14429	-12.068217	▁வளர
14430	-12.068369	▁ಅವ್ವನ
14431	-12.069100	circ
14432	-12.069379	ഞ്ജ
14433	-12.069564	🕺
14434	-12.069565	♂
14435	-12.069567	▁credentials
14436	-12.069567	▁только
14437	-12.069567	▁అర్థం
14438	-12.069568	ጌ
14439	-12.069570	▁atlantic
14440	-12.069613	▁croatian
14441	-12.069620	🎊
14442	-12.069709	ешь
14443	-12.069722	▁ஒரே
14444	-12.069739	▁लिये
14445	-12.070104	▁rashtr
14446	-12.071148	▁allegation
14447	-12.072521	▁పుడక
14448	-12.072606	ುತ್ತಿದೆ
14449	-12.073459	▁போன்ற
14450	-12.073960	▁വീട്
14451	-12.074746	▁பன்னி
14452	-12.075373	フ
14453	-12.075378	里
14454	-12.075379	♀
14455	-12.075380	▁ചോദിച്ച
14456	-12.075381	▁browser
14457	-12.075381	▁emphasize
14458	-12.075416	😉😉
14459	-12.075437	🏃🏻‍♀️
14460	-12.075454	🌈
14461	-12.075461	▁aatmakke
14462	-12.075473	▁outdated
14463	-12.075500	▁ಮಾಡ್ತೀರಾ
14464	-12.075504	unreferenced
14465	-12.076814	కొడుకు
14466	-12.076846	▁అయ్యా
14467	-12.077079	▁टीम
14468	-12.078217	ಿರಬೇಕು
14469	-12.079671	▁దొర
14470	-12.080734	▁తిట్ట
14471	-12.081180	ಬಹು
14472	-12.081228	పోతుంది
14473	-12.081228	▁pedestrian
14474	-12.081228	▁residence
14475	-12.081228	▁societies
14476	-12.081228	▁दिमाग
14477	-12.081228	▁बिल्कुल
14478	-12.081228	▁ಆತ್ಮಕ್ಕೆ
14479	-12.081228	▁കരുതി
14480	-12.081229	▁boycott
14481	-12.081233	▁हजार
14482	-12.081244	▁chollunk
14483	-12.081258	▁restoring
14484	-12.081264	▁vaysi
14485	-12.081311	ிறார்கள்
14486	-12.081550	נים
14487	-12.082297	▁ganesh
14488	-12.082730	▁mayiru
14489	-12.082767	ቸ
14490	-12.083085	▁adhikar
14491	-12.083831	▁தெரியல
14492	-12.085709	اص
14493	-12.085960	سلم
14494	-12.086388	▁तरफ
14495	-12.086390	▁ఎందుక
14496	-12.087102	面
14497	-12.087105	対
14498	-12.087108	🤲
14499	-12.087110	▁केंद्र
14500	-12.087111	affiliated
14501	-12.087111	పోయింది
14502	-12.087111	ቴ
14503	-12.087111	▁comprehend
14504	-12.087111	▁exposure
14505	-12.087111	▁hypothesis
14506	-12.087111	▁ശെരി
14507	-12.087117	▁abraham
14508	-12.087122	▁ರಾಜಕಾರಣಿಗಳ
14509	-12.087130	▁nightmare
14510	-12.087140	▁essere
14511	-12.087151	▁invention
14512	-12.087163	じゃない
14513	-12.087201	▁जाएंगे
14514	-12.087239	▁ಹೊಡಿಬೇಕು
14515	-12.087243	▁larry
14516	-12.087249	▁operator
14517	-12.087266	▁മാനം
14518	-12.087305	▁merry
14519	-12.087640	▁tragic
14520	-12.087726	▁virodh
14521	-12.088030	▁తాగ
14522	-12.088906	progressive
14523	-12.089287	attack
14524	-12.093026	新
14525	-12.093027	ኞ
14526	-12.093028	▁ambiguous
14527	-12.093028	▁clergy
14528	-12.093028	▁horizon
14529	-12.093028	▁también
14530	-12.093028	▁चुटिया
14531	-12.093028	▁छोटी
14532	-12.093029	▁मुंह
14533	-12.093030	▁michigan
14534	-12.093032	▁zealand
14535	-12.093033	▁emperor
14536	-12.093033	▁houston
14537	-12.093034	▁ಕೆಲ್ಸ
14538	-12.093039	👊👊
14539	-12.093048	▁inquiry
14540	-12.093050	▁thirichu
14541	-12.093475	▁naked
14542	-12.094060	▁consume
14543	-12.094736	ுவாங்க
14544	-12.094780	▁ಟ್ರ
14545	-12.095014	ಈ
14546	-12.095548	▁தூக்கி
14547	-12.097882	▁செய்து
14548	-12.098783	▁వశీకరణ
14549	-12.098979	ず
14550	-12.098980	ሶ
14551	-12.098980	ኦ
14552	-12.098980	▁eligible
14553	-12.098980	▁survival
14554	-12.098980	▁tournament
14555	-12.098980	▁नफरत
14556	-12.098980	ほ
14557	-12.098980	🏃‍♀️🏃‍♀️🏃‍♀️
14558	-12.098981	చేస్తున్నారు
14559	-12.098981	ᴜ
14560	-12.098990	▁provoke
14561	-12.099006	▁അറിഞ്ഞ
14562	-12.099036	▁గాడిద
14563	-12.099049	▁கூடாது
14564	-12.099060	▁अलग
14565	-12.099062	▁naanamille
14566	-12.099067	▁coalition
14567	-12.099095	▁paraphrase
14568	-12.099102	santanan
14569	-12.099687	▁ಅನಿಸ
14570	-12.100435	▁ഷോ
14571	-12.102128	▁உங்களை
14572	-12.103699	▁frequent
14573	-12.104924	▁ತುಂಬ
14574	-12.104960	重
14575	-12.104964	太
14576	-12.104968	disingenuous
14577	-12.104968	▁फोटो
14578	-12.104968	▁राजनीति
14579	-12.104968	▁சிஸ்டர்
14580	-12.104968	▁மாபெரும்
14581	-12.104968	▁న్యూస్
14582	-12.104968	▁మాత్రం
14583	-12.104968	▁സന്തോഷ
14584	-12.104968	数
14585	-12.104969	▁biblical
14586	-12.104969	▁nowadays
14587	-12.104970	▁condescend
14588	-12.104970	▁swedish
14589	-12.104971	👋
14590	-12.104983	▁statute
14591	-12.105011	☠️
14592	-12.105018	▁cinima
14593	-12.105076	一个
14594	-12.107352	season
14595	-12.107557	▁ചത്ത
14596	-12.110754	▁సమస్య
14597	-12.110834	▁ಹೆಸರ
14598	-12.110905	ाइट
14599	-12.110986	動
14600	-12.110992	▁jerusalem
14601	-12.110992	▁proponent
14602	-12.110992	▁छोटे
14603	-12.110992	▁లంజోడుక
14604	-12.110992	▁సినిమా
14605	-12.110992	▁അഭിനയ
14606	-12.110992	▁കമ്മി
14607	-12.110996	▁thangachchi
14608	-12.110998	▁chhote
14609	-12.111007	▁avenue
14610	-12.111009	▁ഇതുപോലെ
14611	-12.111009	😕😕
14612	-12.111013	▁bosudi
14613	-12.111022	▁relax
14614	-12.111038	没有
14615	-12.111050	▁equate
14616	-12.111093	үзе
14617	-12.111097	▁వస్తుంది
14618	-12.111106	▁lewis
14619	-12.111107	▁santhosh
14620	-12.111107	▁వున్నా
14621	-12.111115	▁எங்களுக்கு
14622	-12.111326	ᴋ
14623	-12.112133	▁erumai
14624	-12.112173	▁ബ്ല
14625	-12.112974	್ತೀರಾ
14626	-12.114199	system
14627	-12.117053	ô
14628	-12.117053	▁atmosphere
14629	-12.117053	▁impressive
14630	-12.117053	▁microsoft
14631	-12.117053	▁prosecution
14632	-12.117053	▁temporarily
14633	-12.117053	▁तभी
14634	-12.117053	▁ముద్దు
14635	-12.117054	▁renewable
14636	-12.117058	▁piyaao
14637	-12.117065	▁outstanding
14638	-12.117087	▁assigned
14639	-12.117087	▁ನ್ಯಾಯ
14640	-12.117160	▁irunthu
14641	-12.117229	▁блять
14642	-12.117298	▁പറ്റിയ
14643	-12.117720	assembl
14644	-12.121885	▁പൊന്ന
14645	-12.122997	inconsistent
14646	-12.123006	actually
14647	-12.123151	ሥ
14648	-12.123151	▁ilaanty
14649	-12.123151	▁నైట్
14650	-12.123151	▁నోట్లో
14651	-12.123152	▁கிறுக்கு
14652	-12.123152	🙁🙁
14653	-12.123156	▁clothing
14654	-12.123176	▁నుండి
14655	-12.123179	▁imagination
14656	-12.123183	▁defining
14657	-12.123274	▁flagged
14658	-12.123300	▁revenge
14659	-12.123317	▁മാറ്റി
14660	-12.123345	▁resume
14661	-12.124025	predictable
14662	-12.125864	ானுங்க
14663	-12.126196	modification
14664	-12.127260	conventional
14665	-12.128011	ferenc
14666	-12.128615	▁күр
14667	-12.129279	金
14668	-12.129282	と思う
14669	-12.129285	👇
14670	-12.129286	ؤ
14671	-12.129286	▁wolves
14672	-12.129286	▁परेशान
14673	-12.129286	▁बदनाम
14674	-12.129287	▁ಆಂಟಿ
14675	-12.129288	▁boundaries
14676	-12.129289	▁shareholder
14677	-12.129290	▁paranoid
14678	-12.129292	▁concise
14679	-12.129293	▁татар
14680	-12.129304	▁hombre
14681	-12.129362	▁നടത്ത
14682	-12.129391	▁റോ
14683	-12.130491	▁substantiat
14684	-12.130878	▁бик
14685	-12.133162	commissioner
14686	-12.133668	▁ಕಳಿಸ
14687	-12.134191	▁अंध
14688	-12.135176	حكي
14689	-12.135395	🌳
14690	-12.135455	殺
14691	-12.135458	▁arguably
14692	-12.135458	▁portuguese
14693	-12.135458	▁तैयार
14694	-12.135458	▁సెక్సీ
14695	-12.135461	▁swallow
14696	-12.135472	▁bargain
14697	-12.135493	▁పుట్టిన
14698	-12.135501	▁ነገር
14699	-12.135503	▁hungarian
14700	-12.135695	▁கீழ
14701	-12.137116	▁nenap
14702	-12.138896	▁கஷ்ட
14703	-12.138975	crypt
14704	-12.139800	rukinga
14705	-12.141202	economically
14706	-12.141338	▁precede
14707	-12.141664	后
14708	-12.141665	プ
14709	-12.141669	plagiarism
14710	-12.141669	▁beneficial
14711	-12.141669	▁fascinating
14712	-12.141669	▁ध्यान
14713	-12.141669	▁எவ்வளவு
14714	-12.141669	▁தேவுடியா
14715	-12.141669	▁ಅಥವಾ
14716	-12.141670	▁clarified
14717	-12.141671	መንግስት
14718	-12.141671	▁comparable
14719	-12.141671	▁శివ
14720	-12.141684	▁connard
14721	-12.141702	▁பொம்பள
14722	-12.141710	chechchiyute
14723	-12.141727	😷
14724	-12.141733	どう
14725	-12.141744	▁ఉందా
14726	-12.141789	▁വായിച്ച
14727	-12.141792	▁వెరీ
14728	-12.141794	▁வருது
14729	-12.141805	▁కొత్త
14730	-12.141837	▁commute
14731	-12.141848	▁dyans
14732	-12.141897	ходи
14733	-12.141906	▁ब्ल
14734	-12.142001	▁കിടു
14735	-12.142279	incidents
14736	-12.142358	▁пидар
14737	-12.142768	▁grind
14738	-12.144890	template
14739	-12.145179	scientific
14740	-12.145746	piece
14741	-12.146317	ಿರಲಿ
14742	-12.147912	immigrati
14743	-12.147919	▁кирәк
14744	-12.147920	▁definitive
14745	-12.147920	▁grammatical
14746	-12.147920	▁फिल्म
14747	-12.147920	▁बच्चों
14748	-12.147920	情
14749	-12.147921	▁pertinent
14750	-12.147921	▁ಉಗ್ರ
14751	-12.147921	▁ಬೋಸುಡಿ
14752	-12.147921	キ
14753	-12.147925	▁dispatch
14754	-12.147927	▁injuries
14755	-12.147930	▁abstract
14756	-12.147935	▁zionist
14757	-12.147939	▁jerry
14758	-12.147955	▁diwali
14759	-12.147958	▁टूट
14760	-12.147963	▁kannadiga
14761	-12.147988	▁നടന്ന
14762	-12.148028	▁santosha
14763	-12.148246	▁villain
14764	-12.148436	ናንተ
14765	-12.149491	▁люб
14766	-12.150119	▁categoriz
14767	-12.151347	▁deposit
14768	-12.154043	🕊
14769	-12.154204	成
14770	-12.154204	政
14771	-12.154207	べ
14772	-12.154208	▁மேடம்
14773	-12.154208	▁ಅಧಿಕಾರ
14774	-12.154208	▁പ്രതീക്ഷ
14775	-12.154209	▁calendar
14776	-12.154209	▁yogyate
14777	-12.154209	▁भैंस
14778	-12.154209	▁मुंबई
14779	-12.154209	▁கண்டிப்பா
14780	-12.154210	▁దొంగ
14781	-12.154211	▁equity
14782	-12.154212	▁pledge
14783	-12.154213	▁automated
14784	-12.154214	▁deduction
14785	-12.154214	▁padathula
14786	-12.154215	▁würde
14787	-12.154215	▁सवाल
14788	-12.154224	▁acquire
14789	-12.154235	ദേശ
14790	-12.154241	▁isolated
14791	-12.154257	▁tehre
14792	-12.154263	▁അവസ്ഥ
14793	-12.154286	💚💚
14794	-12.154305	🙋‍♀️
14795	-12.154330	,,"_
14796	-12.154419	▁underlying
14797	-12.154690	▁mejor
14798	-12.156565	▁azhak
14799	-12.158123	popular
14800	-12.158331	jatakan
14801	-12.159720	▁മനസ
14802	-12.160530	南
14803	-12.160536	😯
14804	-12.160538	ஈ
14805	-12.160538	▁bombardier
14806	-12.160538	▁lanjoduka
14807	-12.160538	▁survivor
14808	-12.160538	▁मॉर्निंग
14809	-12.160538	▁మొత్తం
14810	-12.160538	❼
14811	-12.160540	▁പാർട്ടി
14812	-12.160541	▁fiasco
14813	-12.160542	▁così
14814	-12.160542	▁mandatory
14815	-12.160546	▁vaallha
14816	-12.160546	▁ವಾವ್
14817	-12.160580	ఆలస్యం
14818	-12.160641	▁లేకుండా
14819	-12.160645	▁struck
14820	-12.160646	▁jacob
14821	-12.160665	ديما
14822	-12.160797	geographical
14823	-12.161756	sufficiently
14824	-12.162866	ಪ್ರೇಮ
14825	-12.164664	involved
14826	-12.165386	willingness
14827	-12.165658	ubstantiated
14828	-12.166906	ኒ
14829	-12.166907	▁assyrian
14830	-12.166907	▁frustrating
14831	-12.166907	▁hockei
14832	-12.166907	▁वहां
14833	-12.166907	▁ಕಥೆ
14834	-12.166907	▁ಯೋಗ್ಯತೆ
14835	-12.166908	▁ridicule
14836	-12.166915	▁swift
14837	-12.166917	🤝🤝
14838	-12.166934	▁sikse
14839	-12.166952	కావటం
14840	-12.166965	▁jaisaa
14841	-12.166980	▁कपड़ा
14842	-12.167013	▁செய்வ
14843	-12.167563	▁retract
14844	-12.167577	▁abhinay
14845	-12.169721	ஞ
14846	-12.173310	ஃப
14847	-12.173312	现
14848	-12.173313	犯
14849	-12.173315	実
14850	-12.173318	▁execution
14851	-12.173318	▁stereotype
14852	-12.173318	▁taylor
14853	-12.173318	▁మొగుడు
14854	-12.173318	▁ಫ್ರೆಂಡ್
14855	-12.173320	▁tuesday
14856	-12.173323	cycling
14857	-12.173326	▁grief
14858	-12.173328	▁ಚನ್ನಾಗಿ
14859	-12.173329	▁nafrat
14860	-12.173331	😋😋
14861	-12.173349	പ്പോഴും
14862	-12.173466	ചാര
14863	-12.175266	கடவுள
14864	-12.176798	▁sollte
14865	-12.177536	ിലേക്ക്
14866	-12.178108	▁ஊம்ப
14867	-12.179760	党
14868	-12.179762	朝
14869	-12.179766	老
14870	-12.179768	教
14871	-12.179770	▁apartheid
14872	-12.179770	▁inclined
14873	-12.179770	▁obsession
14874	-12.179770	▁shubhashaya
14875	-12.179770	▁அப்புறம்
14876	-12.179770	▁முக்கியம்
14877	-12.179770	▁ఎర్రి
14878	-12.179770	✋
14879	-12.179770	ᴛ
14880	-12.179772	▁जहां
14881	-12.179779	▁endanger
14882	-12.179783	🤙🤙
14883	-12.179798	▁munnadi
14884	-12.179805	▁hijack
14885	-12.180330	▁smash
14886	-12.180544	▁ಮೇಲ
14887	-12.181263	▁malaysia
14888	-12.182256	accidentally
14889	-12.184529	religious
14890	-12.186257	比
14891	-12.186258	世
14892	-12.186263	▁cyprus
14893	-12.186263	▁enforcing
14894	-12.186263	▁lucifer
14895	-12.186263	▁scrutiny
14896	-12.186263	▁surrender
14897	-12.186263	▁सुरक्षा
14898	-12.186263	▁ವಯಸ್ಸ
14899	-12.186265	▁anthony
14900	-12.186267	▁applaud
14901	-12.186280	አብይ
14902	-12.186287	💦💦
14903	-12.186298	▁பெயர்
14904	-12.186374	😚
14905	-12.186442	▁boeing
14906	-12.186470	▁நைட்
14907	-12.186523	▁boast
14908	-12.186760	▁restrain
14909	-12.189401	respect
14910	-12.190230	inchuko
14911	-12.191288	sandbox
14912	-12.192764	☀
14913	-12.192795	🍧
14914	-12.192799	▁ఆమె
14915	-12.192799	▁ಕಣೋ
14916	-12.192801	▁सुबह
14917	-12.192801	loophole
14918	-12.192805	▁እንጂ
14919	-12.192808	▁bagundi
14920	-12.192810	aalasyan
14921	-12.192812	▁afternoon
14922	-12.192813	▁harvest
14923	-12.192825	🤍🤍
14924	-12.192826	▁sambhav
14925	-12.192830	▁martial
14926	-12.192880	▁discography
14927	-12.193357	semite
14928	-12.193781	▁tibet
14929	-12.198422	major
14930	-12.198440	▁styl
14931	-12.198510	علم
14932	-12.199217	♦
14933	-12.199375	⬛
14934	-12.199377	ā
14935	-12.199378	▁confederate
14936	-12.199378	▁introducing
14937	-12.199378	▁கல்யாணம்
14938	-12.199378	▁தளபதி
14939	-12.199378	▁మేడమ్
14940	-12.199380	fuckfuckfuck
14941	-12.199380	لبنان
14942	-12.199384	▁ብሎ
14943	-12.199389	▁thamizh
14944	-12.199408	▁actress
14945	-12.199414	▁അവളുടെ
14946	-12.199430	▁despise
14947	-12.200781	െന്താ
14948	-12.204480	▁deutsch
14949	-12.204797	భార్యాభర్తల
14950	-12.204807	follow
14951	-12.205667	product
14952	-12.206000	▁obsessed
14953	-12.206000	▁penkuttikal
14954	-12.206000	▁simplified
14955	-12.206000	▁रिपोर्ट
14956	-12.206000	▁விஜய்
14957	-12.206000	▁ఫేక్
14958	-12.206000	▁మెసేజ్
14959	-12.206000	▁ಶುಭಾಶಯಗಳು
14960	-12.206000	▁ಸ್ವಾಮಿ
14961	-12.206001	▁discretion
14962	-12.206001	▁svantham
14963	-12.206002	←
14964	-12.206002	😞😞
14965	-12.206008	▁sheriff
14966	-12.206012	▁warfare
14967	-12.206029	▁insanity
14968	-12.206090	▁பதிவு
14969	-12.206094	▁चांद
14970	-12.206208	▁ಒಳಗ
14971	-12.206672	spoiler
14972	-12.209064	misinterpret
14973	-12.211652	according
14974	-12.212661	相
14975	-12.212666	🧕
14976	-12.212667	కూడదు
14977	-12.212667	ፎ
14978	-12.212667	▁electorate
14979	-12.212667	▁ахмак
14980	-12.212667	▁एवं
14981	-12.212667	▁खत्म
14982	-12.212667	▁बर्बाद
14983	-12.212667	▁കലക്കി
14984	-12.212680	▁harbor
14985	-12.216033	نفس
14986	-12.218539	importance
14987	-12.218547	സൂപ്പർ
14988	-12.218620	content
14989	-12.219369	🙁
14990	-12.219370	接
14991	-12.219374	常
14992	-12.219376	部
14993	-12.219378	â
14994	-12.219378	▁convincing
14995	-12.219378	▁intimidate
14996	-12.219378	▁पहली
14997	-12.219378	▁भाभी
14998	-12.219378	▁ಹಿಂದೆ
14999	-12.219378	▁ചോദിക്ക
15000	-12.219378	▁ጠላት
15001	-12.219380	ቋ
15002	-12.219381	totalitarian
15003	-12.219407	💫💫
15004	-12.219419	▁sariyagi
15005	-12.219448	▁afterwards
15006	-12.219539	▁stalker
15007	-12.222707	▁alphabet
15008	-12.225495	important
15009	-12.225966	ത്തിനു
15010	-12.226126	👹
15011	-12.226130	必
15012	-12.226132	💎
15013	-12.226133	✔
15014	-12.226134	▁वर्ष
15015	-12.226135	ć
15016	-12.226135	▁challenging
15017	-12.226135	▁mathematics
15018	-12.226135	▁പോസ്റ്റ്‌
15019	-12.226136	▁gasoline
15020	-12.226136	▁uranium
15021	-12.226139	▁siempre
15022	-12.226142	▁happily
15023	-12.226143	▁histories
15024	-12.226147	▁abolish
15025	-12.226148	▁nipple
15026	-12.226148	▁testament
15027	-12.226150	▁अंधभक्त
15028	-12.226188	▁smooth
15029	-12.226195	▁жоп
15030	-12.226213	▁இருந்தாலும்
15031	-12.226415	▁shree
15032	-12.226735	▁பெத்த
15033	-12.227578	▁நிறைய
15034	-12.228112	▁себе
15035	-12.229474	▁ಮನಸ
15036	-12.231321	▁famili
15037	-12.232938	isunderstood
15038	-12.232938	▁нинди
15039	-12.232938	▁جبران
15040	-12.232938	▁ഭാര്യ
15041	-12.232939	▁transcript
15042	-12.232940	▁compelling
15043	-12.232943	▁einfach
15044	-12.232948	😓😓
15045	-12.232949	▁theoretical
15046	-12.232954	▁shield
15047	-12.232955	▁disclose
15048	-12.232962	▁debating
15049	-12.233015	▁ಸುಂದರ
15050	-12.233190	кэн
15051	-12.236384	ñ
15052	-12.238621	▁literal
15053	-12.239520	develop
15054	-12.239532	business
15055	-12.239764	💠
15056	-12.239784	味
15057	-12.239786	😟
15058	-12.239787	▁posrr‌
15059	-12.239787	▁నుంచి
15060	-12.239787	▁సిస్టర్
15061	-12.239787	▁ಅವಮಾನ
15062	-12.239787	▁കൊറോണ
15063	-12.239788	ο
15064	-12.239818	▁കേൾക്ക
15065	-12.239844	▁besharm
15066	-12.239907	▁extinct
15067	-12.239934	🦁
15068	-12.239959	▁दलाल
15069	-12.240151	▁austria
15070	-12.240269	▁klein
15071	-12.240273	▁responsibil
15072	-12.240713	▁divert
15073	-12.241312	▁chusuko
15074	-12.246613	european
15075	-12.246678	ニ
15076	-12.246682	ጁንታው
15077	-12.246683	▁hierarchy
15078	-12.246683	▁illiterate
15079	-12.246683	▁luxury
15080	-12.246683	▁portfolio
15081	-12.246683	▁surplus
15082	-12.246683	▁విదేశీయానం
15083	-12.246684	ץ
15084	-12.246684	▁రాజకీయ
15085	-12.246684	🤛
15086	-12.246686	🥿
15087	-12.246695	▁excited
15088	-12.246700	▁addicts
15089	-12.246707	▁licence
15090	-12.246734	▁டெ
15091	-12.246737	formatted
15092	-12.246743	▁തല്ലി
15093	-12.246834	▁overcome
15094	-12.246906	ाबाद
15095	-12.246968	▁barrier
15096	-12.247251	arbeit
15097	-12.249610	▁आवाज
15098	-12.253628	attythewhite
15099	-12.253628	⃝
15100	-12.253628	▁faculty
15101	-12.253628	▁können
15102	-12.253628	▁pregnancy
15103	-12.253628	▁गांव
15104	-12.253628	▁அரசியல்
15105	-12.253629	▁calculation
15106	-12.253629	▁sequence
15107	-12.253629	▁yerumai
15108	-12.253631	▁threw
15109	-12.253636	▁whistle
15110	-12.253647	▁interior
15111	-12.253648	🙊🙊
15112	-12.253659	▁kitchen
15113	-12.253688	▁essence
15114	-12.253742	historic
15115	-12.253771	▁कुमार
15116	-12.253846	▁skool
15117	-12.254331	▁contend
15118	-12.258665	haryabhartal
15119	-12.260605	文
15120	-12.260616	になる
15121	-12.260617	解
15122	-12.260619	パ
15123	-12.260619	😮
15124	-12.260621	ጥፋት
15125	-12.260621	▁juvenile
15126	-12.260621	▁supplied
15127	-12.260621	▁पत्थर
15128	-12.260621	▁बलात्कार
15129	-12.260621	▁शरीर
15130	-12.260621	▁हिन्दुओं
15131	-12.260621	►
15132	-12.260621	罪
15133	-12.260622	▁landlord
15134	-12.260629	qaeda
15135	-12.260636	▁competing
15136	-12.260639	▁hobby
15137	-12.260745	▁hudgi
15138	-12.260808	▁stunt
15139	-12.260953	possibly
15140	-12.260961	probably
15141	-12.262092	phrase
15142	-12.263284	subsequently
15143	-12.267653	目
15144	-12.267658	グ
15145	-12.267663	ideseeyaanam
15146	-12.267663	▁agriculture
15147	-12.267663	▁eliminating
15148	-12.267663	▁oligarch
15149	-12.267663	▁باسيل
15150	-12.267664	▁margaret
15151	-12.267664	▁thudangi
15152	-12.267665	▁knife
15153	-12.267668	▁fallacy
15154	-12.267673	▁fifth
15155	-12.267688	▁bhosada
15156	-12.267719	▁gourava
15157	-12.267732	ొద్దు
15158	-12.268201	experience
15159	-12.268578	dispute
15160	-12.269910	believers
15161	-12.270061	▁asuran
15162	-12.270984	▁berlin
15163	-12.271713	▁ತೆಗ
15164	-12.273911	aadaroo
15165	-12.273912	umbling
15166	-12.274747	把
15167	-12.274748	她
15168	-12.274753	🌃
15169	-12.274754	发
15170	-12.274755	▁dysfunction
15171	-12.274755	कृष्ण
15172	-12.274755	ጆ
15173	-12.274755	▁collaborate
15174	-12.274755	▁thursday
15175	-12.274755	▁मोहब्बत
15176	-12.274755	▁பையன்
15177	-12.274755	▁అరేయ్
15178	-12.274756	▁మొహం
15179	-12.274756	🌅
15180	-12.274757	▁thieves
15181	-12.274758	బంధ
15182	-12.274758	▁refusal
15183	-12.274759	ಸ್ಥಾನ
15184	-12.274761	▁debunk
15185	-12.274765	ుకుంటూ
15186	-12.274767	▁वक्त
15187	-12.274785	▁aukaat
15188	-12.274850	▁jaldi
15189	-12.277025	ാകും
15190	-12.281892	些
15191	-12.281898	▁ವ್ಯಕ್ತಿ
15192	-12.281898	着
15193	-12.281898	ፓ
15194	-12.281898	▁adjective
15195	-12.281898	▁மட்டுமே
15196	-12.281898	▁పెడితే
15197	-12.281898	▁ಸಾಧ್ಯ
15198	-12.281898	🏝️🏝️
15199	-12.281899	ـ
15200	-12.281899	▁gullible
15201	-12.281899	▁syntax
15202	-12.281900	▁💯❌
15203	-12.281901	▁ottoman
15204	-12.281901	▁tiktok
15205	-12.281901	▁tweak
15206	-12.281904	▁detriment
15207	-12.281904	ウ
15208	-12.281905	▁storage
15209	-12.281906	▁evaluation
15210	-12.281906	❣️❣️❣️❣️❣️❣️
15211	-12.281910	▁pehele
15212	-12.281946	▁crawl
15213	-12.281955	▁kandipa
15214	-12.281965	▁clerk
15215	-12.282014	▁തീർക്ക
15216	-12.282866	family
15217	-12.282873	billion
15218	-12.289092	▁advocacy
15219	-12.289092	▁arizona
15220	-12.289092	▁fairbanks
15221	-12.289092	▁sanskrit
15222	-12.289092	▁treasury
15223	-12.289092	▁அனைவரும்
15224	-12.289092	▁சகோதரி
15225	-12.289092	▁വേദന
15226	-12.289092	🤤
15227	-12.289093	▁яхшы
15228	-12.289095	▁fdfs
15229	-12.289096	nvestigating
15230	-12.289096	ちゃ
15231	-12.289097	▁brexit
15232	-12.289098	▁ನೋವು
15233	-12.289100	▁ರೇಪ್
15234	-12.289118	▁mankind
15235	-12.289140	🏤
15236	-12.289151	▁വിജയ
15237	-12.289269	పోతున్నా
15238	-12.289423	▁प्ल
15239	-12.289660	▁நடந்த
15240	-12.290259	jewish
15241	-12.290277	expert
15242	-12.294981	racteristics
15243	-12.295293	పూర్
15244	-12.296054	▁மாவட்ட
15245	-12.296336	哈
15246	-12.296337	ホ
15247	-12.296338	ُ
15248	-12.296339	hypothetical
15249	-12.296339	ጽ
15250	-12.296339	▁homicide
15251	-12.296339	▁कोशिश
15252	-12.296339	▁गिरफ्तार
15253	-12.296340	▁ಉತ್ತರ
15254	-12.296342	▁promising
15255	-12.296344	▁sarcastic
15256	-12.296353	⭐⭐
15257	-12.296378	▁പ്രണയ
15258	-12.296399	▁fleet
15259	-12.296586	▁утыр
15260	-12.297216	▁ربي
15261	-12.297488	▁cliff
15262	-12.297625	दर्श
15263	-12.300614	▁paadal
15264	-12.301163	etutt
15265	-12.302043	cumentation
15266	-12.302289	▁ರೋಗ
15267	-12.302996	ब्ब
15268	-12.303502	▁ಶಿಕ್ಷ
15269	-12.303628	報
15270	-12.303636	げ
15271	-12.303638	▁రిపోర్ట్
15272	-12.303638	ガ
15273	-12.303638	saskatchewan
15274	-12.303638	▁substantive
15275	-12.303638	▁कानून
15276	-12.303638	▁प्रणब
15277	-12.303638	▁എങ്കിലും
15278	-12.303638	▁ഏറ്റവും
15279	-12.303638	▁കുടുംബ
15280	-12.303639	▁devudia
15281	-12.303639	▁mammookka
15282	-12.303639	▁അവസാന
15283	-12.303642	▁indonesia
15284	-12.303648	▁hazard
15285	-12.303958	oncentration
15286	-12.304437	👹👹
15287	-12.305245	ஓ
15288	-12.305266	before
15289	-12.306337	▁लूट
15290	-12.310986	ナ
15291	-12.310986	山
15292	-12.310987	連
15293	-12.310991	heterosexual
15294	-12.310991	▁efficiency
15295	-12.310991	▁persecution
15296	-12.310991	▁если
15297	-12.310991	▁அண்ணன்
15298	-12.310991	▁தேவதை
15299	-12.310991	▁ಬೆತ್ತಲೆ
15300	-12.310991	▁ዛሬ
15301	-12.310992	▁udyoga
15302	-12.310992	▁ज्ञान
15303	-12.310992	▁తండ్రి
15304	-12.310993	▁declining
15305	-12.310993	▁శ్రీ
15306	-12.310994	▁migration
15307	-12.310996	▁nominating
15308	-12.310999	▁pleasant
15309	-12.311003	▁militant
15310	-12.311005	▁తగ్గ
15311	-12.311006	▁అభి
15312	-12.311130	▁verdad
15313	-12.311785	▁pearl
15314	-12.312139	abaradu
15315	-12.314387	ೋದಿಲ್ಲ
15316	-12.318011	nappudu
15317	-12.318393	原
15318	-12.318394	找
15319	-12.318394	꧂
15320	-12.318397	ょ
15321	-12.318398	arvantaryami
15322	-12.318398	▁bureaucracy
15323	-12.318398	▁convenience
15324	-12.318398	▁español
15325	-12.318398	▁regulator
15326	-12.318398	▁singapore
15327	-12.318398	▁sympathize
15328	-12.318398	▁விவசாய
15329	-12.318398	▁దేవుడు
15330	-12.318398	▁మళ్ళీ
15331	-12.318399	ಜ್ಞ
15332	-12.318399	▁journey
15333	-12.318400	🎂🎂
15334	-12.318403	ಿದ್ದಾನೆ
15335	-12.318405	▁unemployed
15336	-12.318406	▁vulgar
15337	-12.318410	▁vasthram
15338	-12.318413	▁будет
15339	-12.318417	▁hardcore
15340	-12.318417	▁ತುಣ್ಣಿ
15341	-12.318419	▁liquid
15342	-12.318430	▁eternal
15343	-12.318433	▁helmet
15344	-12.318480	▁खिला
15345	-12.319338	▁பார்ப்ப
15346	-12.320431	sockpuppet
15347	-12.320492	western
15348	-12.324442	▁ബ്ര
15349	-12.325851	信
15350	-12.325855	害
15351	-12.325860	立
15352	-12.325861	ኦሮሞ
15353	-12.325861	▁inequality
15354	-12.325861	▁thonnunnu
15355	-12.325861	▁बेरोजगार
15356	-12.325861	▁वैसे
15357	-12.325861	▁கேவலமா
15358	-12.325861	▁வில்லீ
15359	-12.325861	▁వచ్చే
15360	-12.325861	▁ಒಳ್ಳೇ
15361	-12.325861	▁ಸರಕಾರ
15362	-12.325861	受
15363	-12.325861	因
15364	-12.325862	▁గుర్తు
15365	-12.325864	▁carolina
15366	-12.325864	▁ಕೊರೋನ
15367	-12.325865	▁gardner
15368	-12.325868	▁தெரு
15369	-12.325877	▁assignment
15370	-12.325884	вакыт
15371	-12.325887	▁najir
15372	-12.325900	▁lousy
15373	-12.325927	▁खरीद
15374	-12.325955	🌋
15375	-12.326374	infringement
15376	-12.328146	discussion
15377	-12.329440	skinned
15378	-12.330564	ophile
15379	-12.332498	ంటున్న
15380	-12.333370	支
15381	-12.333380	ã
15382	-12.333380	▁accommodate
15383	-12.333380	▁chemistry
15384	-12.333380	▁competitor
15385	-12.333380	▁lanjakoduku
15386	-12.333380	▁कंगना
15387	-12.333380	▁అలియాస్
15388	-12.333380	▁വസ്ത്രം
15389	-12.333381	ï
15390	-12.333381	🤟
15391	-12.333382	▁പുതിയ
15392	-12.333383	▁aaliaas
15393	-12.333384	▁unsupported
15394	-12.333388	▁kaappaan
15395	-12.333399	▁ಜಗತ್ತ
15396	-12.333420	▁mafia
15397	-12.333489	▁ronald
15398	-12.333603	▁ನಾಯಕ
15399	-12.333680	▁inventor
15400	-12.333681	▁gupta
15401	-12.335415	▁час
15402	-12.338918	அதிக
15403	-12.340911	▁అబ్బా
15404	-12.340951	河南
15405	-12.340951	発
15406	-12.340955	ø
15407	-12.340956	ъ
15408	-12.340956	▁earthquake
15409	-12.340956	▁egregious
15410	-12.340956	▁செருப்பு
15411	-12.340956	▁ప్రాణ
15412	-12.340957	▁గొప్ప
15413	-12.340958	▁lebanon
15414	-12.340958	▁suffice
15415	-12.340970	▁mumbai
15416	-12.340970	▁यदि
15417	-12.340981	▁collins
15418	-12.340981	▁dominant
15419	-12.340985	▁सड़क
15420	-12.341025	▁knob
15421	-12.341083	▁conquer
15422	-12.341245	🎆
15423	-12.341361	▁diplomatic
15424	-12.342911	ають
15425	-12.343603	▁genital
15426	-12.348585	万
15427	-12.348590	ρ
15428	-12.348670	🌠
15429	-12.356273	时
15430	-12.356276	🦜
15431	-12.356278	🍼
15432	-12.356280	口
15433	-12.356280	直
15434	-12.356281	æ
15435	-12.356281	ً
15436	-12.356281	♣
15437	-12.356282	ダ
15438	-12.356285	σ
15439	-12.364024	使
15440	-12.364027	打
15441	-12.364029	良
15442	-12.364030	怎
15443	-12.364038	🍃
15444	-12.371843	書
15445	-12.371843	觉
15446	-12.371846	ಃ
15447	-12.371965	💌
15448	-12.379706	✤
15449	-12.379719	ぞ
15450	-12.379720	オ
15451	-12.379721	§
15452	-12.387580	ዚ
15453	-12.387656	ሐ
15454	-12.387656	笑
15455	-12.387657	🇪
15456	-12.395647	🖐
15457	-12.395649	给
15458	-12.395652	゚
15459	-12.395658	戦
15460	-12.395662	後
15461	-12.395790	😻
15462	-12.403713	保
15463	-12.403718	基
15464	-12.411847	婚
15465	-12.411847	👺
15466	-12.411850	ν
15467	-12.411852	š
15468	-12.420042	取
15469	-12.420044	先
15470	-12.420045	👑
15471	-12.420048	ቼ
15472	-12.420049	┊
15473	-12.420056	█
15474	-12.425372	ሲ
15475	-12.428302	族
15476	-12.428305	果
15477	-12.428306	如
15478	-12.428307	🕋
15479	-12.428308	ブ
15480	-12.428310	🙉
15481	-12.428311	ॅ
15482	-12.428311	ሠ
15483	-12.428313	関
15484	-12.428316	ፃ
15485	-12.436641	サ
15486	-12.436641	件
15487	-12.436646	å
15488	-12.436646	🍭
15489	-12.436647	🗣
15490	-12.436648	┻
15491	-12.436651	違
15492	-12.445048	ጊ
15493	-12.445049	🤞
15494	-12.445054	☯
15495	-12.453517	❥
15496	-12.453518	デ
15497	-12.453520	呢
15498	-12.453521	悪
15499	-12.453526	問
15500	-12.460002	ஏ
15501	-12.462066	社
15502	-12.462066	该
15503	-12.462070	♫
15504	-12.462072	ς
15505	-12.470679	🍋
15506	-12.470683	三
15507	-12.470688	ツ
15508	-12.470688	身
15509	-12.470692	ኃ
15510	-12.470692	ፖ
15511	-12.470698	🕯
15512	-12.479380	モ
15513	-12.479380	活
15514	-12.479385	白
15515	-12.479387	ቄ
15516	-12.488159	─
15517	-12.497010	꧁
15518	-12.505075	ഓ
15519	-12.505938	ፕ
15520	-12.505939	🍂
15521	-12.514326	ఉ
15522	-12.514932	而
15523	-12.514939	无
15524	-12.514940	ネ
15525	-12.514944	ぎ
15526	-12.514944	问
15527	-12.524026	但
15528	-12.524033	爱
15529	-12.524035	別
15530	-12.524035	流
15531	-12.524036	👯
15532	-12.524037	考
15533	-12.524214	🌌
15534	-12.524639	🥑
15535	-12.533204	鮮
15536	-12.533211	೯
15537	-12.533246	➡
15538	-12.542459	又
15539	-12.542465	ビ
15540	-12.542466	水
15541	-12.542469	食
15542	-12.542469	😵
15543	-12.542470	👆
15544	-12.542471	ቷ
15545	-12.542471	員
15546	-12.542618	♠
15547	-12.542639	ഈ
15548	-12.551806	次
15549	-12.551810	差
15550	-12.551811	界
15551	-12.551814	见
15552	-12.551816	病
15553	-12.551816	🙇
15554	-12.561240	ャ
15555	-12.561248	表
15556	-12.561248	選
15557	-12.561249	ケ
15558	-12.561251	€
15559	-12.561265	▀
15560	-12.570615	✍
15561	-12.570757	⭕
15562	-12.570767	制
15563	-12.570771	像
15564	-12.570774	平
15565	-12.570774	🥲
15566	-12.580379	業
15567	-12.580382	美
15568	-12.580385	开
15569	-12.580387	場
15570	-12.580389	🚫
15571	-12.590082	其
15572	-12.590091	域
15573	-12.590094	喜
15574	-12.590096	哪
15575	-12.590096	奴
15576	-12.590096	几
15577	-12.590098	λ
15578	-12.590099	題
15579	-12.590100	ぁ
15580	-12.591655	ಒ
15581	-12.599890	放
15582	-12.599897	经
15583	-12.599901	î
15584	-12.599901	应
15585	-12.599905	近
15586	-12.609794	权
15587	-12.609818	🍊
15588	-12.610092	🎄
15589	-12.619797	共
15590	-12.619798	洲
15591	-12.619800	等
15592	-12.619803	υ
15593	-12.619803	ዞ
15594	-12.629874	👫
15595	-12.629905	結
15596	-12.639883	ù
15597	-12.640019	👩
15598	-12.640097	加
15599	-12.640100	区
15600	-12.640101	工
15601	-12.640103	系
15602	-12.640105	む
15603	-12.640107	向
15604	-12.640109	友
15605	-12.640114	ソ
15606	-12.650413	跟
15607	-12.650417	ጤ
15608	-12.650419	記
15609	-12.660827	🎂
15610	-12.660829	ì
15611	-12.660832	❍
15612	-12.660833	ş
15613	-12.660833	题
15614	-12.660834	ኤ
15615	-12.660835	啥
15616	-12.660835	🐸
15617	-12.660837	付
15618	-12.660837	変
15619	-12.660852	🐟
15620	-12.671352	込
15621	-12.671353	ィ
15622	-12.671356	🦚
15623	-12.671449	🤑
15624	-12.681885	💤
15625	-12.681981	┈
15626	-12.681992	権
15627	-12.681993	特
15628	-12.681996	由
15629	-12.681998	江
15630	-12.692740	让
15631	-12.692742	産
15632	-12.692744	🍨
15633	-12.692745	欢
15634	-12.692746	ハ
15635	-12.703463	☹
15636	-12.703613	野
15637	-12.703617	ポ
15638	-12.703619	♪
15639	-12.703621	🍸
15640	-12.703623	止
15641	-12.714607	结
15642	-12.714610	೦
15643	-12.714610	„
15644	-12.714613	ʙ
15645	-12.714710	🤯
15646	-12.725714	再
15647	-12.725719	论
15648	-12.725720	現
15649	-12.725720	🥶
15650	-12.725721	ॐ
15651	-12.726471	🌍
15652	-12.731662	‘
15653	-12.736955	引
15654	-12.736955	👰
15655	-12.736956	κ
15656	-12.736960	聞
15657	-12.748283	🔴
15658	-12.748315	越
15659	-12.748316	做
15660	-12.748316	完
15661	-12.748317	🍈
15662	-12.748321	ळ
15663	-12.748322	🏹
15664	-12.748332	💅
15665	-12.759756	♨
15666	-12.759806	省
15667	-12.759809	神
15668	-12.759811	住
15669	-12.759811	🍅
15670	-12.759812	☞
15671	-12.759812	嫌
15672	-12.759812	确
15673	-12.759813	俺
15674	-12.759815	✿
15675	-12.771417	😦
15676	-12.771429	ͫ
15677	-12.771435	集
15678	-12.771439	🎵
15679	-12.771440	存
15680	-12.771442	❓
15681	-12.771443	●
15682	-12.771443	ュ
15683	-12.779089	ಏ
15684	-12.783199	売
15685	-12.783203	👸
15686	-12.783204	判
15687	-12.783206	利
15688	-12.794951	🕉
15689	-12.795102	強
15690	-12.795106	已
15691	-12.795109	©
15692	-12.795109	算
15693	-12.795109	认
15694	-12.795111	͡
15695	-12.795111	ᴄ
15696	-12.795111	期
15697	-12.795112	✈
15698	-12.795115	才
15699	-12.795115	🧚
15700	-12.795130	▄
15701	-12.807154	市
15702	-12.807155	👥
15703	-12.807159	候
15704	-12.807160	ኋ
15705	-12.807161	孩
15706	-12.807163	✝
15707	-12.819350	公
15708	-12.819351	交
15709	-12.819352	普
15710	-12.819353	決
15711	-12.819356	ङ
15712	-12.819356	钱
15713	-12.819358	μ
15714	-12.819361	確
15715	-12.819365	🥒
15716	-12.828776	ఏ
15717	-12.831689	🍵
15718	-12.831693	ズ
15719	-12.831697	更
15720	-12.831701	ኘ
15721	-12.831707	論
15722	-12.831870	🥕
15723	-12.838507	ء
15724	-12.844186	ピ
15725	-12.844195	ベ
15726	-12.844196	】
15727	-12.844197	η
15728	-12.844198	⚡
15729	-12.844201	之
15730	-12.854526	ഉ
15731	-12.856853	字
15732	-12.856855	叫
15733	-12.856859	😼
15734	-12.856859	🦧
15735	-12.856860	ɢ
15736	-12.856991	🐶
15737	-12.869664	━
15738	-12.869673	位
15739	-12.869673	率
15740	-12.869674	谁
15741	-12.869676	馬
15742	-12.869678	【
15743	-12.869679	−
15744	-12.869679	エ
15745	-12.869681	😗
15746	-12.869683	ぐ
15747	-12.869687	▬
15748	-12.869694	❄
15749	-12.869722	░
15750	-12.882496	👁
15751	-12.882668	電
15752	-12.895816	警
15753	-12.895819	容
15754	-12.895824	議
15755	-12.895824	🎤
15756	-12.895824	🪓
15757	-12.895825	🐽
15758	-12.895825	🛌
15759	-12.895827	⃟
15760	-12.895827	❽
15761	-12.907263	ങ
15762	-12.909156	广
15763	-12.909158	求
15764	-12.909159	ௌ
15765	-12.909159	ሺ
15766	-12.909162	🥃
15767	-12.922660	育
15768	-12.922662	于
15769	-12.922667	ぱ
15770	-12.922669	増
15771	-12.922672	ë
15772	-12.922673	ꜱ
15773	-12.922674	🇩
15774	-12.922674	🐃
15775	-12.936363	落
15776	-12.936364	待
15777	-12.936366	任
15778	-12.936366	治
15779	-12.936367	动
15780	-12.936367	認
15781	-12.936368	🌧
15782	-12.936370	ሓ
15783	-12.936370	機
15784	-12.950255	失
15785	-12.950256	田
15786	-12.950258	关
15787	-12.950259	û
15788	-12.950259	ぜ
15789	-12.950260	ጸ
15790	-12.950261	π
15791	-12.950263	⓿
15792	-12.964334	切
15793	-12.964334	评
15794	-12.964341	仕
15795	-12.964342	δ
15796	-12.964344	č
15797	-12.964344	ጓ
15798	-12.964347	ざ
15799	-12.978604	韓
15800	-12.978621	🤎
15801	-12.978624	ご
15802	-12.978624	ゲ
15803	-12.978624	怕
15804	-12.978628	ボ
15805	-12.978628	🅰
15806	-12.978630	£
15807	-12.978630	💑
15808	-12.978631	×
15809	-12.978632	艾
15810	-12.993106	二
15811	-12.993115	初
15812	-12.993115	軍
15813	-12.993116	々
15814	-12.993117	第
15815	-12.993117	鹿
15816	-12.993119	半
15817	-12.993119	始
15818	-12.993122	ə
15819	-12.993123	消
15820	-12.993130	例
15821	-12.993131	🐾
15822	-13.007819	除
15823	-13.007820	拉
15824	-13.007822	提
15825	-13.007822	税
15826	-13.007824	空
15827	-13.007825	嫁
15828	-13.007827	十
15829	-13.007828	∇
15830	-13.007829	†
15831	-13.007829	配
15832	-13.007830	🎁
15833	-13.009564	ꭺ
15834	-13.022740	暴
15835	-13.022744	错
15836	-13.022745	月
15837	-13.022745	経
15838	-13.022747	难
15839	-13.022748	米
15840	-13.022756	🥊
15841	-13.025154	ఈ
15842	-13.037808	🇷
15843	-13.037889	団
15844	-13.037894	百
15845	-13.037894	長
15846	-13.037897	倒
15847	-13.037902	管
15848	-13.037905	௫
15849	-13.037907	ፁ
15850	-13.037907	倍
15851	-13.037910	❾
15852	-13.053279	ワ
15853	-13.053279	足
15854	-13.053280	号
15855	-13.053285	骂
15856	-13.053287	校
15857	-13.053287	音
15858	-13.053288	🇦
15859	-13.053289	ఠ
15860	-13.053289	ኙ
15861	-13.053290	ْ
15862	-13.068794	😧
15863	-13.068886	ゃ
15864	-13.068910	早
15865	-13.068912	它
15866	-13.068914	ሏ
15867	-13.068914	ጻ
15868	-13.068914	🩴
15869	-13.069122	🎈
15870	-13.084770	😨
15871	-13.084773	ョ
15872	-13.084777	望
15873	-13.084779	故
15874	-13.084785	限
15875	-13.084786	建
15876	-13.084787	ఢ
15877	-13.084788	答
15878	-13.084789	ѕ
15879	-13.084789	滋
15880	-13.084791	🇺
15881	-13.089170	ಉ
15882	-13.100904	͢
15883	-13.100907	☔
15884	-13.100912	量
15885	-13.100912	长
15886	-13.100913	带
15887	-13.100914	居
15888	-13.100917	∆
15889	-13.100918	ヤ
15890	-13.100918	🪔
15891	-13.117274	☁
15892	-13.117303	进
15893	-13.117306	ぶ
15894	-13.117307	搞
15895	-13.117309	へ
15896	-13.117310	图
15897	-13.117310	🐍
15898	-13.117311	ی
15899	-13.117311	ፌ
15900	-13.117313	⚘
15901	-13.117314	☮
15902	-13.117316	左
15903	-13.133959	ጂ
15904	-13.133968	两
15905	-13.133969	ہ
15906	-13.133972	投
15907	-13.133972	板
15908	-13.133972	番
15909	-13.133976	۔
15910	-13.133977	®
15911	-13.133977	☪
15912	-13.133977	開
15913	-13.133978	💏
15914	-13.133984	案
15915	-13.150919	過
15916	-13.150920	京
15917	-13.150921	告
15918	-13.150923	🌶
15919	-13.150926	β
15920	-13.150927	ł
15921	-13.150927	🤵
15922	-13.150936	🔘
15923	-13.168070	🔷
15924	-13.168156	恋
15925	-13.168159	传
15926	-13.168159	画
15927	-13.168161	象
15928	-13.168163	血
15929	-13.168166	改
15930	-13.168167	¢
15931	-13.168167	ō
15932	-13.168167	―
15933	-13.168167	≈
15934	-13.168169	び
15935	-13.168169	語
15936	-13.168170	玩
15937	-13.168170	🍾
15938	-13.168174	🧟
15939	-13.185705	応
15940	-13.185706	混
15941	-13.185707	示
15942	-13.185710	係
15943	-13.185712	☆
15944	-13.185712	義
15945	-13.203550	🦯
15946	-13.203566	✓
15947	-13.240101	☘
15948	-13.240269	ሔ
15949	-13.240269	ኳ
15950	-13.317969	ゴ
15951	-13.317980	❻
15952	-13.327424	ಊ
15953	-13.330964	ஊ
15954	-13.352339	ஐ
15955	-13.352345	ఓ
15956	-13.374087	ഏ
15957	-13.402227	🇮
15958	-13.402236	❷
15959	-13.419010	́
15960	-13.470282	❣
15961	-13.470429	ヨ
15962	-13.494251	❶
15963	-13.515494	ಓ
15964	-13.518664	̩
15965	-13.518664	ஃ
15966	-13.543482	☠
15967	-13.595596	ጵ
15968	-13.595613	♻
15969	-13.650400	⛸
15970	-13.678915	ங
15971	-13.708224	⚔
15972	-13.738679	🇳
15973	-13.769939	❹
15974	-13.774032	ಐ
15975	-13.835526	河
15976	-13.953074	ఐ
15977	-14.062878	ഛ
15978	-14.249283	🏵
15979	-14.616999	❁
15980	-14.969492	🥝
15981	-15.079337	ञ
15982	-15.513819	己
15983	-15.713824	ಞ
15984	-17.795780	≫
15985	-17.795879	≪
15986	-17.795980	⚰
15987	-17.796080	✂
15988	-17.796181	🔶
15989	-17.796280	➗
15990	-17.796381	歧
15991	-17.796480	̅
15992	-17.796579	⚪
15993	-17.796680	什
15994	-17.796780	👨
15995	-17.796881	✳
15996	-17.796980	ऑ
15997	-17.797081	🏝
15998	-17.797180	̲
15999	-17.797180	❇
